id_municipio,municipio,dimensao,indicador,rotulo,unidade,ano,valor
5102504,Cáceres,D1,aberturas_por_1000_hab,Empresas abertas no ano por mil habitantes,por 1.000 hab.,2000,3.14
5102504,Cáceres,D1,aberturas_por_1000_hab,Empresas abertas no ano por mil habitantes,por 1.000 hab.,2001,3.02
5102504,Cáceres,D1,aberturas_por_1000_hab,Empresas abertas no ano por mil habitantes,por 1.000 hab.,2002,3.25
5102504,Cáceres,D1,aberturas_por_1000_hab,Empresas abertas no ano por mil habitantes,por 1.000 hab.,2003,2.78
5102504,Cáceres,D1,aberturas_por_1000_hab,Empresas abertas no ano por mil habitantes,por 1.000 hab.,2004,5.26
5102504,Cáceres,D1,aberturas_por_1000_hab,Empresas abertas no ano por mil habitantes,por 1.000 hab.,2005,2.35
5102504,Cáceres,D1,aberturas_por_1000_hab,Empresas abertas no ano por mil habitantes,por 1.000 hab.,2006,2.09
5102504,Cáceres,D1,aberturas_por_1000_hab,Empresas abertas no ano por mil habitantes,por 1.000 hab.,2007,2.83
5102504,Cáceres,D1,aberturas_por_1000_hab,Empresas abertas no ano por mil habitantes,por 1.000 hab.,2008,4.95
5102504,Cáceres,D1,aberturas_por_1000_hab,Empresas abertas no ano por mil habitantes,por 1.000 hab.,2009,2.86
5102504,Cáceres,D1,aberturas_por_1000_hab,Empresas abertas no ano por mil habitantes,por 1.000 hab.,2010,6.81
5102504,Cáceres,D1,aberturas_por_1000_hab,Empresas abertas no ano por mil habitantes,por 1.000 hab.,2011,7.1
5102504,Cáceres,D1,aberturas_por_1000_hab,Empresas abertas no ano por mil habitantes,por 1.000 hab.,2012,8.52
5102504,Cáceres,D1,aberturas_por_1000_hab,Empresas abertas no ano por mil habitantes,por 1.000 hab.,2013,8.72
5102504,Cáceres,D1,aberturas_por_1000_hab,Empresas abertas no ano por mil habitantes,por 1.000 hab.,2014,13.54
5102504,Cáceres,D1,aberturas_por_1000_hab,Empresas abertas no ano por mil habitantes,por 1.000 hab.,2015,10.32
5102504,Cáceres,D1,aberturas_por_1000_hab,Empresas abertas no ano por mil habitantes,por 1.000 hab.,2016,11.38
5102504,Cáceres,D1,aberturas_por_1000_hab,Empresas abertas no ano por mil habitantes,por 1.000 hab.,2017,10.16
5102504,Cáceres,D1,aberturas_por_1000_hab,Empresas abertas no ano por mil habitantes,por 1.000 hab.,2018,11.57
5102504,Cáceres,D1,aberturas_por_1000_hab,Empresas abertas no ano por mil habitantes,por 1.000 hab.,2019,12.98
5102504,Cáceres,D1,aberturas_por_1000_hab,Empresas abertas no ano por mil habitantes,por 1.000 hab.,2020,15.81
5102504,Cáceres,D1,aberturas_por_1000_hab,Empresas abertas no ano por mil habitantes,por 1.000 hab.,2021,15.31
5102504,Cáceres,D1,aberturas_por_1000_hab,Empresas abertas no ano por mil habitantes,por 1.000 hab.,2022,14.87
5102504,Cáceres,D1,aberturas_por_1000_hab,Empresas abertas no ano por mil habitantes,por 1.000 hab.,2023,14.36
5102504,Cáceres,D1,aberturas_por_1000_hab,Empresas abertas no ano por mil habitantes,por 1.000 hab.,2024,17.52
5102504,Cáceres,D1,aberturas_por_1000_hab,Empresas abertas no ano por mil habitantes,por 1.000 hab.,2025,18.93
5102504,Cáceres,D1,credito_real_brl,Crédito rural com recursos públicos,R$ de 2024,2013,123491222.88
5102504,Cáceres,D1,credito_real_brl,Crédito rural com recursos públicos,R$ de 2024,2014,158547716.09
5102504,Cáceres,D1,credito_real_brl,Crédito rural com recursos públicos,R$ de 2024,2015,154392535.34
5102504,Cáceres,D1,credito_real_brl,Crédito rural com recursos públicos,R$ de 2024,2016,101866930.72
5102504,Cáceres,D1,credito_real_brl,Crédito rural com recursos públicos,R$ de 2024,2017,158628041.44
5102504,Cáceres,D1,credito_real_brl,Crédito rural com recursos públicos,R$ de 2024,2018,194539854.23
5102504,Cáceres,D1,credito_real_brl,Crédito rural com recursos públicos,R$ de 2024,2019,100195812.86
5102504,Cáceres,D1,credito_real_brl,Crédito rural com recursos públicos,R$ de 2024,2020,175822955.28
5102504,Cáceres,D1,credito_real_brl,Crédito rural com recursos públicos,R$ de 2024,2021,191989942.12
5102504,Cáceres,D1,credito_real_brl,Crédito rural com recursos públicos,R$ de 2024,2022,182584197.46
5102504,Cáceres,D1,credito_real_brl,Crédito rural com recursos públicos,R$ de 2024,2023,189758902.91
5102504,Cáceres,D1,credito_real_brl,Crédito rural com recursos públicos,R$ de 2024,2024,196189543.8
5102504,Cáceres,D1,empregos_formais,Empregos formais,vínculos em 31/12,2000,6266
5102504,Cáceres,D1,empregos_formais,Empregos formais,vínculos em 31/12,2001,6303
5102504,Cáceres,D1,empregos_formais,Empregos formais,vínculos em 31/12,2002,7315
5102504,Cáceres,D1,empregos_formais,Empregos formais,vínculos em 31/12,2003,8753
5102504,Cáceres,D1,empregos_formais,Empregos formais,vínculos em 31/12,2004,9580
5102504,Cáceres,D1,empregos_formais,Empregos formais,vínculos em 31/12,2005,11018
5102504,Cáceres,D1,empregos_formais,Empregos formais,vínculos em 31/12,2006,11205
5102504,Cáceres,D1,empregos_formais,Empregos formais,vínculos em 31/12,2007,10906
5102504,Cáceres,D1,empregos_formais,Empregos formais,vínculos em 31/12,2008,11096
5102504,Cáceres,D1,empregos_formais,Empregos formais,vínculos em 31/12,2009,11764
5102504,Cáceres,D1,empregos_formais,Empregos formais,vínculos em 31/12,2010,11970
5102504,Cáceres,D1,empregos_formais,Empregos formais,vínculos em 31/12,2011,12530
5102504,Cáceres,D1,empregos_formais,Empregos formais,vínculos em 31/12,2012,12928
5102504,Cáceres,D1,empregos_formais,Empregos formais,vínculos em 31/12,2013,13462
5102504,Cáceres,D1,empregos_formais,Empregos formais,vínculos em 31/12,2014,14218
5102504,Cáceres,D1,empregos_formais,Empregos formais,vínculos em 31/12,2015,14491
5102504,Cáceres,D1,empregos_formais,Empregos formais,vínculos em 31/12,2016,14351
5102504,Cáceres,D1,empregos_formais,Empregos formais,vínculos em 31/12,2017,14022
5102504,Cáceres,D1,empregos_formais,Empregos formais,vínculos em 31/12,2018,14537
5102504,Cáceres,D1,empregos_formais,Empregos formais,vínculos em 31/12,2019,14952
5102504,Cáceres,D1,empregos_formais,Empregos formais,vínculos em 31/12,2020,14921
5102504,Cáceres,D1,empregos_formais,Empregos formais,vínculos em 31/12,2021,14949
5102504,Cáceres,D1,empregos_formais,Empregos formais,vínculos em 31/12,2022,16304
5102504,Cáceres,D1,empregos_formais,Empregos formais,vínculos em 31/12,2023,16123
5102504,Cáceres,D1,empregos_formais,Empregos formais,vínculos em 31/12,2024,16860
5102504,Cáceres,D1,empresas_ativas,Empresas ativas (CNPJ),estabelecimentos ativos,2026,9522
5102504,Cáceres,D1,empresas_ativas_por_1000_hab,Empresas ativas por mil habitantes,por 1.000 hab.,2026,103.8
5102504,Cáceres,D1,empresas_por_1000_hab,Empresas por mil habitantes,empresas por 1.000 hab.,2006,15.01
5102504,Cáceres,D1,empresas_por_1000_hab,Empresas por mil habitantes,empresas por 1.000 hab.,2007,17.44
5102504,Cáceres,D1,empresas_por_1000_hab,Empresas por mil habitantes,empresas por 1.000 hab.,2008,17.1
5102504,Cáceres,D1,empresas_por_1000_hab,Empresas por mil habitantes,empresas por 1.000 hab.,2009,17.35
5102504,Cáceres,D1,empresas_por_1000_hab,Empresas por mil habitantes,empresas por 1.000 hab.,2010,18.26
5102504,Cáceres,D1,empresas_por_1000_hab,Empresas por mil habitantes,empresas por 1.000 hab.,2011,18.81
5102504,Cáceres,D1,empresas_por_1000_hab,Empresas por mil habitantes,empresas por 1.000 hab.,2012,19.03
5102504,Cáceres,D1,empresas_por_1000_hab,Empresas por mil habitantes,empresas por 1.000 hab.,2013,18.1
5102504,Cáceres,D1,empresas_por_1000_hab,Empresas por mil habitantes,empresas por 1.000 hab.,2014,18.26
5102504,Cáceres,D1,empresas_por_1000_hab,Empresas por mil habitantes,empresas por 1.000 hab.,2015,18.28
5102504,Cáceres,D1,empresas_por_1000_hab,Empresas por mil habitantes,empresas por 1.000 hab.,2016,18.51
5102504,Cáceres,D1,empresas_por_1000_hab,Empresas por mil habitantes,empresas por 1.000 hab.,2017,18.36
5102504,Cáceres,D1,empresas_por_1000_hab,Empresas por mil habitantes,empresas por 1.000 hab.,2018,16.84
5102504,Cáceres,D1,empresas_por_1000_hab,Empresas por mil habitantes,empresas por 1.000 hab.,2019,18.25
5102504,Cáceres,D1,empresas_por_1000_hab,Empresas por mil habitantes,empresas por 1.000 hab.,2020,18.63
5102504,Cáceres,D1,empresas_por_1000_hab,Empresas por mil habitantes,empresas por 1.000 hab.,2021,19.41
5102504,Cáceres,D1,numero_empresas,Empresas formais,empresas,2006,1357
5102504,Cáceres,D1,numero_empresas,Empresas formais,empresas,2007,1468
5102504,Cáceres,D1,numero_empresas,Empresas formais,empresas,2008,1484
5102504,Cáceres,D1,numero_empresas,Empresas formais,empresas,2009,1514
5102504,Cáceres,D1,numero_empresas,Empresas formais,empresas,2010,1606
5102504,Cáceres,D1,numero_empresas,Empresas formais,empresas,2011,1663
5102504,Cáceres,D1,numero_empresas,Empresas formais,empresas,2012,1692
5102504,Cáceres,D1,numero_empresas,Empresas formais,empresas,2013,1623
5102504,Cáceres,D1,numero_empresas,Empresas formais,empresas,2014,1645
5102504,Cáceres,D1,numero_empresas,Empresas formais,empresas,2015,1655
5102504,Cáceres,D1,numero_empresas,Empresas formais,empresas,2016,1682
5102504,Cáceres,D1,numero_empresas,Empresas formais,empresas,2017,1676
5102504,Cáceres,D1,numero_empresas,Empresas formais,empresas,2018,1581
5102504,Cáceres,D1,numero_empresas,Empresas formais,empresas,2019,1722
5102504,Cáceres,D1,numero_empresas,Empresas formais,empresas,2020,1767
5102504,Cáceres,D1,numero_empresas,Empresas formais,empresas,2021,1851
5102504,Cáceres,D1,perc_superior,Empregados formais com ensino superior,%,2006,20.1963409192325
5102504,Cáceres,D1,perc_superior,Empregados formais com ensino superior,%,2007,19.7872730607005
5102504,Cáceres,D1,perc_superior,Empregados formais com ensino superior,%,2008,18.5201874549387
5102504,Cáceres,D1,perc_superior,Empregados formais com ensino superior,%,2009,18.3356001360082
5102504,Cáceres,D1,perc_superior,Empregados formais com ensino superior,%,2010,19.264828738513
5102504,Cáceres,D1,perc_superior,Empregados formais com ensino superior,%,2011,19.0582601755786
5102504,Cáceres,D1,perc_superior,Empregados formais com ensino superior,%,2012,20.1500618811881
5102504,Cáceres,D1,perc_superior,Empregados formais com ensino superior,%,2013,20.665577180211
5102504,Cáceres,D1,perc_superior,Empregados formais com ensino superior,%,2014,21.7822478548319
5102504,Cáceres,D1,perc_superior,Empregados formais com ensino superior,%,2015,23.2282106134842
5102504,Cáceres,D1,perc_superior,Empregados formais com ensino superior,%,2016,26.2908508117901
5102504,Cáceres,D1,perc_superior,Empregados formais com ensino superior,%,2017,27.7849094280417
5102504,Cáceres,D1,perc_superior,Empregados formais com ensino superior,%,2018,28.1970145146867
5102504,Cáceres,D1,perc_superior,Empregados formais com ensino superior,%,2019,27.247191011236
5102504,Cáceres,D1,perc_superior,Empregados formais com ensino superior,%,2020,30.2794718852624
5102504,Cáceres,D1,perc_superior,Empregados formais com ensino superior,%,2021,21.5332129239414
5102504,Cáceres,D1,perc_superior,Empregados formais com ensino superior,%,2022,22.5527477919529
5102504,Cáceres,D1,perc_superior,Empregados formais com ensino superior,%,2023,33.9701048192024
5102504,Cáceres,D1,perc_superior,Empregados formais com ensino superior,%,2024,34.3890865954923
5102504,Cáceres,D1,pib_pc_rel_mt,PIB per capita em relação a MT,índice (100 = média de MT),2002,55.1
5102504,Cáceres,D1,pib_pc_rel_mt,PIB per capita em relação a MT,índice (100 = média de MT),2003,49.1
5102504,Cáceres,D1,pib_pc_rel_mt,PIB per capita em relação a MT,índice (100 = média de MT),2004,44
5102504,Cáceres,D1,pib_pc_rel_mt,PIB per capita em relação a MT,índice (100 = média de MT),2005,50.1
5102504,Cáceres,D1,pib_pc_rel_mt,PIB per capita em relação a MT,índice (100 = média de MT),2006,58.9
5102504,Cáceres,D1,pib_pc_rel_mt,PIB per capita em relação a MT,índice (100 = média de MT),2007,57.8
5102504,Cáceres,D1,pib_pc_rel_mt,PIB per capita em relação a MT,índice (100 = média de MT),2008,53.9
5102504,Cáceres,D1,pib_pc_rel_mt,PIB per capita em relação a MT,índice (100 = média de MT),2009,52.8
5102504,Cáceres,D1,pib_pc_rel_mt,PIB per capita em relação a MT,índice (100 = média de MT),2010,54.6
5102504,Cáceres,D1,pib_pc_rel_mt,PIB per capita em relação a MT,índice (100 = média de MT),2011,51
5102504,Cáceres,D1,pib_pc_rel_mt,PIB per capita em relação a MT,índice (100 = média de MT),2012,49.1
5102504,Cáceres,D1,pib_pc_rel_mt,PIB per capita em relação a MT,índice (100 = média de MT),2013,47.6
5102504,Cáceres,D1,pib_pc_rel_mt,PIB per capita em relação a MT,índice (100 = média de MT),2014,50.2
5102504,Cáceres,D1,pib_pc_rel_mt,PIB per capita em relação a MT,índice (100 = média de MT),2015,52.2
5102504,Cáceres,D1,pib_pc_rel_mt,PIB per capita em relação a MT,índice (100 = média de MT),2016,50.4
5102504,Cáceres,D1,pib_pc_rel_mt,PIB per capita em relação a MT,índice (100 = média de MT),2017,52.5
5102504,Cáceres,D1,pib_pc_rel_mt,PIB per capita em relação a MT,índice (100 = média de MT),2018,50.3
5102504,Cáceres,D1,pib_pc_rel_mt,PIB per capita em relação a MT,índice (100 = média de MT),2019,49.7
5102504,Cáceres,D1,pib_pc_rel_mt,PIB per capita em relação a MT,índice (100 = média de MT),2020,42.5
5102504,Cáceres,D1,pib_pc_rel_mt,PIB per capita em relação a MT,índice (100 = média de MT),2021,36.3
5102504,Cáceres,D1,pib_pc_rel_mt,PIB per capita em relação a MT,índice (100 = média de MT),2022,37.5
5102504,Cáceres,D1,pib_pc_rel_mt,PIB per capita em relação a MT,índice (100 = média de MT),2023,41.8
5102504,Cáceres,D1,pib_real,PIB real,R$ mil de 2024,2002,1649945.34
5102504,Cáceres,D1,pib_real,PIB real,R$ mil de 2024,2003,1787084.38
5102504,Cáceres,D1,pib_real,PIB real,R$ mil de 2024,2004,1842051.27
5102504,Cáceres,D1,pib_real,PIB real,R$ mil de 2024,2005,1997233.61
5102504,Cáceres,D1,pib_real,PIB real,R$ mil de 2024,2006,1963550.34
5102504,Cáceres,D1,pib_real,PIB real,R$ mil de 2024,2007,2088915.02
5102504,Cáceres,D1,pib_real,PIB real,R$ mil de 2024,2008,2306335.77
5102504,Cáceres,D1,pib_real,PIB real,R$ mil de 2024,2009,2233100.63
5102504,Cáceres,D1,pib_real,PIB real,R$ mil de 2024,2010,2280824.69
5102504,Cáceres,D1,pib_real,PIB real,R$ mil de 2024,2011,2384621.19
5102504,Cáceres,D1,pib_real,PIB real,R$ mil de 2024,2012,2430207.59
5102504,Cáceres,D1,pib_real,PIB real,R$ mil de 2024,2013,2423692.65
5102504,Cáceres,D1,pib_real,PIB real,R$ mil de 2024,2014,2667286.19
5102504,Cáceres,D1,pib_real,PIB real,R$ mil de 2024,2015,2713201.74
5102504,Cáceres,D1,pib_real,PIB real,R$ mil de 2024,2016,2769503.56
5102504,Cáceres,D1,pib_real,PIB real,R$ mil de 2024,2017,2829296.01
5102504,Cáceres,D1,pib_real,PIB real,R$ mil de 2024,2018,2813658
5102504,Cáceres,D1,pib_real,PIB real,R$ mil de 2024,2019,2734762.8
5102504,Cáceres,D1,pib_real,PIB real,R$ mil de 2024,2020,2745126.82
5102504,Cáceres,D1,pib_real,PIB real,R$ mil de 2024,2021,2690660.52
5102504,Cáceres,D1,pib_real,PIB real,R$ mil de 2024,2022,2571221.3
5102504,Cáceres,D1,pib_real,PIB real,R$ mil de 2024,2023,2909785.79
5102504,Cáceres,D1,pib_real_pc,PIB per capita real,R$ de 2024 por habitante,2002,19615.34
5102504,Cáceres,D1,pib_real_pc,PIB per capita real,R$ de 2024 por habitante,2003,20956.97
5102504,Cáceres,D1,pib_real_pc,PIB per capita real,R$ de 2024 por habitante,2004,21002.08
5102504,Cáceres,D1,pib_real_pc,PIB per capita real,R$ de 2024 por habitante,2005,22427.22
5102504,Cáceres,D1,pib_real_pc,PIB per capita real,R$ de 2024 por habitante,2006,21722.86
5102504,Cáceres,D1,pib_real_pc,PIB per capita real,R$ de 2024 por habitante,2007,24816.33
5102504,Cáceres,D1,pib_real_pc,PIB per capita real,R$ de 2024 por habitante,2008,26569.15
5102504,Cáceres,D1,pib_real_pc,PIB per capita real,R$ de 2024 por habitante,2009,25591.06
5102504,Cáceres,D1,pib_real_pc,PIB per capita real,R$ de 2024 por habitante,2010,25935.55
5102504,Cáceres,D1,pib_real_pc,PIB per capita real,R$ de 2024 por habitante,2011,26966.82
5102504,Cáceres,D1,pib_real_pc,PIB per capita real,R$ de 2024 por habitante,2012,27337.35
5102504,Cáceres,D1,pib_real_pc,PIB per capita real,R$ de 2024 por habitante,2013,27025.11
5102504,Cáceres,D1,pib_real_pc,PIB per capita real,R$ de 2024 por habitante,2014,29601.65
5102504,Cáceres,D1,pib_real_pc,PIB per capita real,R$ de 2024 por habitante,2015,29974.17
5102504,Cáceres,D1,pib_real_pc,PIB per capita real,R$ de 2024 por habitante,2016,30473.95
5102504,Cáceres,D1,pib_real_pc,PIB per capita real,R$ de 2024 por habitante,2017,30998.85
5102504,Cáceres,D1,pib_real_pc,PIB per capita real,R$ de 2024 por habitante,2018,29970.15
5102504,Cáceres,D1,pib_real_pc,PIB per capita real,R$ de 2024 por habitante,2019,28977.32
5102504,Cáceres,D1,pib_real_pc,PIB per capita real,R$ de 2024 por habitante,2020,28938.43
5102504,Cáceres,D1,pib_real_pc,PIB per capita real,R$ de 2024 por habitante,2021,28222.05
5102504,Cáceres,D1,pib_real_pc,PIB per capita real,R$ de 2024 por habitante,2022,28670.76
5102504,Cáceres,D1,pib_real_pc,PIB per capita real,R$ de 2024 por habitante,2023,32445.96
5102504,Cáceres,D1,rebanho_bovino,Rebanho bovino,cabeças,2000,636517
5102504,Cáceres,D1,rebanho_bovino,Rebanho bovino,cabeças,2001,710000
5102504,Cáceres,D1,rebanho_bovino,Rebanho bovino,cabeças,2002,735756
5102504,Cáceres,D1,rebanho_bovino,Rebanho bovino,cabeças,2003,892348
5102504,Cáceres,D1,rebanho_bovino,Rebanho bovino,cabeças,2004,943577
5102504,Cáceres,D1,rebanho_bovino,Rebanho bovino,cabeças,2005,995076
5102504,Cáceres,D1,rebanho_bovino,Rebanho bovino,cabeças,2006,932083
5102504,Cáceres,D1,rebanho_bovino,Rebanho bovino,cabeças,2007,832292
5102504,Cáceres,D1,rebanho_bovino,Rebanho bovino,cabeças,2008,823804
5102504,Cáceres,D1,rebanho_bovino,Rebanho bovino,cabeças,2009,794858
5102504,Cáceres,D1,rebanho_bovino,Rebanho bovino,cabeças,2010,883259
5102504,Cáceres,D1,rebanho_bovino,Rebanho bovino,cabeças,2011,887323
5102504,Cáceres,D1,rebanho_bovino,Rebanho bovino,cabeças,2012,920179
5102504,Cáceres,D1,rebanho_bovino,Rebanho bovino,cabeças,2013,980953
5102504,Cáceres,D1,rebanho_bovino,Rebanho bovino,cabeças,2014,1024196
5102504,Cáceres,D1,rebanho_bovino,Rebanho bovino,cabeças,2015,1083531
5102504,Cáceres,D1,rebanho_bovino,Rebanho bovino,cabeças,2016,1113134
5102504,Cáceres,D1,rebanho_bovino,Rebanho bovino,cabeças,2017,1073531
5102504,Cáceres,D1,rebanho_bovino,Rebanho bovino,cabeças,2018,1096403
5102504,Cáceres,D1,rebanho_bovino,Rebanho bovino,cabeças,2019,1113131
5102504,Cáceres,D1,rebanho_bovino,Rebanho bovino,cabeças,2020,1125557
5102504,Cáceres,D1,rebanho_bovino,Rebanho bovino,cabeças,2021,1161605
5102504,Cáceres,D1,rebanho_bovino,Rebanho bovino,cabeças,2022,1274041
5102504,Cáceres,D1,rebanho_bovino,Rebanho bovino,cabeças,2023,1399931
5102504,Cáceres,D1,rebanho_bovino,Rebanho bovino,cabeças,2024,1365224
5102504,Cáceres,D1,remun_real_media,Remuneração média real,R$ de 2024 por mês,2002,1739.28
5102504,Cáceres,D1,remun_real_media,Remuneração média real,R$ de 2024 por mês,2003,1977.03
5102504,Cáceres,D1,remun_real_media,Remuneração média real,R$ de 2024 por mês,2004,2360.04
5102504,Cáceres,D1,remun_real_media,Remuneração média real,R$ de 2024 por mês,2005,2527.45
5102504,Cáceres,D1,remun_real_media,Remuneração média real,R$ de 2024 por mês,2006,2835.96
5102504,Cáceres,D1,remun_real_media,Remuneração média real,R$ de 2024 por mês,2007,2853.57
5102504,Cáceres,D1,remun_real_media,Remuneração média real,R$ de 2024 por mês,2008,2921.45
5102504,Cáceres,D1,remun_real_media,Remuneração média real,R$ de 2024 por mês,2009,3074.76
5102504,Cáceres,D1,remun_real_media,Remuneração média real,R$ de 2024 por mês,2010,3272.27
5102504,Cáceres,D1,remun_real_media,Remuneração média real,R$ de 2024 por mês,2011,3251.94
5102504,Cáceres,D1,remun_real_media,Remuneração média real,R$ de 2024 por mês,2012,3323.71
5102504,Cáceres,D1,remun_real_media,Remuneração média real,R$ de 2024 por mês,2013,3420.57
5102504,Cáceres,D1,remun_real_media,Remuneração média real,R$ de 2024 por mês,2014,3700.45
5102504,Cáceres,D1,remun_real_media,Remuneração média real,R$ de 2024 por mês,2015,3777.42
5102504,Cáceres,D1,remun_real_media,Remuneração média real,R$ de 2024 por mês,2016,3926.3
5102504,Cáceres,D1,remun_real_media,Remuneração média real,R$ de 2024 por mês,2017,4275.2
5102504,Cáceres,D1,remun_real_media,Remuneração média real,R$ de 2024 por mês,2018,4235.14
5102504,Cáceres,D1,remun_real_media,Remuneração média real,R$ de 2024 por mês,2019,4115.48
5102504,Cáceres,D1,remun_real_media,Remuneração média real,R$ de 2024 por mês,2020,4120.71
5102504,Cáceres,D1,remun_real_media,Remuneração média real,R$ de 2024 por mês,2021,3944.59
5102504,Cáceres,D1,remun_real_media,Remuneração média real,R$ de 2024 por mês,2022,4512.43
5102504,Cáceres,D1,remun_real_media,Remuneração média real,R$ de 2024 por mês,2023,4094.37
5102504,Cáceres,D1,remun_real_media,Remuneração média real,R$ de 2024 por mês,2024,3999.59
5102504,Cáceres,D1,saldo_anual,Saldo de empregos formais (CAGED),vagas no ano,2007,184
5102504,Cáceres,D1,saldo_anual,Saldo de empregos formais (CAGED),vagas no ano,2008,350
5102504,Cáceres,D1,saldo_anual,Saldo de empregos formais (CAGED),vagas no ano,2009,167
5102504,Cáceres,D1,saldo_anual,Saldo de empregos formais (CAGED),vagas no ano,2010,-234
5102504,Cáceres,D1,saldo_anual,Saldo de empregos formais (CAGED),vagas no ano,2011,40
5102504,Cáceres,D1,saldo_anual,Saldo de empregos formais (CAGED),vagas no ano,2012,95
5102504,Cáceres,D1,saldo_anual,Saldo de empregos formais (CAGED),vagas no ano,2013,-133
5102504,Cáceres,D1,saldo_anual,Saldo de empregos formais (CAGED),vagas no ano,2014,269
5102504,Cáceres,D1,saldo_anual,Saldo de empregos formais (CAGED),vagas no ano,2015,-420
5102504,Cáceres,D1,saldo_anual,Saldo de empregos formais (CAGED),vagas no ano,2016,-344
5102504,Cáceres,D1,saldo_anual,Saldo de empregos formais (CAGED),vagas no ano,2017,-580
5102504,Cáceres,D1,saldo_anual,Saldo de empregos formais (CAGED),vagas no ano,2018,227
5102504,Cáceres,D1,saldo_anual,Saldo de empregos formais (CAGED),vagas no ano,2019,200
5102504,Cáceres,D1,saldo_anual,Saldo de empregos formais (CAGED),vagas no ano,2020,-94
5102504,Cáceres,D1,saldo_anual,Saldo de empregos formais (CAGED),vagas no ano,2021,911
5102504,Cáceres,D1,saldo_anual,Saldo de empregos formais (CAGED),vagas no ano,2022,43
5102504,Cáceres,D1,saldo_anual,Saldo de empregos formais (CAGED),vagas no ano,2023,241
5102504,Cáceres,D1,saldo_anual,Saldo de empregos formais (CAGED),vagas no ano,2024,376
5102504,Cáceres,D1,saldo_anual,Saldo de empregos formais (CAGED),vagas no ano,2025,403
5102504,Cáceres,D1,sh_adespss_va,Participação da administração pública no VAB,%,2002,30.02
5102504,Cáceres,D1,sh_adespss_va,Participação da administração pública no VAB,%,2003,28.2
5102504,Cáceres,D1,sh_adespss_va,Participação da administração pública no VAB,%,2004,28.23
5102504,Cáceres,D1,sh_adespss_va,Participação da administração pública no VAB,%,2005,28.16
5102504,Cáceres,D1,sh_adespss_va,Participação da administração pública no VAB,%,2006,30.77
5102504,Cáceres,D1,sh_adespss_va,Participação da administração pública no VAB,%,2007,28.29
5102504,Cáceres,D1,sh_adespss_va,Participação da administração pública no VAB,%,2008,27.95
5102504,Cáceres,D1,sh_adespss_va,Participação da administração pública no VAB,%,2009,29.01
5102504,Cáceres,D1,sh_adespss_va,Participação da administração pública no VAB,%,2010,30.24
5102504,Cáceres,D1,sh_adespss_va,Participação da administração pública no VAB,%,2011,29.47
5102504,Cáceres,D1,sh_adespss_va,Participação da administração pública no VAB,%,2012,29.44
5102504,Cáceres,D1,sh_adespss_va,Participação da administração pública no VAB,%,2013,30.84
5102504,Cáceres,D1,sh_adespss_va,Participação da administração pública no VAB,%,2014,28.29
5102504,Cáceres,D1,sh_adespss_va,Participação da administração pública no VAB,%,2015,28.85
5102504,Cáceres,D1,sh_adespss_va,Participação da administração pública no VAB,%,2016,30.37
5102504,Cáceres,D1,sh_adespss_va,Participação da administração pública no VAB,%,2017,30.93
5102504,Cáceres,D1,sh_adespss_va,Participação da administração pública no VAB,%,2018,31.5
5102504,Cáceres,D1,sh_adespss_va,Participação da administração pública no VAB,%,2019,31.79
5102504,Cáceres,D1,sh_adespss_va,Participação da administração pública no VAB,%,2020,31.82
5102504,Cáceres,D1,sh_adespss_va,Participação da administração pública no VAB,%,2021,30.82
5102504,Cáceres,D1,sh_agro_va,Participação da agropecuária no VAB,%,2002,11.59
5102504,Cáceres,D1,sh_agro_va,Participação da agropecuária no VAB,%,2003,14.46
5102504,Cáceres,D1,sh_agro_va,Participação da agropecuária no VAB,%,2004,14.4
5102504,Cáceres,D1,sh_agro_va,Participação da agropecuária no VAB,%,2005,12.26
5102504,Cáceres,D1,sh_agro_va,Participação da agropecuária no VAB,%,2006,8.24
5102504,Cáceres,D1,sh_agro_va,Participação da agropecuária no VAB,%,2007,8.69
5102504,Cáceres,D1,sh_agro_va,Participação da agropecuária no VAB,%,2008,10.18
5102504,Cáceres,D1,sh_agro_va,Participação da agropecuária no VAB,%,2009,10.61
5102504,Cáceres,D1,sh_agro_va,Participação da agropecuária no VAB,%,2010,10.05
5102504,Cáceres,D1,sh_agro_va,Participação da agropecuária no VAB,%,2011,11.95
5102504,Cáceres,D1,sh_agro_va,Participação da agropecuária no VAB,%,2012,10.5
5102504,Cáceres,D1,sh_agro_va,Participação da agropecuária no VAB,%,2013,10.49
5102504,Cáceres,D1,sh_agro_va,Participação da agropecuária no VAB,%,2014,10.26
5102504,Cáceres,D1,sh_agro_va,Participação da agropecuária no VAB,%,2015,9.55
5102504,Cáceres,D1,sh_agro_va,Participação da agropecuária no VAB,%,2016,10.04
5102504,Cáceres,D1,sh_agro_va,Participação da agropecuária no VAB,%,2017,8.46
5102504,Cáceres,D1,sh_agro_va,Participação da agropecuária no VAB,%,2018,8.23
5102504,Cáceres,D1,sh_agro_va,Participação da agropecuária no VAB,%,2019,7.54
5102504,Cáceres,D1,sh_agro_va,Participação da agropecuária no VAB,%,2020,9.66
5102504,Cáceres,D1,sh_agro_va,Participação da agropecuária no VAB,%,2021,14.1
5102504,Cáceres,D1,sh_ind_va,Participação da indústria no VAB,%,2002,10.87
5102504,Cáceres,D1,sh_ind_va,Participação da indústria no VAB,%,2003,7.69
5102504,Cáceres,D1,sh_ind_va,Participação da indústria no VAB,%,2004,10.77
5102504,Cáceres,D1,sh_ind_va,Participação da indústria no VAB,%,2005,9.45
5102504,Cáceres,D1,sh_ind_va,Participação da indústria no VAB,%,2006,8.99
5102504,Cáceres,D1,sh_ind_va,Participação da indústria no VAB,%,2007,7.06
5102504,Cáceres,D1,sh_ind_va,Participação da indústria no VAB,%,2008,6.56
5102504,Cáceres,D1,sh_ind_va,Participação da indústria no VAB,%,2009,7.9
5102504,Cáceres,D1,sh_ind_va,Participação da indústria no VAB,%,2010,10.88
5102504,Cáceres,D1,sh_ind_va,Participação da indústria no VAB,%,2011,6.83
5102504,Cáceres,D1,sh_ind_va,Participação da indústria no VAB,%,2012,10.33
5102504,Cáceres,D1,sh_ind_va,Participação da indústria no VAB,%,2013,8.98
5102504,Cáceres,D1,sh_ind_va,Participação da indústria no VAB,%,2014,9.71
5102504,Cáceres,D1,sh_ind_va,Participação da indústria no VAB,%,2015,8.64
5102504,Cáceres,D1,sh_ind_va,Participação da indústria no VAB,%,2016,6.58
5102504,Cáceres,D1,sh_ind_va,Participação da indústria no VAB,%,2017,7.78
5102504,Cáceres,D1,sh_ind_va,Participação da indústria no VAB,%,2018,8.93
5102504,Cáceres,D1,sh_ind_va,Participação da indústria no VAB,%,2019,9.21
5102504,Cáceres,D1,sh_ind_va,Participação da indústria no VAB,%,2020,10.91
5102504,Cáceres,D1,sh_ind_va,Participação da indústria no VAB,%,2021,9.75
5102504,Cáceres,D1,sh_mei_pct,MEI no total de empresas ativas,%,2026,52.6
5102504,Cáceres,D1,sh_serv_va,Participação dos serviços no VAB,%,2002,47.52
5102504,Cáceres,D1,sh_serv_va,Participação dos serviços no VAB,%,2003,49.65
5102504,Cáceres,D1,sh_serv_va,Participação dos serviços no VAB,%,2004,46.6
5102504,Cáceres,D1,sh_serv_va,Participação dos serviços no VAB,%,2005,50.12
5102504,Cáceres,D1,sh_serv_va,Participação dos serviços no VAB,%,2006,51.99
5102504,Cáceres,D1,sh_serv_va,Participação dos serviços no VAB,%,2007,55.95
5102504,Cáceres,D1,sh_serv_va,Participação dos serviços no VAB,%,2008,55.31
5102504,Cáceres,D1,sh_serv_va,Participação dos serviços no VAB,%,2009,52.48
5102504,Cáceres,D1,sh_serv_va,Participação dos serviços no VAB,%,2010,48.83
5102504,Cáceres,D1,sh_serv_va,Participação dos serviços no VAB,%,2011,51.76
5102504,Cáceres,D1,sh_serv_va,Participação dos serviços no VAB,%,2012,49.73
5102504,Cáceres,D1,sh_serv_va,Participação dos serviços no VAB,%,2013,49.69
5102504,Cáceres,D1,sh_serv_va,Participação dos serviços no VAB,%,2014,51.73
5102504,Cáceres,D1,sh_serv_va,Participação dos serviços no VAB,%,2015,52.96
5102504,Cáceres,D1,sh_serv_va,Participação dos serviços no VAB,%,2016,53.01
5102504,Cáceres,D1,sh_serv_va,Participação dos serviços no VAB,%,2017,52.84
5102504,Cáceres,D1,sh_serv_va,Participação dos serviços no VAB,%,2018,51.34
5102504,Cáceres,D1,sh_serv_va,Participação dos serviços no VAB,%,2019,51.45
5102504,Cáceres,D1,sh_serv_va,Participação dos serviços no VAB,%,2020,47.62
5102504,Cáceres,D1,sh_serv_va,Participação dos serviços no VAB,%,2021,45.33
5102504,Cáceres,D1,vbp_real_brl,Valor bruto da produção agropecuária,R$ mil de 2024,2002,137259.3
5102504,Cáceres,D1,vbp_real_brl,Valor bruto da produção agropecuária,R$ mil de 2024,2003,157954.94
5102504,Cáceres,D1,vbp_real_brl,Valor bruto da produção agropecuária,R$ mil de 2024,2004,218909.02
5102504,Cáceres,D1,vbp_real_brl,Valor bruto da produção agropecuária,R$ mil de 2024,2005,215725.46
5102504,Cáceres,D1,vbp_real_brl,Valor bruto da produção agropecuária,R$ mil de 2024,2006,186322.18
5102504,Cáceres,D1,vbp_real_brl,Valor bruto da produção agropecuária,R$ mil de 2024,2007,160880.81
5102504,Cáceres,D1,vbp_real_brl,Valor bruto da produção agropecuária,R$ mil de 2024,2008,180735.72
5102504,Cáceres,D1,vbp_real_brl,Valor bruto da produção agropecuária,R$ mil de 2024,2009,218733.42
5102504,Cáceres,D1,vbp_real_brl,Valor bruto da produção agropecuária,R$ mil de 2024,2010,201058.02
5102504,Cáceres,D1,vbp_real_brl,Valor bruto da produção agropecuária,R$ mil de 2024,2011,192072.97
5102504,Cáceres,D1,vbp_real_brl,Valor bruto da produção agropecuária,R$ mil de 2024,2012,201926.93
5102504,Cáceres,D1,vbp_real_brl,Valor bruto da produção agropecuária,R$ mil de 2024,2013,210381.41
5102504,Cáceres,D1,vbp_real_brl,Valor bruto da produção agropecuária,R$ mil de 2024,2014,215052.66
5102504,Cáceres,D1,vbp_real_brl,Valor bruto da produção agropecuária,R$ mil de 2024,2015,145097.38
5102504,Cáceres,D1,vbp_real_brl,Valor bruto da produção agropecuária,R$ mil de 2024,2016,148431.62
5102504,Cáceres,D1,vbp_real_brl,Valor bruto da produção agropecuária,R$ mil de 2024,2017,165470.37
5102504,Cáceres,D1,vbp_real_brl,Valor bruto da produção agropecuária,R$ mil de 2024,2018,213828.21
5102504,Cáceres,D1,vbp_real_brl,Valor bruto da produção agropecuária,R$ mil de 2024,2019,227900.33
5102504,Cáceres,D1,vbp_real_brl,Valor bruto da produção agropecuária,R$ mil de 2024,2020,242746.62
5102504,Cáceres,D1,vbp_real_brl,Valor bruto da produção agropecuária,R$ mil de 2024,2021,277553.11
5102504,Cáceres,D1,vbp_real_brl,Valor bruto da produção agropecuária,R$ mil de 2024,2022,415510.38
5102504,Cáceres,D1,vbp_real_brl,Valor bruto da produção agropecuária,R$ mil de 2024,2023,387328.37
5102504,Cáceres,D1,vbp_real_brl,Valor bruto da produção agropecuária,R$ mil de 2024,2024,288961
5102504,Cáceres,D2,area_protegida_total_ha,Área protegida (UC + TI),hectares,2019,117327.619031148
5102504,Cáceres,D2,empregos_turismo,Empregos formais no turismo (Mapa do Turismo),empregos,2017,125
5102504,Cáceres,D2,empregos_turismo,Empregos formais no turismo (Mapa do Turismo),empregos,2019,126
5102504,Cáceres,D2,empresas_cadastur,Empresas de turismo no CadasTur,empresas,2017,26
5102504,Cáceres,D2,empresas_cadastur,Empresas de turismo no CadasTur,empresas,2018,16
5102504,Cáceres,D2,empresas_cadastur,Empresas de turismo no CadasTur,empresas,2019,14
5102504,Cáceres,D2,empresas_cadastur,Empresas de turismo no CadasTur,empresas,2020,33
5102504,Cáceres,D2,empresas_cadastur,Empresas de turismo no CadasTur,empresas,2021,46
5102504,Cáceres,D2,empresas_cadastur,Empresas de turismo no CadasTur,empresas,2022,57
5102504,Cáceres,D2,empresas_cadastur,Empresas de turismo no CadasTur,empresas,2023,44
5102504,Cáceres,D2,empresas_cadastur,Empresas de turismo no CadasTur,empresas,2024,45
5102504,Cáceres,D2,empresas_cadastur,Empresas de turismo no CadasTur,empresas,2025,40
5102504,Cáceres,D2,leitos_hospedagem,Leitos em meios de hospedagem (CadasTur),leitos,2017,1753
5102504,Cáceres,D2,leitos_hospedagem,Leitos em meios de hospedagem (CadasTur),leitos,2020,630
5102504,Cáceres,D2,leitos_hospedagem,Leitos em meios de hospedagem (CadasTur),leitos,2021,1134
5102504,Cáceres,D2,leitos_hospedagem,Leitos em meios de hospedagem (CadasTur),leitos,2022,2499
5102504,Cáceres,D2,leitos_hospedagem,Leitos em meios de hospedagem (CadasTur),leitos,2023,990
5102504,Cáceres,D2,leitos_hospedagem,Leitos em meios de hospedagem (CadasTur),leitos,2024,1560
5102504,Cáceres,D2,leitos_hospedagem,Leitos em meios de hospedagem (CadasTur),leitos,2025,2510
5102504,Cáceres,D2,leitos_por_1000_hab,Leitos de hospedagem por mil habitantes,por 1.000 hab.,2017,19.21
5102504,Cáceres,D2,leitos_por_1000_hab,Leitos de hospedagem por mil habitantes,por 1.000 hab.,2018,0
5102504,Cáceres,D2,leitos_por_1000_hab,Leitos de hospedagem por mil habitantes,por 1.000 hab.,2019,0
5102504,Cáceres,D2,leitos_por_1000_hab,Leitos de hospedagem por mil habitantes,por 1.000 hab.,2020,6.64
5102504,Cáceres,D2,leitos_por_1000_hab,Leitos de hospedagem por mil habitantes,por 1.000 hab.,2021,11.89
5102504,Cáceres,D2,leitos_por_1000_hab,Leitos de hospedagem por mil habitantes,por 1.000 hab.,2022,27.87
5102504,Cáceres,D2,leitos_por_1000_hab,Leitos de hospedagem por mil habitantes,por 1.000 hab.,2023,11.04
5102504,Cáceres,D2,leitos_por_1000_hab,Leitos de hospedagem por mil habitantes,por 1.000 hab.,2024,17.03
5102504,Cáceres,D2,leitos_por_1000_hab,Leitos de hospedagem por mil habitantes,por 1.000 hab.,2025,27.35
5102504,Cáceres,D2,n_destinos_exp,Países de destino das exportações,países,2000,7
5102504,Cáceres,D2,n_destinos_exp,Países de destino das exportações,países,2001,8
5102504,Cáceres,D2,n_destinos_exp,Países de destino das exportações,países,2002,5
5102504,Cáceres,D2,n_destinos_exp,Países de destino das exportações,países,2003,6
5102504,Cáceres,D2,n_destinos_exp,Países de destino das exportações,países,2004,12
5102504,Cáceres,D2,n_destinos_exp,Países de destino das exportações,países,2005,17
5102504,Cáceres,D2,n_destinos_exp,Países de destino das exportações,países,2006,20
5102504,Cáceres,D2,n_destinos_exp,Países de destino das exportações,países,2007,27
5102504,Cáceres,D2,n_destinos_exp,Países de destino das exportações,países,2008,26
5102504,Cáceres,D2,n_destinos_exp,Países de destino das exportações,países,2009,20
5102504,Cáceres,D2,n_destinos_exp,Países de destino das exportações,países,2010,22
5102504,Cáceres,D2,n_destinos_exp,Países de destino das exportações,países,2011,10
5102504,Cáceres,D2,n_destinos_exp,Países de destino das exportações,países,2012,9
5102504,Cáceres,D2,n_destinos_exp,Países de destino das exportações,países,2013,7
5102504,Cáceres,D2,n_destinos_exp,Países de destino das exportações,países,2014,11
5102504,Cáceres,D2,n_destinos_exp,Países de destino das exportações,países,2015,9
5102504,Cáceres,D2,n_destinos_exp,Países de destino das exportações,países,2016,12
5102504,Cáceres,D2,n_destinos_exp,Países de destino das exportações,países,2017,14
5102504,Cáceres,D2,n_destinos_exp,Países de destino das exportações,países,2018,16
5102504,Cáceres,D2,n_destinos_exp,Países de destino das exportações,países,2019,16
5102504,Cáceres,D2,n_destinos_exp,Países de destino das exportações,países,2020,15
5102504,Cáceres,D2,n_destinos_exp,Países de destino das exportações,países,2021,14
5102504,Cáceres,D2,n_destinos_exp,Países de destino das exportações,países,2022,15
5102504,Cáceres,D2,n_destinos_exp,Países de destino das exportações,países,2023,14
5102504,Cáceres,D2,n_destinos_exp,Países de destino das exportações,países,2024,12
5102504,Cáceres,D2,valor_aquicultura_brl2024,Valor da aquicultura,R$ de 2024,2002,0
5102504,Cáceres,D2,valor_aquicultura_brl2024,Valor da aquicultura,R$ de 2024,2003,0
5102504,Cáceres,D2,valor_aquicultura_brl2024,Valor da aquicultura,R$ de 2024,2004,0
5102504,Cáceres,D2,valor_aquicultura_brl2024,Valor da aquicultura,R$ de 2024,2005,0
5102504,Cáceres,D2,valor_aquicultura_brl2024,Valor da aquicultura,R$ de 2024,2006,0
5102504,Cáceres,D2,valor_aquicultura_brl2024,Valor da aquicultura,R$ de 2024,2007,0
5102504,Cáceres,D2,valor_aquicultura_brl2024,Valor da aquicultura,R$ de 2024,2008,0
5102504,Cáceres,D2,valor_aquicultura_brl2024,Valor da aquicultura,R$ de 2024,2009,0
5102504,Cáceres,D2,valor_aquicultura_brl2024,Valor da aquicultura,R$ de 2024,2010,0
5102504,Cáceres,D2,valor_aquicultura_brl2024,Valor da aquicultura,R$ de 2024,2011,0
5102504,Cáceres,D2,valor_aquicultura_brl2024,Valor da aquicultura,R$ de 2024,2012,0
5102504,Cáceres,D2,valor_aquicultura_brl2024,Valor da aquicultura,R$ de 2024,2013,6467485
5102504,Cáceres,D2,valor_aquicultura_brl2024,Valor da aquicultura,R$ de 2024,2014,3496267
5102504,Cáceres,D2,valor_aquicultura_brl2024,Valor da aquicultura,R$ de 2024,2015,2299505
5102504,Cáceres,D2,valor_aquicultura_brl2024,Valor da aquicultura,R$ de 2024,2016,2776930
5102504,Cáceres,D2,valor_aquicultura_brl2024,Valor da aquicultura,R$ de 2024,2017,3664183
5102504,Cáceres,D2,valor_aquicultura_brl2024,Valor da aquicultura,R$ de 2024,2018,3242209
5102504,Cáceres,D2,valor_aquicultura_brl2024,Valor da aquicultura,R$ de 2024,2019,2548293
5102504,Cáceres,D2,valor_aquicultura_brl2024,Valor da aquicultura,R$ de 2024,2020,3600885
5102504,Cáceres,D2,valor_aquicultura_brl2024,Valor da aquicultura,R$ de 2024,2021,2817586
5102504,Cáceres,D2,valor_aquicultura_brl2024,Valor da aquicultura,R$ de 2024,2022,2245832
5102504,Cáceres,D2,valor_aquicultura_brl2024,Valor da aquicultura,R$ de 2024,2023,1718198
5102504,Cáceres,D2,valor_aquicultura_brl2024,Valor da aquicultura,R$ de 2024,2024,2121000
5102504,Cáceres,D2,valor_bioeconomia_brl2024,Valor da bioeconomia,R$ de 2024,2002,5416263
5102504,Cáceres,D2,valor_bioeconomia_brl2024,Valor da bioeconomia,R$ de 2024,2003,2524102
5102504,Cáceres,D2,valor_bioeconomia_brl2024,Valor da bioeconomia,R$ de 2024,2004,4013104
5102504,Cáceres,D2,valor_bioeconomia_brl2024,Valor da bioeconomia,R$ de 2024,2005,4860671
5102504,Cáceres,D2,valor_bioeconomia_brl2024,Valor da bioeconomia,R$ de 2024,2006,3394930
5102504,Cáceres,D2,valor_bioeconomia_brl2024,Valor da bioeconomia,R$ de 2024,2007,4409837
5102504,Cáceres,D2,valor_bioeconomia_brl2024,Valor da bioeconomia,R$ de 2024,2008,7729368
5102504,Cáceres,D2,valor_bioeconomia_brl2024,Valor da bioeconomia,R$ de 2024,2009,14546826
5102504,Cáceres,D2,valor_bioeconomia_brl2024,Valor da bioeconomia,R$ de 2024,2010,5353582
5102504,Cáceres,D2,valor_bioeconomia_brl2024,Valor da bioeconomia,R$ de 2024,2011,5417477
5102504,Cáceres,D2,valor_bioeconomia_brl2024,Valor da bioeconomia,R$ de 2024,2012,5521050
5102504,Cáceres,D2,valor_bioeconomia_brl2024,Valor da bioeconomia,R$ de 2024,2013,15032583
5102504,Cáceres,D2,valor_bioeconomia_brl2024,Valor da bioeconomia,R$ de 2024,2014,12466928
5102504,Cáceres,D2,valor_bioeconomia_brl2024,Valor da bioeconomia,R$ de 2024,2015,9003121
5102504,Cáceres,D2,valor_bioeconomia_brl2024,Valor da bioeconomia,R$ de 2024,2016,17972620
5102504,Cáceres,D2,valor_bioeconomia_brl2024,Valor da bioeconomia,R$ de 2024,2017,19420459
5102504,Cáceres,D2,valor_bioeconomia_brl2024,Valor da bioeconomia,R$ de 2024,2018,13126686
5102504,Cáceres,D2,valor_bioeconomia_brl2024,Valor da bioeconomia,R$ de 2024,2019,16801887
5102504,Cáceres,D2,valor_bioeconomia_brl2024,Valor da bioeconomia,R$ de 2024,2020,12543504
5102504,Cáceres,D2,valor_bioeconomia_brl2024,Valor da bioeconomia,R$ de 2024,2021,34033175
5102504,Cáceres,D2,valor_bioeconomia_brl2024,Valor da bioeconomia,R$ de 2024,2022,27317230
5102504,Cáceres,D2,valor_bioeconomia_brl2024,Valor da bioeconomia,R$ de 2024,2023,31055377
5102504,Cáceres,D2,valor_bioeconomia_brl2024,Valor da bioeconomia,R$ de 2024,2024,45090000
5102504,Cáceres,D2,valor_exp_fob_usd,Exportações,US$ correntes (FOB),2000,1741104
5102504,Cáceres,D2,valor_exp_fob_usd,Exportações,US$ correntes (FOB),2001,1117096
5102504,Cáceres,D2,valor_exp_fob_usd,Exportações,US$ correntes (FOB),2002,24941945
5102504,Cáceres,D2,valor_exp_fob_usd,Exportações,US$ correntes (FOB),2003,8510931
5102504,Cáceres,D2,valor_exp_fob_usd,Exportações,US$ correntes (FOB),2004,2889842
5102504,Cáceres,D2,valor_exp_fob_usd,Exportações,US$ correntes (FOB),2005,5814006
5102504,Cáceres,D2,valor_exp_fob_usd,Exportações,US$ correntes (FOB),2006,13593892
5102504,Cáceres,D2,valor_exp_fob_usd,Exportações,US$ correntes (FOB),2007,15812841
5102504,Cáceres,D2,valor_exp_fob_usd,Exportações,US$ correntes (FOB),2008,12573214
5102504,Cáceres,D2,valor_exp_fob_usd,Exportações,US$ correntes (FOB),2009,11558951
5102504,Cáceres,D2,valor_exp_fob_usd,Exportações,US$ correntes (FOB),2010,9284037
5102504,Cáceres,D2,valor_exp_fob_usd,Exportações,US$ correntes (FOB),2011,6980984
5102504,Cáceres,D2,valor_exp_fob_usd,Exportações,US$ correntes (FOB),2012,14746307
5102504,Cáceres,D2,valor_exp_fob_usd,Exportações,US$ correntes (FOB),2013,10959915
5102504,Cáceres,D2,valor_exp_fob_usd,Exportações,US$ correntes (FOB),2014,13813954
5102504,Cáceres,D2,valor_exp_fob_usd,Exportações,US$ correntes (FOB),2015,9573636
5102504,Cáceres,D2,valor_exp_fob_usd,Exportações,US$ correntes (FOB),2016,11689615
5102504,Cáceres,D2,valor_exp_fob_usd,Exportações,US$ correntes (FOB),2017,19882108
5102504,Cáceres,D2,valor_exp_fob_usd,Exportações,US$ correntes (FOB),2018,21691869
5102504,Cáceres,D2,valor_exp_fob_usd,Exportações,US$ correntes (FOB),2019,14994776
5102504,Cáceres,D2,valor_exp_fob_usd,Exportações,US$ correntes (FOB),2020,13502750
5102504,Cáceres,D2,valor_exp_fob_usd,Exportações,US$ correntes (FOB),2021,15678661
5102504,Cáceres,D2,valor_exp_fob_usd,Exportações,US$ correntes (FOB),2022,13731275
5102504,Cáceres,D2,valor_exp_fob_usd,Exportações,US$ correntes (FOB),2023,9197472
5102504,Cáceres,D2,valor_exp_fob_usd,Exportações,US$ correntes (FOB),2024,11207846
5102504,Cáceres,D2,visitas_nacionais_est,Visitas domésticas estimadas (Mapa do Turismo),visitas,2017,157853
5102504,Cáceres,D2,visitas_nacionais_est,Visitas domésticas estimadas (Mapa do Turismo),visitas,2019,157853
5102504,Cáceres,D3,cagr_pop_2010_2025,Crescimento populacional 2010–2025,% ao ano,2025,0.28
5102504,Cáceres,D3,gini,Índice de Gini,índice 0–1,1991,0.55
5102504,Cáceres,D3,gini,Índice de Gini,índice 0–1,2000,0.61
5102504,Cáceres,D3,gini,Índice de Gini,índice 0–1,2010,0.53
5102504,Cáceres,D3,ideb_finais,IDEB — anos finais,índice 0–10,2005,3.1
5102504,Cáceres,D3,ideb_finais,IDEB — anos finais,índice 0–10,2007,3.5
5102504,Cáceres,D3,ideb_finais,IDEB — anos finais,índice 0–10,2009,4.4
5102504,Cáceres,D3,ideb_finais,IDEB — anos finais,índice 0–10,2011,4.2
5102504,Cáceres,D3,ideb_finais,IDEB — anos finais,índice 0–10,2013,4.1
5102504,Cáceres,D3,ideb_finais,IDEB — anos finais,índice 0–10,2015,4.3
5102504,Cáceres,D3,ideb_finais,IDEB — anos finais,índice 0–10,2017,4.3
5102504,Cáceres,D3,ideb_finais,IDEB — anos finais,índice 0–10,2019,4.1
5102504,Cáceres,D3,ideb_finais,IDEB — anos finais,índice 0–10,2021,4.6
5102504,Cáceres,D3,ideb_finais,IDEB — anos finais,índice 0–10,2023,4.4
5102504,Cáceres,D3,ideb_iniciais,IDEB — anos iniciais,índice 0–10,2005,3.7
5102504,Cáceres,D3,ideb_iniciais,IDEB — anos iniciais,índice 0–10,2007,4.2
5102504,Cáceres,D3,ideb_iniciais,IDEB — anos iniciais,índice 0–10,2009,4.6
5102504,Cáceres,D3,ideb_iniciais,IDEB — anos iniciais,índice 0–10,2011,4.7
5102504,Cáceres,D3,ideb_iniciais,IDEB — anos iniciais,índice 0–10,2013,4.8
5102504,Cáceres,D3,ideb_iniciais,IDEB — anos iniciais,índice 0–10,2015,5
5102504,Cáceres,D3,ideb_iniciais,IDEB — anos iniciais,índice 0–10,2017,5.2
5102504,Cáceres,D3,ideb_iniciais,IDEB — anos iniciais,índice 0–10,2019,5.1
5102504,Cáceres,D3,ideb_iniciais,IDEB — anos iniciais,índice 0–10,2021,5.1
5102504,Cáceres,D3,ideb_iniciais,IDEB — anos iniciais,índice 0–10,2023,5.3
5102504,Cáceres,D3,idhm,IDHM,índice 0–1,1970,0.352
5102504,Cáceres,D3,idhm,IDHM,índice 0–1,1980,0.57
5102504,Cáceres,D3,idhm,IDHM,índice 0–1,1991,0.58
5102504,Cáceres,D3,idhm,IDHM,índice 0–1,2000,0.586
5102504,Cáceres,D3,idhm,IDHM,índice 0–1,2010,0.708
5102504,Cáceres,D3,leitos_sus_per_1000,Leitos SUS por mil habitantes,por 1.000 hab.,2010,2
5102504,Cáceres,D3,leitos_sus_per_1000,Leitos SUS por mil habitantes,por 1.000 hab.,2015,2.15
5102504,Cáceres,D3,leitos_sus_per_1000,Leitos SUS por mil habitantes,por 1.000 hab.,2020,2.41
5102504,Cáceres,D3,leitos_sus_per_1000,Leitos SUS por mil habitantes,por 1.000 hab.,2023,3.18
5102504,Cáceres,D3,perc_pop_bf,Famílias no Bolsa Família por 100 habitantes,famílias por 100 hab.,2013,8.23
5102504,Cáceres,D3,perc_pop_bf,Famílias no Bolsa Família por 100 habitantes,famílias por 100 hab.,2014,8.47
5102504,Cáceres,D3,perc_pop_bf,Famílias no Bolsa Família por 100 habitantes,famílias por 100 hab.,2015,8.12
5102504,Cáceres,D3,perc_pop_bf,Famílias no Bolsa Família por 100 habitantes,famílias por 100 hab.,2016,7.77
5102504,Cáceres,D3,perc_pop_bf,Famílias no Bolsa Família por 100 habitantes,famílias por 100 hab.,2017,7.67
5102504,Cáceres,D3,perc_pop_bf,Famílias no Bolsa Família por 100 habitantes,famílias por 100 hab.,2018,7.6
5102504,Cáceres,D3,perc_pop_bf,Famílias no Bolsa Família por 100 habitantes,famílias por 100 hab.,2019,7.32
5102504,Cáceres,D3,perc_pop_bf,Famílias no Bolsa Família por 100 habitantes,famílias por 100 hab.,2020,7.5
5102504,Cáceres,D3,perc_pop_bf,Famílias no Bolsa Família por 100 habitantes,famílias por 100 hab.,2021,7.55
5102504,Cáceres,D3,perc_pop_bf,Famílias no Bolsa Família por 100 habitantes,famílias por 100 hab.,2022,10.01
5102504,Cáceres,D3,perc_pop_bf,Famílias no Bolsa Família por 100 habitantes,famílias por 100 hab.,2023,10.69
5102504,Cáceres,D3,perc_pop_bf,Famílias no Bolsa Família por 100 habitantes,famílias por 100 hab.,2024,10.15
5102504,Cáceres,D3,populacao,População,habitantes,2000,85857
5102504,Cáceres,D3,populacao,População,habitantes,2001,82992
5102504,Cáceres,D3,populacao,População,habitantes,2002,84115
5102504,Cáceres,D3,populacao,População,habitantes,2003,85274
5102504,Cáceres,D3,populacao,População,habitantes,2004,87708
5102504,Cáceres,D3,populacao,População,habitantes,2005,89054
5102504,Cáceres,D3,populacao,População,habitantes,2006,90391
5102504,Cáceres,D3,populacao,População,habitantes,2007,84175
5102504,Cáceres,D3,populacao,População,habitantes,2008,86805
5102504,Cáceres,D3,populacao,População,habitantes,2009,87261
5102504,Cáceres,D3,populacao,População,habitantes,2010,87942
5102504,Cáceres,D3,populacao,População,habitantes,2011,88428
5102504,Cáceres,D3,populacao,População,habitantes,2012,88897
5102504,Cáceres,D3,populacao,População,habitantes,2013,89683
5102504,Cáceres,D3,populacao,População,habitantes,2014,90106
5102504,Cáceres,D3,populacao,População,habitantes,2015,90518
5102504,Cáceres,D3,populacao,População,habitantes,2016,90881
5102504,Cáceres,D3,populacao,População,habitantes,2017,91271
5102504,Cáceres,D3,populacao,População,habitantes,2018,93882
5102504,Cáceres,D3,populacao,População,habitantes,2019,94376
5102504,Cáceres,D3,populacao,População,habitantes,2020,94861
5102504,Cáceres,D3,populacao,População,habitantes,2021,95339
5102504,Cáceres,D3,populacao,População,habitantes,2022,89681
5102504,Cáceres,D3,populacao,População,habitantes,2023,89681
5102504,Cáceres,D3,populacao,População,habitantes,2024,91626
5102504,Cáceres,D3,populacao,População,habitantes,2025,91767
5102504,Cáceres,D3,taxa_desocupacao_pct,Taxa de desocupação (Censo 2022),% da força de trabalho,2022,3.9
5102504,Cáceres,D3,taxa_homicidios_100k,Homicídios por 100 mil habitantes,por 100 mil hab.,2018,17
5102504,Cáceres,D3,taxa_homicidios_100k,Homicídios por 100 mil habitantes,por 100 mil hab.,2019,19.1
5102504,Cáceres,D3,taxa_homicidios_100k,Homicídios por 100 mil habitantes,por 100 mil hab.,2020,13.7
5102504,Cáceres,D3,taxa_homicidios_100k,Homicídios por 100 mil habitantes,por 100 mil hab.,2021,14.7
5102504,Cáceres,D3,taxa_homicidios_100k,Homicídios por 100 mil habitantes,por 100 mil hab.,2022,45.7
5102504,Cáceres,D3,taxa_mort_ext_100k,Óbitos por causas externas,por 100 mil hab.,2000,87.4
5102504,Cáceres,D3,taxa_mort_ext_100k,Óbitos por causas externas,por 100 mil hab.,2001,79.5
5102504,Cáceres,D3,taxa_mort_ext_100k,Óbitos por causas externas,por 100 mil hab.,2002,93.9
5102504,Cáceres,D3,taxa_mort_ext_100k,Óbitos por causas externas,por 100 mil hab.,2003,80.9
5102504,Cáceres,D3,taxa_mort_ext_100k,Óbitos por causas externas,por 100 mil hab.,2004,71.8
5102504,Cáceres,D3,taxa_mort_ext_100k,Óbitos por causas externas,por 100 mil hab.,2005,86.5
5102504,Cáceres,D3,taxa_mort_ext_100k,Óbitos por causas externas,por 100 mil hab.,2006,95.1
5102504,Cáceres,D3,taxa_mort_ext_100k,Óbitos por causas externas,por 100 mil hab.,2007,93.9
5102504,Cáceres,D3,taxa_mort_ext_100k,Óbitos por causas externas,por 100 mil hab.,2008,106
5102504,Cáceres,D3,taxa_mort_ext_100k,Óbitos por causas externas,por 100 mil hab.,2009,98.6
5102504,Cáceres,D3,taxa_mort_ext_100k,Óbitos por causas externas,por 100 mil hab.,2010,61.4
5102504,Cáceres,D3,taxa_mort_ext_100k,Óbitos por causas externas,por 100 mil hab.,2011,72.4
5102504,Cáceres,D3,taxa_mort_ext_100k,Óbitos por causas externas,por 100 mil hab.,2012,79.9
5102504,Cáceres,D3,taxa_mort_ext_100k,Óbitos por causas externas,por 100 mil hab.,2013,72.5
5102504,Cáceres,D3,taxa_mort_ext_100k,Óbitos por causas externas,por 100 mil hab.,2014,99.9
5102504,Cáceres,D3,taxa_mort_ext_100k,Óbitos por causas externas,por 100 mil hab.,2015,72.9
5102504,Cáceres,D3,taxa_mort_ext_100k,Óbitos por causas externas,por 100 mil hab.,2016,83.6
5102504,Cáceres,D3,taxa_mort_ext_100k,Óbitos por causas externas,por 100 mil hab.,2017,82.2
5102504,Cáceres,D3,taxa_mort_ext_100k,Óbitos por causas externas,por 100 mil hab.,2018,73.5
5102504,Cáceres,D3,taxa_mort_ext_100k,Óbitos por causas externas,por 100 mil hab.,2019,66.8
5102504,Cáceres,D3,taxa_mort_ext_100k,Óbitos por causas externas,por 100 mil hab.,2020,72.7
5102504,Cáceres,D3,taxa_mort_ext_100k,Óbitos por causas externas,por 100 mil hab.,2021,82.9
5102504,Cáceres,D3,taxa_mort_ext_100k,Óbitos por causas externas,por 100 mil hab.,2022,119.3
5102504,Cáceres,D3,taxa_participacao_pct,Taxa de participação na força de trabalho (Censo 2022),%,2022,50.1
5102504,Cáceres,D3,taxa_pobreza_pct,População em situação de pobreza,%,1991,71.49
5102504,Cáceres,D3,taxa_pobreza_pct,População em situação de pobreza,%,2000,58.23
5102504,Cáceres,D3,taxa_pobreza_pct,População em situação de pobreza,%,2010,37.01
5102504,Cáceres,D3,taxa_urbanizacao,Taxa de urbanização,%,2022,88.52
5102504,Cáceres,D3,tmi_suavizado,Mortalidade infantil (média de 3 anos),por 1.000 nascidos vivos,2002,24.4
5102504,Cáceres,D3,tmi_suavizado,Mortalidade infantil (média de 3 anos),por 1.000 nascidos vivos,2003,22.6
5102504,Cáceres,D3,tmi_suavizado,Mortalidade infantil (média de 3 anos),por 1.000 nascidos vivos,2004,19
5102504,Cáceres,D3,tmi_suavizado,Mortalidade infantil (média de 3 anos),por 1.000 nascidos vivos,2005,16.9
5102504,Cáceres,D3,tmi_suavizado,Mortalidade infantil (média de 3 anos),por 1.000 nascidos vivos,2006,17
5102504,Cáceres,D3,tmi_suavizado,Mortalidade infantil (média de 3 anos),por 1.000 nascidos vivos,2007,15.6
5102504,Cáceres,D3,tmi_suavizado,Mortalidade infantil (média de 3 anos),por 1.000 nascidos vivos,2008,16.4
5102504,Cáceres,D3,tmi_suavizado,Mortalidade infantil (média de 3 anos),por 1.000 nascidos vivos,2009,16.4
5102504,Cáceres,D3,tmi_suavizado,Mortalidade infantil (média de 3 anos),por 1.000 nascidos vivos,2010,16.4
5102504,Cáceres,D3,tmi_suavizado,Mortalidade infantil (média de 3 anos),por 1.000 nascidos vivos,2011,16.2
5102504,Cáceres,D3,tmi_suavizado,Mortalidade infantil (média de 3 anos),por 1.000 nascidos vivos,2012,15.4
5102504,Cáceres,D3,tmi_suavizado,Mortalidade infantil (média de 3 anos),por 1.000 nascidos vivos,2013,16.1
5102504,Cáceres,D3,tmi_suavizado,Mortalidade infantil (média de 3 anos),por 1.000 nascidos vivos,2014,14.8
5102504,Cáceres,D3,tmi_suavizado,Mortalidade infantil (média de 3 anos),por 1.000 nascidos vivos,2015,14.1
5102504,Cáceres,D3,tmi_suavizado,Mortalidade infantil (média de 3 anos),por 1.000 nascidos vivos,2016,14.1
5102504,Cáceres,D3,tmi_suavizado,Mortalidade infantil (média de 3 anos),por 1.000 nascidos vivos,2017,14.9
5102504,Cáceres,D3,tmi_suavizado,Mortalidade infantil (média de 3 anos),por 1.000 nascidos vivos,2018,15.6
5102504,Cáceres,D3,tmi_suavizado,Mortalidade infantil (média de 3 anos),por 1.000 nascidos vivos,2019,13.5
5102504,Cáceres,D3,tmi_suavizado,Mortalidade infantil (média de 3 anos),por 1.000 nascidos vivos,2020,12.4
5102504,Cáceres,D3,tmi_suavizado,Mortalidade infantil (média de 3 anos),por 1.000 nascidos vivos,2021,12
5102504,Cáceres,D3,tmi_suavizado,Mortalidade infantil (média de 3 anos),por 1.000 nascidos vivos,2022,13.4
5102504,Cáceres,D3,transf_pc_real,Transferências BF + BPC por habitante,R$ de 2024 por habitante,2013,262.25
5102504,Cáceres,D3,transf_pc_real,Transferências BF + BPC por habitante,R$ de 2024 por habitante,2014,269.14
5102504,Cáceres,D3,transf_pc_real,Transferências BF + BPC por habitante,R$ de 2024 por habitante,2015,237.62
5102504,Cáceres,D3,transf_pc_real,Transferências BF + BPC por habitante,R$ de 2024 por habitante,2016,211.17
5102504,Cáceres,D3,transf_pc_real,Transferências BF + BPC por habitante,R$ de 2024 por habitante,2017,219.53
5102504,Cáceres,D3,transf_pc_real,Transferências BF + BPC por habitante,R$ de 2024 por habitante,2018,222.41
5102504,Cáceres,D3,transf_pc_real,Transferências BF + BPC por habitante,R$ de 2024 por habitante,2019,654.23
5102504,Cáceres,D3,transf_pc_real,Transferências BF + BPC por habitante,R$ de 2024 por habitante,2020,644.93
5102504,Cáceres,D3,transf_pc_real,Transferências BF + BPC por habitante,R$ de 2024 por habitante,2021,626.08
5102504,Cáceres,D3,transf_pc_real,Transferências BF + BPC por habitante,R$ de 2024 por habitante,2022,883.11
5102504,Cáceres,D3,transf_pc_real,Transferências BF + BPC por habitante,R$ de 2024 por habitante,2023,1390.67
5102504,Cáceres,D3,transf_pc_real,Transferências BF + BPC por habitante,R$ de 2024 por habitante,2024,1468.94
5102504,Cáceres,D4,densidade_focos_por_1000km2,Densidade de focos de calor,focos por 1.000 km²,2003,32.23
5102504,Cáceres,D4,densidade_focos_por_1000km2,Densidade de focos de calor,focos por 1.000 km²,2004,82.43
5102504,Cáceres,D4,densidade_focos_por_1000km2,Densidade de focos de calor,focos por 1.000 km²,2005,56.57
5102504,Cáceres,D4,densidade_focos_por_1000km2,Densidade de focos de calor,focos por 1.000 km²,2006,17.39
5102504,Cáceres,D4,densidade_focos_por_1000km2,Densidade de focos de calor,focos por 1.000 km²,2007,59.57
5102504,Cáceres,D4,densidade_focos_por_1000km2,Densidade de focos de calor,focos por 1.000 km²,2008,30.67
5102504,Cáceres,D4,densidade_focos_por_1000km2,Densidade de focos de calor,focos por 1.000 km²,2009,8.18
5102504,Cáceres,D4,densidade_focos_por_1000km2,Densidade de focos de calor,focos por 1.000 km²,2010,33.22
5102504,Cáceres,D4,densidade_focos_por_1000km2,Densidade de focos de calor,focos por 1.000 km²,2011,38.85
5102504,Cáceres,D4,densidade_focos_por_1000km2,Densidade de focos de calor,focos por 1.000 km²,2012,27.79
5102504,Cáceres,D4,densidade_focos_por_1000km2,Densidade de focos de calor,focos por 1.000 km²,2013,10.61
5102504,Cáceres,D4,densidade_focos_por_1000km2,Densidade de focos de calor,focos por 1.000 km²,2014,5.14
5102504,Cáceres,D4,densidade_focos_por_1000km2,Densidade de focos de calor,focos por 1.000 km²,2015,16.49
5102504,Cáceres,D4,densidade_focos_por_1000km2,Densidade de focos de calor,focos por 1.000 km²,2016,7.36
5102504,Cáceres,D4,densidade_focos_por_1000km2,Densidade de focos de calor,focos por 1.000 km²,2017,9.54
5102504,Cáceres,D4,densidade_focos_por_1000km2,Densidade de focos de calor,focos por 1.000 km²,2018,5.92
5102504,Cáceres,D4,densidade_focos_por_1000km2,Densidade de focos de calor,focos por 1.000 km²,2019,30.09
5102504,Cáceres,D4,densidade_focos_por_1000km2,Densidade de focos de calor,focos por 1.000 km²,2020,113.26
5102504,Cáceres,D4,densidade_focos_por_1000km2,Densidade de focos de calor,focos por 1.000 km²,2021,50.4
5102504,Cáceres,D4,densidade_focos_por_1000km2,Densidade de focos de calor,focos por 1.000 km²,2022,5.47
5102504,Cáceres,D4,densidade_focos_por_1000km2,Densidade de focos de calor,focos por 1.000 km²,2023,1085.85
5102504,Cáceres,D4,densidade_focos_por_1000km2,Densidade de focos de calor,focos por 1.000 km²,2024,6449.06
5102504,Cáceres,D4,incremento_desmat_km2,Desmatamento no ano,km²,2001,235.7
5102504,Cáceres,D4,incremento_desmat_km2,Desmatamento no ano,km²,2002,217.2
5102504,Cáceres,D4,incremento_desmat_km2,Desmatamento no ano,km²,2003,260.2
5102504,Cáceres,D4,incremento_desmat_km2,Desmatamento no ano,km²,2004,231.5
5102504,Cáceres,D4,incremento_desmat_km2,Desmatamento no ano,km²,2005,143.1
5102504,Cáceres,D4,incremento_desmat_km2,Desmatamento no ano,km²,2006,128
5102504,Cáceres,D4,incremento_desmat_km2,Desmatamento no ano,km²,2007,69.4
5102504,Cáceres,D4,incremento_desmat_km2,Desmatamento no ano,km²,2008,70.8
5102504,Cáceres,D4,incremento_desmat_km2,Desmatamento no ano,km²,2009,43.5000000000001
5102504,Cáceres,D4,incremento_desmat_km2,Desmatamento no ano,km²,2010,43.1
5102504,Cáceres,D4,incremento_desmat_km2,Desmatamento no ano,km²,2011,48.0999999999999
5102504,Cáceres,D4,incremento_desmat_km2,Desmatamento no ano,km²,2012,32.6999999999998
5102504,Cáceres,D4,incremento_desmat_km2,Desmatamento no ano,km²,2013,54.7000000000003
5102504,Cáceres,D4,incremento_desmat_km2,Desmatamento no ano,km²,2014,43.4999999999997
5102504,Cáceres,D4,incremento_desmat_km2,Desmatamento no ano,km²,2015,58.8
5102504,Cáceres,D4,incremento_desmat_km2,Desmatamento no ano,km²,2016,64.9
5102504,Cáceres,D4,incremento_desmat_km2,Desmatamento no ano,km²,2017,40.1
5102504,Cáceres,D4,incremento_desmat_km2,Desmatamento no ano,km²,2018,71.5000000000002
5102504,Cáceres,D4,incremento_desmat_km2,Desmatamento no ano,km²,2019,28.3
5102504,Cáceres,D4,incremento_desmat_km2,Desmatamento no ano,km²,2020,44.9
5102504,Cáceres,D4,incremento_desmat_km2,Desmatamento no ano,km²,2021,40.2999999999998
5102504,Cáceres,D4,incremento_desmat_km2,Desmatamento no ano,km²,2022,30.3000000000001
5102504,Cáceres,D4,incremento_desmat_km2,Desmatamento no ano,km²,2023,37.2000000000002
5102504,Cáceres,D4,perc_desmatado_acum,Território desmatado (acumulado),%,2000,15.69
5102504,Cáceres,D4,perc_desmatado_acum,Território desmatado (acumulado),%,2001,16.65
5102504,Cáceres,D4,perc_desmatado_acum,Território desmatado (acumulado),%,2002,17.55
5102504,Cáceres,D4,perc_desmatado_acum,Território desmatado (acumulado),%,2003,18.62
5102504,Cáceres,D4,perc_desmatado_acum,Território desmatado (acumulado),%,2004,19.57
5102504,Cáceres,D4,perc_desmatado_acum,Território desmatado (acumulado),%,2005,20.16
5102504,Cáceres,D4,perc_desmatado_acum,Território desmatado (acumulado),%,2006,20.68
5102504,Cáceres,D4,perc_desmatado_acum,Território desmatado (acumulado),%,2007,20.97
5102504,Cáceres,D4,perc_desmatado_acum,Território desmatado (acumulado),%,2008,21.26
5102504,Cáceres,D4,perc_desmatado_acum,Território desmatado (acumulado),%,2009,21.44
5102504,Cáceres,D4,perc_desmatado_acum,Território desmatado (acumulado),%,2010,21.62
5102504,Cáceres,D4,perc_desmatado_acum,Território desmatado (acumulado),%,2011,21.81
5102504,Cáceres,D4,perc_desmatado_acum,Território desmatado (acumulado),%,2012,21.95
5102504,Cáceres,D4,perc_desmatado_acum,Território desmatado (acumulado),%,2013,22.17
5102504,Cáceres,D4,perc_desmatado_acum,Território desmatado (acumulado),%,2014,22.35
5102504,Cáceres,D4,perc_desmatado_acum,Território desmatado (acumulado),%,2015,22.59
5102504,Cáceres,D4,perc_desmatado_acum,Território desmatado (acumulado),%,2016,22.86
5102504,Cáceres,D4,perc_desmatado_acum,Território desmatado (acumulado),%,2017,23.02
5102504,Cáceres,D4,perc_desmatado_acum,Território desmatado (acumulado),%,2018,23.32
5102504,Cáceres,D4,perc_desmatado_acum,Território desmatado (acumulado),%,2019,23.44
5102504,Cáceres,D4,perc_desmatado_acum,Território desmatado (acumulado),%,2020,23.62
5102504,Cáceres,D4,perc_desmatado_acum,Território desmatado (acumulado),%,2021,23.79
5102504,Cáceres,D4,perc_desmatado_acum,Território desmatado (acumulado),%,2022,23.91
5102504,Cáceres,D4,perc_desmatado_acum,Território desmatado (acumulado),%,2023,24.06
5102504,Cáceres,D4,perc_imoveis_conformes,Imóveis do CAR declarados conformes,%,2024,0.8
5102504,Cáceres,D4,perc_territorio_protegido,Território em UC ou TI,%,2019,4.82
5102504,Cáceres,D4,perc_veg_natural_remanescente,Vegetação natural remanescente,%,2000,69.64
5102504,Cáceres,D4,perc_veg_natural_remanescente,Vegetação natural remanescente,%,2001,68.67
5102504,Cáceres,D4,perc_veg_natural_remanescente,Vegetação natural remanescente,%,2002,67.78
5102504,Cáceres,D4,perc_veg_natural_remanescente,Vegetação natural remanescente,%,2003,66.71
5102504,Cáceres,D4,perc_veg_natural_remanescente,Vegetação natural remanescente,%,2004,65.76
5102504,Cáceres,D4,perc_veg_natural_remanescente,Vegetação natural remanescente,%,2005,65.17
5102504,Cáceres,D4,perc_veg_natural_remanescente,Vegetação natural remanescente,%,2006,64.64
5102504,Cáceres,D4,perc_veg_natural_remanescente,Vegetação natural remanescente,%,2007,64.36
5102504,Cáceres,D4,perc_veg_natural_remanescente,Vegetação natural remanescente,%,2008,64.07
5102504,Cáceres,D4,perc_veg_natural_remanescente,Vegetação natural remanescente,%,2009,63.89
5102504,Cáceres,D4,perc_veg_natural_remanescente,Vegetação natural remanescente,%,2010,63.71
5102504,Cáceres,D4,perc_veg_natural_remanescente,Vegetação natural remanescente,%,2011,63.51
5102504,Cáceres,D4,perc_veg_natural_remanescente,Vegetação natural remanescente,%,2012,63.38
5102504,Cáceres,D4,perc_veg_natural_remanescente,Vegetação natural remanescente,%,2013,63.15
5102504,Cáceres,D4,perc_veg_natural_remanescente,Vegetação natural remanescente,%,2014,62.98
5102504,Cáceres,D4,perc_veg_natural_remanescente,Vegetação natural remanescente,%,2015,62.73
5102504,Cáceres,D4,perc_veg_natural_remanescente,Vegetação natural remanescente,%,2016,62.47
5102504,Cáceres,D4,perc_veg_natural_remanescente,Vegetação natural remanescente,%,2017,62.3
5102504,Cáceres,D4,perc_veg_natural_remanescente,Vegetação natural remanescente,%,2018,62.01
5102504,Cáceres,D4,perc_veg_natural_remanescente,Vegetação natural remanescente,%,2019,61.89
5102504,Cáceres,D4,perc_veg_natural_remanescente,Vegetação natural remanescente,%,2020,61.71
5102504,Cáceres,D4,perc_veg_natural_remanescente,Vegetação natural remanescente,%,2021,61.54
5102504,Cáceres,D4,perc_veg_natural_remanescente,Vegetação natural remanescente,%,2022,61.42
5102504,Cáceres,D4,perc_veg_natural_remanescente,Vegetação natural remanescente,%,2023,61.26
5102504,Cáceres,D4,taxa_antropizacao,Taxa de antropização,%,2000,18.99
5102504,Cáceres,D4,taxa_antropizacao,Taxa de antropização,%,2001,19.65
5102504,Cáceres,D4,taxa_antropizacao,Taxa de antropização,%,2002,20.57
5102504,Cáceres,D4,taxa_antropizacao,Taxa de antropização,%,2003,21.75
5102504,Cáceres,D4,taxa_antropizacao,Taxa de antropização,%,2004,22.5
5102504,Cáceres,D4,taxa_antropizacao,Taxa de antropização,%,2005,22.98
5102504,Cáceres,D4,taxa_antropizacao,Taxa de antropização,%,2006,23.15
5102504,Cáceres,D4,taxa_antropizacao,Taxa de antropização,%,2007,23.04
5102504,Cáceres,D4,taxa_antropizacao,Taxa de antropização,%,2008,23.16
5102504,Cáceres,D4,taxa_antropizacao,Taxa de antropização,%,2009,23.56
5102504,Cáceres,D4,taxa_antropizacao,Taxa de antropização,%,2010,23.84
5102504,Cáceres,D4,taxa_antropizacao,Taxa de antropização,%,2011,23.76
5102504,Cáceres,D4,taxa_antropizacao,Taxa de antropização,%,2012,23.55
5102504,Cáceres,D4,taxa_antropizacao,Taxa de antropização,%,2013,23.61
5102504,Cáceres,D4,taxa_antropizacao,Taxa de antropização,%,2014,23.6
5102504,Cáceres,D4,taxa_antropizacao,Taxa de antropização,%,2015,23.5
5102504,Cáceres,D4,taxa_antropizacao,Taxa de antropização,%,2016,23.46
5102504,Cáceres,D4,taxa_antropizacao,Taxa de antropização,%,2017,23.55
5102504,Cáceres,D4,taxa_antropizacao,Taxa de antropização,%,2018,23.78
5102504,Cáceres,D4,taxa_antropizacao,Taxa de antropização,%,2019,24.09
5102504,Cáceres,D4,taxa_antropizacao,Taxa de antropização,%,2020,24.38
5102504,Cáceres,D4,taxa_antropizacao,Taxa de antropização,%,2021,25.85
5102504,Cáceres,D5,agencias_bancarias,Agências bancárias,agências,2021,14
5102504,Cáceres,D5,agencias_bancarias,Agências bancárias,agências,2022,14
5102504,Cáceres,D5,agencias_bancarias,Agências bancárias,agências,2023,12
5102504,Cáceres,D5,agencias_bancarias,Agências bancárias,agências,2024,12
5102504,Cáceres,D5,agencias_bancarias,Agências bancárias,agências,2025,10
5102504,Cáceres,D5,agencias_bancarias,Agências bancárias,agências,2026,5
5102504,Cáceres,D5,cobertura_4g5g_pct,População coberta por 4G ou 5G,%,2021,86.13
5102504,Cáceres,D5,cobertura_4g5g_pct,População coberta por 4G ou 5G,%,2022,84.22
5102504,Cáceres,D5,cobertura_4g5g_pct,População coberta por 4G ou 5G,%,2023,86.3
5102504,Cáceres,D5,cobertura_4g5g_pct,População coberta por 4G ou 5G,%,2024,87.29
5102504,Cáceres,D5,cobertura_area_agricultavel,Área agricultável coberta por sinal móvel,%,2024,4.38
5102504,Cáceres,D5,consumo_per_capita_kwh,Consumo de energia por habitante,kWh por hab./ano,2023,2351.4
5102504,Cáceres,D5,ibc,Índice Brasileiro de Conectividade (IBC),índice 0–100,2021,56.46
5102504,Cáceres,D5,ibc,Índice Brasileiro de Conectividade (IBC),índice 0–100,2022,59.87
5102504,Cáceres,D5,ibc,Índice Brasileiro de Conectividade (IBC),índice 0–100,2023,60.4
5102504,Cáceres,D5,ibc,Índice Brasileiro de Conectividade (IBC),índice 0–100,2024,52.62
5102504,Cáceres,D5,idx_atend_agua_total,População atendida com água,%,2004,81.3
5102504,Cáceres,D5,idx_atend_agua_total,População atendida com água,%,2006,72.2
5102504,Cáceres,D5,idx_atend_agua_total,População atendida com água,%,2007,80.2
5102504,Cáceres,D5,idx_atend_agua_total,População atendida com água,%,2008,81.4
5102504,Cáceres,D5,idx_atend_agua_total,População atendida com água,%,2009,81.7
5102504,Cáceres,D5,idx_atend_agua_total,População atendida com água,%,2010,77.8
5102504,Cáceres,D5,idx_atend_agua_total,População atendida com água,%,2011,77.8
5102504,Cáceres,D5,idx_atend_agua_total,População atendida com água,%,2012,84.2
5102504,Cáceres,D5,idx_atend_agua_total,População atendida com água,%,2014,80.3
5102504,Cáceres,D5,idx_atend_agua_total,População atendida com água,%,2015,84.2
5102504,Cáceres,D5,idx_atend_agua_total,População atendida com água,%,2016,77.2
5102504,Cáceres,D5,idx_atend_agua_total,População atendida com água,%,2017,79.5
5102504,Cáceres,D5,idx_atend_agua_total,População atendida com água,%,2018,80.9
5102504,Cáceres,D5,idx_atend_agua_total,População atendida com água,%,2019,81.5
5102504,Cáceres,D5,idx_atend_agua_total,População atendida com água,%,2020,82.4
5102504,Cáceres,D5,idx_atend_agua_total,População atendida com água,%,2021,82
5102504,Cáceres,D5,idx_atend_agua_total,População atendida com água,%,2022,93.7
5102504,Cáceres,D5,idx_coleta_esgoto,Esgoto coletado,%,1997,6.1
5102504,Cáceres,D5,idx_coleta_esgoto,Esgoto coletado,%,2004,17.8
5102504,Cáceres,D5,idx_coleta_esgoto,Esgoto coletado,%,2006,3.1
5102504,Cáceres,D5,idx_coleta_esgoto,Esgoto coletado,%,2007,2.7
5102504,Cáceres,D5,idx_coleta_esgoto,Esgoto coletado,%,2008,3
5102504,Cáceres,D5,idx_coleta_esgoto,Esgoto coletado,%,2009,2.8
5102504,Cáceres,D5,idx_coleta_esgoto,Esgoto coletado,%,2010,5.1
5102504,Cáceres,D5,idx_coleta_esgoto,Esgoto coletado,%,2011,6.2
5102504,Cáceres,D5,idx_coleta_esgoto,Esgoto coletado,%,2012,8.9
5102504,Cáceres,D5,idx_coleta_esgoto,Esgoto coletado,%,2014,8.8
5102504,Cáceres,D5,idx_coleta_esgoto,Esgoto coletado,%,2015,6.4
5102504,Cáceres,D5,idx_coleta_esgoto,Esgoto coletado,%,2017,7.6
5102504,Cáceres,D5,idx_coleta_esgoto,Esgoto coletado,%,2018,6.5
5102504,Cáceres,D5,idx_coleta_esgoto,Esgoto coletado,%,2019,6.2
5102504,Cáceres,D5,idx_coleta_esgoto,Esgoto coletado,%,2020,5
5102504,Cáceres,D5,idx_coleta_esgoto,Esgoto coletado,%,2021,5.7
5102504,Cáceres,D5,idx_coleta_esgoto,Esgoto coletado,%,2022,5.6
5102504,Cáceres,D5,idx_perda_distrib,Perdas na distribuição de água,%,2004,43.5
5102504,Cáceres,D5,idx_perda_distrib,Perdas na distribuição de água,%,2006,46.2
5102504,Cáceres,D5,idx_perda_distrib,Perdas na distribuição de água,%,2007,35.9
5102504,Cáceres,D5,idx_perda_distrib,Perdas na distribuição de água,%,2008,37.7
5102504,Cáceres,D5,idx_perda_distrib,Perdas na distribuição de água,%,2009,51
5102504,Cáceres,D5,idx_perda_distrib,Perdas na distribuição de água,%,2010,56.4
5102504,Cáceres,D5,idx_perda_distrib,Perdas na distribuição de água,%,2011,59.2
5102504,Cáceres,D5,idx_perda_distrib,Perdas na distribuição de água,%,2012,62
5102504,Cáceres,D5,idx_perda_distrib,Perdas na distribuição de água,%,2014,65.8
5102504,Cáceres,D5,idx_perda_distrib,Perdas na distribuição de água,%,2015,52.8
5102504,Cáceres,D5,idx_perda_distrib,Perdas na distribuição de água,%,2016,80.4
5102504,Cáceres,D5,idx_perda_distrib,Perdas na distribuição de água,%,2017,44.1
5102504,Cáceres,D5,idx_perda_distrib,Perdas na distribuição de água,%,2018,46.9
5102504,Cáceres,D5,idx_perda_distrib,Perdas na distribuição de água,%,2019,50.5
5102504,Cáceres,D5,idx_perda_distrib,Perdas na distribuição de água,%,2020,38
5102504,Cáceres,D5,idx_perda_distrib,Perdas na distribuição de água,%,2021,49.4
5102504,Cáceres,D5,idx_perda_distrib,Perdas na distribuição de água,%,2022,51.5
5102504,Cáceres,D5,perc_domic_com_energia,Domicílios com energia elétrica,%,2026,99.07
5102504,Cáceres,D5,perc_pavimentado,Malha viária pavimentada,%,,94.9
5102504,Cáceres,D6,autonomia_fiscal_pct,Autonomia fiscal,% da receita corrente,1989,3.3
5102504,Cáceres,D6,autonomia_fiscal_pct,Autonomia fiscal,% da receita corrente,1990,5.6
5102504,Cáceres,D6,autonomia_fiscal_pct,Autonomia fiscal,% da receita corrente,1991,5.24
5102504,Cáceres,D6,autonomia_fiscal_pct,Autonomia fiscal,% da receita corrente,1992,5.99
5102504,Cáceres,D6,autonomia_fiscal_pct,Autonomia fiscal,% da receita corrente,1993,2.59
5102504,Cáceres,D6,autonomia_fiscal_pct,Autonomia fiscal,% da receita corrente,1994,7.04
5102504,Cáceres,D6,autonomia_fiscal_pct,Autonomia fiscal,% da receita corrente,1995,7.89
5102504,Cáceres,D6,autonomia_fiscal_pct,Autonomia fiscal,% da receita corrente,1996,10.41
5102504,Cáceres,D6,autonomia_fiscal_pct,Autonomia fiscal,% da receita corrente,1997,5.49
5102504,Cáceres,D6,autonomia_fiscal_pct,Autonomia fiscal,% da receita corrente,1998,4.72
5102504,Cáceres,D6,autonomia_fiscal_pct,Autonomia fiscal,% da receita corrente,1999,4.37
5102504,Cáceres,D6,autonomia_fiscal_pct,Autonomia fiscal,% da receita corrente,2000,5.24
5102504,Cáceres,D6,autonomia_fiscal_pct,Autonomia fiscal,% da receita corrente,2001,9.25
5102504,Cáceres,D6,autonomia_fiscal_pct,Autonomia fiscal,% da receita corrente,2002,5.74
5102504,Cáceres,D6,autonomia_fiscal_pct,Autonomia fiscal,% da receita corrente,2003,9.52
5102504,Cáceres,D6,autonomia_fiscal_pct,Autonomia fiscal,% da receita corrente,2004,7.09
5102504,Cáceres,D6,autonomia_fiscal_pct,Autonomia fiscal,% da receita corrente,2005,7.46
5102504,Cáceres,D6,autonomia_fiscal_pct,Autonomia fiscal,% da receita corrente,2006,8.05
5102504,Cáceres,D6,autonomia_fiscal_pct,Autonomia fiscal,% da receita corrente,2007,7.46
5102504,Cáceres,D6,autonomia_fiscal_pct,Autonomia fiscal,% da receita corrente,2008,7.73
5102504,Cáceres,D6,autonomia_fiscal_pct,Autonomia fiscal,% da receita corrente,2009,7.78
5102504,Cáceres,D6,autonomia_fiscal_pct,Autonomia fiscal,% da receita corrente,2010,8.78
5102504,Cáceres,D6,autonomia_fiscal_pct,Autonomia fiscal,% da receita corrente,2011,9.31
5102504,Cáceres,D6,autonomia_fiscal_pct,Autonomia fiscal,% da receita corrente,2012,11.35
5102504,Cáceres,D6,autonomia_fiscal_pct,Autonomia fiscal,% da receita corrente,2013,11
5102504,Cáceres,D6,autonomia_fiscal_pct,Autonomia fiscal,% da receita corrente,2014,10.35
5102504,Cáceres,D6,autonomia_fiscal_pct,Autonomia fiscal,% da receita corrente,2015,10.23
5102504,Cáceres,D6,autonomia_fiscal_pct,Autonomia fiscal,% da receita corrente,2016,12.67
5102504,Cáceres,D6,autonomia_fiscal_pct,Autonomia fiscal,% da receita corrente,2017,13.72
5102504,Cáceres,D6,autonomia_fiscal_pct,Autonomia fiscal,% da receita corrente,2018,15.35
5102504,Cáceres,D6,autonomia_fiscal_pct,Autonomia fiscal,% da receita corrente,2019,15.69
5102504,Cáceres,D6,autonomia_fiscal_pct,Autonomia fiscal,% da receita corrente,2020,14.98
5102504,Cáceres,D6,autonomia_fiscal_pct,Autonomia fiscal,% da receita corrente,2021,18.18
5102504,Cáceres,D6,autonomia_fiscal_pct,Autonomia fiscal,% da receita corrente,2022,17.68
5102504,Cáceres,D6,autonomia_fiscal_pct,Autonomia fiscal,% da receita corrente,2023,19.77
5102504,Cáceres,D6,dep_fpm_pct,Dependência do FPM,% da receita corrente,1989,36.93
5102504,Cáceres,D6,dep_fpm_pct,Dependência do FPM,% da receita corrente,1990,49.8
5102504,Cáceres,D6,dep_fpm_pct,Dependência do FPM,% da receita corrente,1991,52.06
5102504,Cáceres,D6,dep_fpm_pct,Dependência do FPM,% da receita corrente,1992,51.92
5102504,Cáceres,D6,dep_fpm_pct,Dependência do FPM,% da receita corrente,1993,34.04
5102504,Cáceres,D6,dep_fpm_pct,Dependência do FPM,% da receita corrente,1994,26.55
5102504,Cáceres,D6,dep_fpm_pct,Dependência do FPM,% da receita corrente,1995,21.33
5102504,Cáceres,D6,dep_fpm_pct,Dependência do FPM,% da receita corrente,1996,30.28
5102504,Cáceres,D6,dep_fpm_pct,Dependência do FPM,% da receita corrente,1997,22.83
5102504,Cáceres,D6,dep_fpm_pct,Dependência do FPM,% da receita corrente,1998,21.99
5102504,Cáceres,D6,dep_fpm_pct,Dependência do FPM,% da receita corrente,1999,23.1
5102504,Cáceres,D6,dep_fpm_pct,Dependência do FPM,% da receita corrente,2000,23.19
5102504,Cáceres,D6,dep_fpm_pct,Dependência do FPM,% da receita corrente,2001,23.08
5102504,Cáceres,D6,dep_fpm_pct,Dependência do FPM,% da receita corrente,2002,28.7
5102504,Cáceres,D6,dep_fpm_pct,Dependência do FPM,% da receita corrente,2003,25.34
5102504,Cáceres,D6,dep_fpm_pct,Dependência do FPM,% da receita corrente,2004,24.1
5102504,Cáceres,D6,dep_fpm_pct,Dependência do FPM,% da receita corrente,2005,25.78
5102504,Cáceres,D6,dep_fpm_pct,Dependência do FPM,% da receita corrente,2006,18.07
5102504,Cáceres,D6,dep_fpm_pct,Dependência do FPM,% da receita corrente,2007,26.81
5102504,Cáceres,D6,dep_fpm_pct,Dependência do FPM,% da receita corrente,2008,25.39
5102504,Cáceres,D6,dep_fpm_pct,Dependência do FPM,% da receita corrente,2009,23.6
5102504,Cáceres,D6,dep_fpm_pct,Dependência do FPM,% da receita corrente,2010,23.44
5102504,Cáceres,D6,dep_fpm_pct,Dependência do FPM,% da receita corrente,2011,25.55
5102504,Cáceres,D6,dep_fpm_pct,Dependência do FPM,% da receita corrente,2012,24.91
5102504,Cáceres,D6,dep_fpm_pct,Dependência do FPM,% da receita corrente,2013,21.14
5102504,Cáceres,D6,dep_fpm_pct,Dependência do FPM,% da receita corrente,2014,19.04
5102504,Cáceres,D6,dep_fpm_pct,Dependência do FPM,% da receita corrente,2015,17.11
5102504,Cáceres,D6,dep_fpm_pct,Dependência do FPM,% da receita corrente,2016,16.88
5102504,Cáceres,D6,dep_fpm_pct,Dependência do FPM,% da receita corrente,2017,15.78
5102504,Cáceres,D6,dep_fpm_pct,Dependência do FPM,% da receita corrente,2018,16.03
5102504,Cáceres,D6,dep_fpm_pct,Dependência do FPM,% da receita corrente,2019,16.46
5102504,Cáceres,D6,dep_fpm_pct,Dependência do FPM,% da receita corrente,2020,9.34
5102504,Cáceres,D6,dep_fpm_pct,Dependência do FPM,% da receita corrente,2021,15.52
5102504,Cáceres,D6,dep_fpm_pct,Dependência do FPM,% da receita corrente,2022,32.94
5102504,Cáceres,D6,dep_fpm_pct,Dependência do FPM,% da receita corrente,2023,30.31
5102504,Cáceres,D6,dep_transferencias_pct,Dependência de transferências,% da receita corrente,1989,123.1
5102504,Cáceres,D6,dep_transferencias_pct,Dependência de transferências,% da receita corrente,1990,87.06
5102504,Cáceres,D6,dep_transferencias_pct,Dependência de transferências,% da receita corrente,1991,90.42
5102504,Cáceres,D6,dep_transferencias_pct,Dependência de transferências,% da receita corrente,1992,121.18
5102504,Cáceres,D6,dep_transferencias_pct,Dependência de transferências,% da receita corrente,1993,92.54
5102504,Cáceres,D6,dep_transferencias_pct,Dependência de transferências,% da receita corrente,1994,189.71
5102504,Cáceres,D6,dep_transferencias_pct,Dependência de transferências,% da receita corrente,1995,222.72
5102504,Cáceres,D6,dep_transferencias_pct,Dependência de transferências,% da receita corrente,1996,182.91
5102504,Cáceres,D6,dep_transferencias_pct,Dependência de transferências,% da receita corrente,1997,125.7
5102504,Cáceres,D6,dep_transferencias_pct,Dependência de transferências,% da receita corrente,1998,87.44
5102504,Cáceres,D6,dep_transferencias_pct,Dependência de transferências,% da receita corrente,1999,82.71
5102504,Cáceres,D6,dep_transferencias_pct,Dependência de transferências,% da receita corrente,2000,85.42
5102504,Cáceres,D6,dep_transferencias_pct,Dependência de transferências,% da receita corrente,2001,92.68
5102504,Cáceres,D6,dep_transferencias_pct,Dependência de transferências,% da receita corrente,2002,84.01
5102504,Cáceres,D6,dep_transferencias_pct,Dependência de transferências,% da receita corrente,2003,84.64
5102504,Cáceres,D6,dep_transferencias_pct,Dependência de transferências,% da receita corrente,2004,84.07
5102504,Cáceres,D6,dep_transferencias_pct,Dependência de transferências,% da receita corrente,2005,83.67
5102504,Cáceres,D6,dep_transferencias_pct,Dependência de transferências,% da receita corrente,2006,76.02
5102504,Cáceres,D6,dep_transferencias_pct,Dependência de transferências,% da receita corrente,2007,71.73
5102504,Cáceres,D6,dep_transferencias_pct,Dependência de transferências,% da receita corrente,2008,74.45
5102504,Cáceres,D6,dep_transferencias_pct,Dependência de transferências,% da receita corrente,2009,73.8
5102504,Cáceres,D6,dep_transferencias_pct,Dependência de transferências,% da receita corrente,2010,72.35
5102504,Cáceres,D6,dep_transferencias_pct,Dependência de transferências,% da receita corrente,2011,70.85
5102504,Cáceres,D6,dep_transferencias_pct,Dependência de transferências,% da receita corrente,2012,68.45
5102504,Cáceres,D6,dep_transferencias_pct,Dependência de transferências,% da receita corrente,2013,70.3
5102504,Cáceres,D6,dep_transferencias_pct,Dependência de transferências,% da receita corrente,2014,65.27
5102504,Cáceres,D6,dep_transferencias_pct,Dependência de transferências,% da receita corrente,2015,60.24
5102504,Cáceres,D6,dep_transferencias_pct,Dependência de transferências,% da receita corrente,2016,59.06
5102504,Cáceres,D6,dep_transferencias_pct,Dependência de transferências,% da receita corrente,2017,59.73
5102504,Cáceres,D6,dep_transferencias_pct,Dependência de transferências,% da receita corrente,2018,66.04
5102504,Cáceres,D6,dep_transferencias_pct,Dependência de transferências,% da receita corrente,2019,65.21
5102504,Cáceres,D6,dep_transferencias_pct,Dependência de transferências,% da receita corrente,2020,66.96
5102504,Cáceres,D6,dep_transferencias_pct,Dependência de transferências,% da receita corrente,2021,64.27
5102504,Cáceres,D6,dep_transferencias_pct,Dependência de transferências,% da receita corrente,2022,63.57
5102504,Cáceres,D6,dep_transferencias_pct,Dependência de transferências,% da receita corrente,2023,60.39
5102504,Cáceres,D6,despesa_pc_real,Despesa por habitante,R$ de 2024 por habitante,2013,2075.28
5102504,Cáceres,D6,despesa_pc_real,Despesa por habitante,R$ de 2024 por habitante,2014,2108.83
5102504,Cáceres,D6,despesa_pc_real,Despesa por habitante,R$ de 2024 por habitante,2015,2371.37
5102504,Cáceres,D6,despesa_pc_real,Despesa por habitante,R$ de 2024 por habitante,2016,2513.63
5102504,Cáceres,D6,despesa_pc_real,Despesa por habitante,R$ de 2024 por habitante,2017,2852.43
5102504,Cáceres,D6,despesa_pc_real,Despesa por habitante,R$ de 2024 por habitante,2018,2719.11
5102504,Cáceres,D6,despesa_pc_real,Despesa por habitante,R$ de 2024 por habitante,2019,2922.95
5102504,Cáceres,D6,despesa_pc_real,Despesa por habitante,R$ de 2024 por habitante,2020,2896.26
5102504,Cáceres,D6,despesa_pc_real,Despesa por habitante,R$ de 2024 por habitante,2021,2861.31
5102504,Cáceres,D6,despesa_pc_real,Despesa por habitante,R$ de 2024 por habitante,2022,3912.27
5102504,Cáceres,D6,despesa_pc_real,Despesa por habitante,R$ de 2024 por habitante,2023,4324.92
5102504,Cáceres,D6,perc_desp_educacao,Despesa com educação,% da despesa total,2013,39.09
5102504,Cáceres,D6,perc_desp_educacao,Despesa com educação,% da despesa total,2014,38.38
5102504,Cáceres,D6,perc_desp_educacao,Despesa com educação,% da despesa total,2015,34.8
5102504,Cáceres,D6,perc_desp_educacao,Despesa com educação,% da despesa total,2016,34.14
5102504,Cáceres,D6,perc_desp_educacao,Despesa com educação,% da despesa total,2017,35.84
5102504,Cáceres,D6,perc_desp_educacao,Despesa com educação,% da despesa total,2018,35.82
5102504,Cáceres,D6,perc_desp_educacao,Despesa com educação,% da despesa total,2019,39.57
5102504,Cáceres,D6,perc_desp_educacao,Despesa com educação,% da despesa total,2020,35.04
5102504,Cáceres,D6,perc_desp_educacao,Despesa com educação,% da despesa total,2021,39.3
5102504,Cáceres,D6,perc_desp_educacao,Despesa com educação,% da despesa total,2022,19.12
5102504,Cáceres,D6,perc_desp_educacao,Despesa com educação,% da despesa total,2023,24.38
5102504,Cáceres,D6,perc_desp_saude,Despesa com saúde,% da despesa total,2013,30.23
5102504,Cáceres,D6,perc_desp_saude,Despesa com saúde,% da despesa total,2014,28.34
5102504,Cáceres,D6,perc_desp_saude,Despesa com saúde,% da despesa total,2015,30.78
5102504,Cáceres,D6,perc_desp_saude,Despesa com saúde,% da despesa total,2016,29.98
5102504,Cáceres,D6,perc_desp_saude,Despesa com saúde,% da despesa total,2017,31.59
5102504,Cáceres,D6,perc_desp_saude,Despesa com saúde,% da despesa total,2018,36.34
5102504,Cáceres,D6,perc_desp_saude,Despesa com saúde,% da despesa total,2019,33.81
5102504,Cáceres,D6,perc_desp_saude,Despesa com saúde,% da despesa total,2020,44.37
5102504,Cáceres,D6,perc_desp_saude,Despesa com saúde,% da despesa total,2021,36.96
5102504,Cáceres,D6,perc_desp_saude,Despesa com saúde,% da despesa total,2022,28.02
5102504,Cáceres,D6,perc_desp_saude,Despesa com saúde,% da despesa total,2023,28.72
5102504,Cáceres,D6,receita_pc_real,Receita corrente por habitante,R$ de 2024 por habitante,2002,1291.05
5102504,Cáceres,D6,receita_pc_real,Receita corrente por habitante,R$ de 2024 por habitante,2003,1335.54
5102504,Cáceres,D6,receita_pc_real,Receita corrente por habitante,R$ de 2024 por habitante,2004,1388.03
5102504,Cáceres,D6,receita_pc_real,Receita corrente por habitante,R$ de 2024 por habitante,2005,1462.53
5102504,Cáceres,D6,receita_pc_real,Receita corrente por habitante,R$ de 2024 por habitante,2006,1614.71
5102504,Cáceres,D6,receita_pc_real,Receita corrente por habitante,R$ de 2024 por habitante,2007,2125.23
5102504,Cáceres,D6,receita_pc_real,Receita corrente por habitante,R$ de 2024 por habitante,2008,2271.9
5102504,Cáceres,D6,receita_pc_real,Receita corrente por habitante,R$ de 2024 por habitante,2009,2279.58
5102504,Cáceres,D6,receita_pc_real,Receita corrente por habitante,R$ de 2024 por habitante,2010,2290.62
5102504,Cáceres,D6,receita_pc_real,Receita corrente por habitante,R$ de 2024 por habitante,2011,2399.62
5102504,Cáceres,D6,receita_pc_real,Receita corrente por habitante,R$ de 2024 por habitante,2012,2373.75
5102504,Cáceres,D6,receita_pc_real,Receita corrente por habitante,R$ de 2024 por habitante,2013,2370.71
5102504,Cáceres,D6,receita_pc_real,Receita corrente por habitante,R$ de 2024 por habitante,2014,2675.22
5102504,Cáceres,D6,receita_pc_real,Receita corrente por habitante,R$ de 2024 por habitante,2015,2808.54
5102504,Cáceres,D6,receita_pc_real,Receita corrente por habitante,R$ de 2024 por habitante,2016,3073.89
5102504,Cáceres,D6,receita_pc_real,Receita corrente por habitante,R$ de 2024 por habitante,2017,3097.34
5102504,Cáceres,D6,receita_pc_real,Receita corrente por habitante,R$ de 2024 por habitante,2018,3062.95
5102504,Cáceres,D6,receita_pc_real,Receita corrente por habitante,R$ de 2024 por habitante,2019,3275.92
5102504,Cáceres,D6,receita_pc_real,Receita corrente por habitante,R$ de 2024 por habitante,2020,3668.94
5102504,Cáceres,D6,receita_pc_real,Receita corrente por habitante,R$ de 2024 por habitante,2021,3742.93
5102504,Cáceres,D6,receita_pc_real,Receita corrente por habitante,R$ de 2024 por habitante,2022,4451.01
5102504,Cáceres,D6,receita_pc_real,Receita corrente por habitante,R$ de 2024 por habitante,2023,4466.67
