id_municipio,chave,autores,ano,titulo,url
5101605,scheuer2018desenvolvimento,Scheuer et al.,2018,Desenvolvimento Humano dos Municípios de Mato Grosso e Mato Grosso do Sul Contidos no Bioma Pantanal,https://doi.org/10.21527/2237-6453.2018.45.82-96
5101605,longo2019pantanal,Longo et al.,2019,PANTANAL MATO-GROSSENSE: ASPECTOS SOCIOECONÔMICOS DA APICULTURA E SEU AVANÇO EM SEIS MUNICÍPIOS NA BAIXADA CUIABANA,https://doi.org/10.26694/equador.v8i3.9381
5101605,curvo2020avaliacao,Curvo et al.,2020,"Avaliação da piscicultura na microrregião do Alto Pantanal – Mato Grosso, Brasil",https://doi.org/10.14808/sci.plena.2020.017401
5101605,fonseca2021impactos,Fonseca et al.,2021,IMPACTOS DA PANDEMIA DE COVID -19 NO TURISMO DO PANTANAL DE MATO GROSSO,https://doi.org/10.12957/geouerj.2021.61319
5102504,rosseto2012sustentabilidade,Rosseto,2012,"SUSTENTABILIDADE AMBIENTAL DO PANTANAL MATO-GROSSENSE: INTERFACES ENTRE CULTURA, ECONOMIA E GLOBALIZAÇÃO",https://doi.org/10.47946/rnera.v0i15.1376
5102504,neves2013analise,Neves et al.,2013,ANÁLISE CLIMÁTICA APLICADA À CULTURA DO TOMATE NA REGIÃO SUDOESTE DE MATO GROSSO: subsídios ao desenvolvimento da agricultura familiar regional,https://doi.org/10.5216/ag.v7i2.23866
5102504,arruda2014caracteristicas,Arruda et al.,2014,"CARACTERÍSTICAS SOCIOECONÔMICAS DOS RIBEIRINHOS NO RIO PARAGUAI, MUNICÍPIO DE CÁCERES, PANTANAL MATO-GROSSENSE – BRASIL",https://doi.org/10.48075/geoq.v7i2.9495
5102504,santos2017conservacao,Santos et al.,2017,"Conservação da agrobiodiversidade e soberania alimentar em assentamento rural no Pantanal de Cáceres, Mato Grosso",https://doi.org/10.6008/spc2179-6858.2017.001.0007
5102504,miranda2018cobertura,Miranda et al.,2018,COBERTURA VEGETAL E USO DA TERRA NO ASSENTAMENTO PAIOL-BRASIL: SUBSÍDIOS PARA A CONSERVAÇÃO DO PANTANAL,https://doi.org/10.34019/2236-837x.2018.v8.18071
5102504,miranda2018distribuicao,Miranda et al.,2018,"DISTRIBUIÇÃO DE QUEIMADAS E MUDANÇAS NA COBERTURA VEGETAL E USO DA TERRA NO BIOMA PANTANAL, CÁCERES-BRASIL",https://doi.org/10.14393/rcg196508
5102504,farias2019consideracoes,Farias e Girard,2019,Considerações acerca da relação entre o ciclo hidroclimático e a produção bovina na bacia do Alto Paraguai,https://doi.org/10.18554/rbcti.v4i3.3666
5102504,leandro2019expansao,Leandro e Rocha,2019,"Expansão agropecuária e degradação ambiental na bacia hidrográfica do rio Sepotuba - Alto Paraguai, Mato Grosso - Brasil",https://doi.org/10.14393/sn-v31-2019-45603
5102504,leandro2019evolucao,Leandro et al.,2019,"EVOLUÇÃO ESPAÇO-TEMPORAL DO USO E OCUPAÇÃO DA TERRA NO CORREDOR FLUVIAL DO RIO PARAGUAI, PANTANAL SUPERIOR - BRASIL",https://doi.org/10.5216/bgg.v39i0.58285
5102504,curvo2020avaliacao,Curvo et al.,2020,"Avaliação da piscicultura na microrregião do Alto Pantanal – Mato Grosso, Brasil",https://doi.org/10.14808/sci.plena.2020.017401
5102504,fonseca2021impactos,Fonseca et al.,2021,IMPACTOS DA PANDEMIA DE COVID -19 NO TURISMO DO PANTANAL DE MATO GROSSO,https://doi.org/10.12957/geouerj.2021.61319
5102504,cunha2023relato,Cunha et al.,2023,Relato de uma experiência de formação: Mulheres cervejeiras do Pantanal mato-grossense,https://doi.org/10.36661/2358-0399.2023v14n2.12891
5102504,amaral2024territorios,Amaral e Rossetto,2024,Territórios da reforma agrária no Pantanal brasileiro: o caso dos assentamentos rurais do município de Cáceres – MT,https://doi.org/10.46551/rvg2675239520241566584
5102504,bedin2024turismo,Bedin e Souza,2024,TURISMO NO CORREDOR FLUVIAL DO RIO PARAGUAI ENTRE CÁCERES E A ESTAÇÃO ECOLÓGICA DA ILHA DE TAIAMÃ EM MATO GROSSO,https://doi.org/10.26694/equador.v12i3.14099
5102504,ferreira2024caracterizacao,Ferreira et al.,2024,CARACTERIZAÇÃO DA PISCICULTURA NO PANTANAL MATO-GROSSENSE DO MUNICÍPIO DE CÁCERES: PROCESSOS PRODUTIVOS E PRODUTIVIDADE,https://doi.org/10.26694/equador.v12i3.14233
5102504,loiola2024expansao,Loiola e Fabrini,2024,Expansão da produção de soja na microrregião do Alto pantanal/MT: conflitos e perspectivas sustentáveis,https://doi.org/10.14393/rct185270681
5102504,silva2024implementacao,Silva et al.,2024,Implementação de tecnologias sociais e educação ambiental em comunidades do Alto Pantanal Mato-grossense,https://doi.org/10.33448/rsd-v13i8.46567
5102504,junior2026quantificacao,Carvalho Junior et al.,2026,QUANTIFICAÇÃO DOS SERVIÇOS ECOSSISTÊMICOS DA ESTAÇÃO ECOLÓGICA DE TAIAMÃ: SUBSÍDIOS À CONSERVAÇÃO NO PANTANAL,https://doi.org/10.12957/ric.2026.96205
5103437,curvo2020avaliacao,Curvo et al.,2020,"Avaliação da piscicultura na microrregião do Alto Pantanal – Mato Grosso, Brasil",https://doi.org/10.14808/sci.plena.2020.017401
5105622,neves2013analise,Neves et al.,2013,ANÁLISE CLIMÁTICA APLICADA À CULTURA DO TOMATE NA REGIÃO SUDOESTE DE MATO GROSSO: subsídios ao desenvolvimento da agricultura familiar regional,https://doi.org/10.5216/ag.v7i2.23866
5105622,cunha2023relato,Cunha et al.,2023,Relato de uma experiência de formação: Mulheres cervejeiras do Pantanal mato-grossense,https://doi.org/10.36661/2358-0399.2023v14n2.12891
5106109,longo2019pantanal,Longo et al.,2019,PANTANAL MATO-GROSSENSE: ASPECTOS SOCIOECONÔMICOS DA APICULTURA E SEU AVANÇO EM SEIS MUNICÍPIOS NA BAIXADA CUIABANA,https://doi.org/10.26694/equador.v8i3.9381
5106109,curvo2020avaliacao,Curvo et al.,2020,"Avaliação da piscicultura na microrregião do Alto Pantanal – Mato Grosso, Brasil",https://doi.org/10.14808/sci.plena.2020.017401
5106505,tocantins2011abordagem,Tocantins et al.,2011,"ABORDAGEM SOCIOECONÔMICA DOS PESCADORES FILIADOS À COLÔNIA Z11: MUNICÍPIO DE POCONÉ, PANTANAL DE MATO GROSSO, BRASIL",""
5106505,lacerda2017mudancas,Lacerda,2017,MUDANÇAS EM DESEJOS E OPORTUNIDADES NO STATUS DE PECUARISTA PANTANEIRO,https://doi.org/10.30781/repad.v1i1.5803
5106505,melo2017aspectos,Melo et al.,2017,Aspectos socioeconômico dos agricultores familiares extrativistas do cumbaru no município de Poconé - Pantanal Mato-Grossense,https://doi.org/10.6008/spc2179-6858.2017.001.0006
5106505,melo2017cadeia,Melo et al.,2017,"CADEIA PRODUTIVA DO CUMBARU (Dipteryx alata Vogel) EM POCONÉ, MATO GROSSO",https://doi.org/10.35977/0104-1096.cct2017.v34.26292
5106505,rabelo2017percepcao,Rabelo et al.,2017,Percepção dos atores sociais do turismo sobre o pulso de inundação do Pantanal (MT),https://doi.org/10.34024/rbecotur.2017.v10.6649
5106505,longo2019pantanal,Longo et al.,2019,PANTANAL MATO-GROSSENSE: ASPECTOS SOCIOECONÔMICOS DA APICULTURA E SEU AVANÇO EM SEIS MUNICÍPIOS NA BAIXADA CUIABANA,https://doi.org/10.26694/equador.v8i3.9381
5106505,curvo2020avaliacao,Curvo et al.,2020,"Avaliação da piscicultura na microrregião do Alto Pantanal – Mato Grosso, Brasil",https://doi.org/10.14808/sci.plena.2020.017401
5106505,fonseca2021impactos,Fonseca et al.,2021,IMPACTOS DA PANDEMIA DE COVID -19 NO TURISMO DO PANTANAL DE MATO GROSSO,https://doi.org/10.12957/geouerj.2021.61319
5106505,loiola2024expansao,Loiola e Fabrini,2024,Expansão da produção de soja na microrregião do Alto pantanal/MT: conflitos e perspectivas sustentáveis,https://doi.org/10.14393/rct185270681
5106505,oliveira2024cadeia,Oliveira e Pasa,2024,CADEIA PRODUTIVA SUSTENTÁVEL DE Dipteryx alata Vogel. NO PANTANAL E CERRADO MATO-GROSSENSE,https://doi.org/10.59621/flovet.2024.v2.n13.e2024001
5106505,silva2024implementacao,Silva et al.,2024,Implementação de tecnologias sociais e educação ambiental em comunidades do Alto Pantanal Mato-grossense,https://doi.org/10.33448/rsd-v13i8.46567
5106505,ribeiro2025tourism,Ribeiro et al.,2025,TOURISM AND POSSIBLE TRANSIENCE IN PANTANAL LODGES,https://doi.org/10.18601/01207555.n36.03
5107602,santos2025public,Santos et al.,2025,Public Policies and Biodiversity Conservation in Conflict in a Brazilian Agribusiness City,https://doi.org/10.1007/978-3-031-48012-6_21
5107800,souza2015politica,Souza e Amaral,2015,"Política territorial e os agricultores tradicionais do território da baixada cuiabana, Mato Grosso",https://doi.org/10.5380/guaju.v1i1.43431
5107800,longo2019pantanal,Longo et al.,2019,PANTANAL MATO-GROSSENSE: ASPECTOS SOCIOECONÔMICOS DA APICULTURA E SEU AVANÇO EM SEIS MUNICÍPIOS NA BAIXADA CUIABANA,https://doi.org/10.26694/equador.v8i3.9381
5107800,david2022estudo,David et al.,2022,"Estudo comparativo sobre o conhecimento e uso da biodiversidade de plantas no Distrito de Mimoso (Santo Antônio de Leverger), Mato Grosso, Brasil - Reserva da Biosfera do Pantanal",https://doi.org/10.33448/rsd-v11i10.32530
5107800,silva2024implementacao,Silva et al.,2024,Implementação de tecnologias sociais e educação ambiental em comunidades do Alto Pantanal Mato-grossense,https://doi.org/10.33448/rsd-v13i8.46567
