chave,valor
area,Econômica
de_area,econômica
data_validacao_matriz,24/08/2026
n_itens,40
sistematica_evidencias,840
obras_citadas,114
rse_pdf,RSE_Parcial_Area_Economica_v1_20260908.pdf
bib_pub,Corpus_Economico_DSIP-MT_sem_resumos.bib
arquivos_pacote,397
data_publicacao_drive,24/09/2026
rotulo_grupo,Grupo econômico
datas_prisma,Buscas: 20/08/2026 | Triagem concluída: 22/08/2026 | Fechamento: 24/08/2026
complementar_nao_cobre,"A auditoria de completude apontou 15 lacunas; nove foram tratadas na segunda rodada e 6 permanecem declaradas, por não se resolverem lendo mais o mesmo acervo. A aba ""Descartes e rejeições"" registra o que caiu e por quê — 14 proposições rejeitadas na auditoria e 53 descartadas por convergência insuficiente."
data_deliberacao,21/09/2026
data_regeracao,23/09/2026
data_reverificacao,24/09/2026
resumo_complementar,"87 documentos do acervo curado pela coordenação triados e 86 lidos, com 1.837 evidências extraídas"
advertencia_complementar,"A matriz complementar não é um mapa da economia do Pantanal mato-grossense. É o mapa do que um acervo determinado registra sobre ela, e esse acervo tem dono, data e recorte: sete dos treze municípios concentram quase toda a base, e são exatamente os visitados pelo programa Pró-Pantanal do SEBRAE-MT entre 2019 e 2022. Usada como diagnóstico regional, converteria silêncio documental em ausência de economia nos outros seis."
