id_municipio,municipio,ano,regiao_turistica,cluster_mtur,empregos_turismo,estabelecimentos_turismo,visitas_nacionais_est,visitas_internacionais_est,arrecadacao_turismo
5100102,Acorizal,2017,Sem Região Turística,Uninformed,,,,,
5100201,Água Boa,2017,Sem Região Turística,Uninformed,,,,,
5100201,Água Boa,2019,Sem Região Turística,Uninformed,,,,,
5100359,Alto Boa Vista,2017,Sem Região Turística,Uninformed,,,,,
5100359,Alto Boa Vista,2019,Sem Região Turística,Uninformed,,,,,
5100508,Alto Paraguai,2017,Sem Região Turística,Uninformed,,,,,
5100508,Alto Paraguai,2019,Sem Região Turística,Uninformed,,,,,
5100805,Apiacás,2017,Sem Região Turística,Uninformed,,,,,
5101001,Araguaiana,2017,Sem Região Turística,Uninformed,,,,,
5101001,Araguaiana,2019,Sem Região Turística,Uninformed,,,,,
5101209,Araguainha,2019,Sem Região Turística,Uninformed,,,,,
5101258,Araputanga,2017,Sem Região Turística,Uninformed,,,,,
5101258,Araputanga,2019,Sem Região Turística,Uninformed,,,,,
5101308,Arenápolis,2017,Sem Região Turística,Uninformed,,,,,
5101852,Bom Jesus do Araguaia,2017,Sem Região Turística,Uninformed,,,,,
5101852,Bom Jesus do Araguaia,2019,Sem Região Turística,Uninformed,,,,,
5101902,Brasnorte,2019,Sem Região Turística,Uninformed,,,,,
5102793,Carlinda,2019,Sem Região Turística,Uninformed,,,,,
5102850,Castanheira,2017,Sem Região Turística,Uninformed,,,,,
5102850,Castanheira,2019,Sem Região Turística,Uninformed,,,,,
5103254,Colniza,2017,Sem Região Turística,Uninformed,,,,,
5103254,Colniza,2019,Sem Região Turística,Uninformed,,,,,
5103304,Comodoro,2019,Sem Região Turística,Uninformed,,,,,
5103361,Conquista D'Oeste,2019,Sem Região Turística,Uninformed,,,,,
5103379,Cotriguaçu,2017,Sem Região Turística,Uninformed,,,,,
5103379,Cotriguaçu,2019,Sem Região Turística,Uninformed,,,,,
5103437,Curvelândia,2019,Sem Região Turística,Uninformed,,,,,
5103452,Denise,2017,Sem Região Turística,Uninformed,,,,,
5103601,Dom Aquino,2019,Sem Região Turística,Uninformed,,,,,
5103700,Feliz Natal,2017,Sem Região Turística,Uninformed,,,,,
5103700,Feliz Natal,2019,Sem Região Turística,Uninformed,,,,,
5103809,Figueirópolis D'Oeste,2019,Sem Região Turística,Uninformed,,,,,
5103858,Gaúcha do Norte,2019,Sem Região Turística,Uninformed,,,,,
5103908,General Carneiro,2017,Sem Região Turística,Uninformed,,,,,
5103908,General Carneiro,2019,Sem Região Turística,Uninformed,,,,,
5103957,Glória D'Oeste,2017,Sem Região Turística,Uninformed,,,,,
5103957,Glória D'Oeste,2019,Sem Região Turística,Uninformed,,,,,
5104500,Indiavaí,2017,Sem Região Turística,Uninformed,,,,,
5104500,Indiavaí,2019,Sem Região Turística,Uninformed,,,,,
5104526,Ipiranga do Norte,2017,Sem Região Turística,Uninformed,,,,,
5104526,Ipiranga do Norte,2019,Sem Região Turística,Uninformed,,,,,
5104542,Itanhangá,2017,Sem Região Turística,Uninformed,,,,,
5104542,Itanhangá,2019,Sem Região Turística,Uninformed,,,,,
5105002,Jauru,2019,Sem Região Turística,Uninformed,,,,,
5105101,Juara,2019,Sem Região Turística,Uninformed,,,,,
5105580,Marcelândia,2017,Sem Região Turística,Uninformed,,,,,
5105580,Marcelândia,2019,Sem Região Turística,Uninformed,,,,,
5106174,Nova Nazaré,2017,Sem Região Turística,Uninformed,,,,,
5106174,Nova Nazaré,2019,Sem Região Turística,Uninformed,,,,,
5106182,Nova Lacerda,2019,Sem Região Turística,Uninformed,,,,,
5106190,Nova Santa Helena,2019,Sem Região Turística,Uninformed,,,,,
5106216,Nova Canaã do Norte,2019,Sem Região Turística,Uninformed,,,,,
5106232,Nova Olímpia,2017,Sem Região Turística,Uninformed,,,,,
5106265,Novo Mundo,2017,Sem Região Turística,Uninformed,,,,,
5106281,Novo São Joaquim,2019,Sem Região Turística,Uninformed,,,,,
5106299,Paranaíta,2019,Sem Região Turística,Uninformed,,,,,
5106315,Novo Santo Antônio,2017,Sem Região Turística,Uninformed,,,,,
5106315,Novo Santo Antônio,2019,Sem Região Turística,Uninformed,,,,,
5106455,Planalto da Serra,2017,Sem Região Turística,Uninformed,,,,,
5106455,Planalto da Serra,2019,Sem Região Turística,Uninformed,,,,,
5106653,Pontal do Araguaia,2019,Sem Região Turística,Uninformed,,,,,
5106752,Pontes e Lacerda,2019,Sem Região Turística,Uninformed,,,,,
5106778,Porto Alegre do Norte,2017,Sem Região Turística,Uninformed,,,,,
5106828,Porto Esperidião,2017,Sem Região Turística,Uninformed,,,,,
5106851,Porto Estrela,2019,Sem Região Turística,Uninformed,,,,,
5107065,Querência,2017,Sem Região Turística,Uninformed,,,,,
5107156,Reserva do Cabaçal,2019,Sem Região Turística,Uninformed,,,,,
5107198,Ribeirãozinho,2017,Sem Região Turística,Uninformed,,,,,
5107198,Ribeirãozinho,2019,Sem Região Turística,Uninformed,,,,,
5107248,Santa Carmem,2017,Sem Região Turística,Uninformed,,,,,
5107263,Santo Afonso,2017,Sem Região Turística,Uninformed,,,,,
5107263,Santo Afonso,2019,Sem Região Turística,Uninformed,,,,,
5107297,São José do Povo,2017,Sem Região Turística,Uninformed,,,,,
5107297,São José do Povo,2019,Sem Região Turística,Uninformed,,,,,
5107354,São José do Xingu,2017,Sem Região Turística,Uninformed,,,,,
5107354,São José do Xingu,2019,Sem Região Turística,Uninformed,,,,,
5107578,Rondolândia,2017,Sem Região Turística,Uninformed,,,,,
5107578,Rondolândia,2019,Sem Região Turística,Uninformed,,,,,
5107602,Rondonópolis,2019,Sem Região Turística,Uninformed,,,,,
5107743,Santa Cruz do Xingu,2017,Sem Região Turística,Uninformed,,,,,
5107743,Santa Cruz do Xingu,2019,Sem Região Turística,Uninformed,,,,,
5107768,Santa Rita do Trivelato,2017,Sem Região Turística,Uninformed,,,,,
5107768,Santa Rita do Trivelato,2019,Sem Região Turística,Uninformed,,,,,
5107792,Santo Antônio do Leste,2017,Sem Região Turística,Uninformed,,,,,
5107792,Santo Antônio do Leste,2019,Sem Região Turística,Uninformed,,,,,
5107883,Serra Nova Dourada,2017,Sem Região Turística,Uninformed,,,,,
5107883,Serra Nova Dourada,2019,Sem Região Turística,Uninformed,,,,,
5107941,Tabaporã,2019,Sem Região Turística,Uninformed,,,,,
5108055,Terra Nova do Norte,2017,Sem Região Turística,Uninformed,,,,,
5108303,União do Sul,2017,Sem Região Turística,Uninformed,,,,,
5108303,União do Sul,2019,Sem Região Turística,Uninformed,,,,,
5108352,Vale de São Domingos,2017,Sem Região Turística,Uninformed,,,,,
5108352,Vale de São Domingos,2019,Sem Região Turística,Uninformed,,,,,
5108501,Vera,2017,Sem Região Turística,Uninformed,,,,,
5108501,Vera,2019,Sem Região Turística,Uninformed,,,,,
5108600,Vila Rica,2017,Sem Região Turística,Uninformed,,,,,
5108600,Vila Rica,2019,Sem Região Turística,Uninformed,,,,,
5108808,Nova Guarita,2017,Sem Região Turística,Uninformed,,,,,
5108808,Nova Guarita,2019,Sem Região Turística,Uninformed,,,,,
5108857,Nova Marilândia,2017,Sem Região Turística,Uninformed,,,,,
5108907,Nova Maringá,2017,Sem Região Turística,Uninformed,,,,,
5108907,Nova Maringá,2019,Sem Região Turística,Uninformed,,,,,
5108956,Nova Monte Verde,2017,Sem Região Turística,Uninformed,,,,,
5103403,Cuiabá,2016,Região Turística Metropolitana,A,,149.0,,,
5103403,Cuiabá,2017,Região Turística Metropolitana,A,1326.0,67.0,1099626.0,22162.0,
5103403,Cuiabá,2019,Região Turística Metropolitana,A,1257.0,77.0,1099626.0,22923.0,10931688.0
5101803,Barra do Garças,2016,Região Turística Portal Do Araguaia,B,,19.0,,,
5101803,Barra do Garças,2017,Região Turística Portal Do Araguaia,B,143.0,22.0,186456.0,1617.0,
5101803,Barra do Garças,2019,Região Turística Portal Do Araguaia,B,165.0,22.0,186456.0,1080.0,923591.0
5107909,Sinop,2016,Região Turística Portal Do Agronegócio,B,,32.0,,,
5107909,Sinop,2017,Região Turística Portal Do Agronegócio,B,251.0,24.0,264856.0,668.0,
5107909,Sinop,2019,Região Turística Portal Do Agronegócio,B,263.0,31.0,264856.0,706.0,2496870.0
5107925,Sorriso,2017,Região Turística Portal Do Agronegócio,B,166.0,22.0,79398.0,699.0,
5107925,Sorriso,2019,Região Turística Portal Do Agronegócio,B,194.0,19.0,79398.0,1131.0,1563181.0
5102504,Cáceres,2016,Região Turística  Pantanal Mato-Grossense,B,,28.0,,,
5102504,Cáceres,2017,Região Turística  Pantanal Mato-Grossense,B,125.0,29.0,157853.0,227.0,
5102504,Cáceres,2019,Região Turística  Pantanal Mato-Grossense,B,126.0,19.0,157853.0,1203.0,994015.0
5106505,Poconé,2017,Região Turística  Pantanal Mato-Grossense,B,271.0,24.0,14093.0,1129.0,
5106505,Poconé,2019,Região Turística  Pantanal Mato-Grossense,B,299.0,20.0,14093.0,797.0,4834919.0
5107958,Tangará da Serra,2019,Região Turística Das Nascentes,B,156.0,21.0,36217.0,651.0,734049.0
5107040,Primavera do Leste,2017,Região Turística Rota Dos Ipês E Das Águas,B,157.0,22.0,150883.0,570.0,
5107040,Primavera do Leste,2019,Região Turística Rota Dos Ipês E Das Águas,B,154.0,25.0,150883.0,922.0,1459295.0
5107602,Rondonópolis,2016,Região Turística Rota Dos Ipês E Das Águas,B,,40.0,,,
5107602,Rondonópolis,2017,Região Turística Rota Dos Ipês E Das Águas,B,459.0,33.0,165958.0,1418.0,
5103007,Chapada dos Guimarães,2019,Associação De Turismo Da Região Circuito Das Águas - Aturcira,B,387.0,20.0,31657.0,665.0,5118818.0
5103007,Chapada dos Guimarães,2017,Região Turística Circuito Das Águas,B,432.0,29.0,31657.0,1261.0,
5108402,Várzea Grande,2016,Região Turística Metropolitana,B,,42.0,,,
5108402,Várzea Grande,2017,Região Turística Metropolitana,B,322.0,32.0,46651.0,115.0,
5108402,Várzea Grande,2019,Região Turística Metropolitana,B,295.0,35.0,46651.0,111.0,3225717.0
5102702,Canarana,2016,Região Turística Portal Do Araguaia,C,,12.0,,,
5102702,Canarana,2017,Região Turística Portal Do Araguaia,C,35.0,12.0,2336.0,114.0,
5102702,Canarana,2019,Região Turística Portal Do Araguaia,C,38.0,10.0,2336.0,206.0,286399.0
5106257,Nova Xavantina,2016,Região Turística Portal Do Araguaia,C,,11.0,,,
5106257,Nova Xavantina,2017,Região Turística Portal Do Araguaia,C,25.0,9.0,15975.0,223.0,
5107065,Querência,2019,Região Turística Portal Do Araguaia,C,33.0,8.0,305.0,258.0,399347.0
5105259,Lucas do Rio Verde,2016,Região Turística Portal Do Agronegócio,C,,19.0,,,
5105259,Lucas do Rio Verde,2017,Região Turística Portal Do Agronegócio,C,120.0,21.0,3810.0,457.0,
5105259,Lucas do Rio Verde,2019,Região Turística Portal Do Agronegócio,C,115.0,18.0,3810.0,1903.0,1211941.0
5106224,Nova Mutum,2016,Região Turística Portal Do Agronegócio,C,,17.0,,,
5106224,Nova Mutum,2017,Região Turística Portal Do Agronegócio,C,99.0,15.0,15309.0,0.0,
5106224,Nova Mutum,2019,Região Turística Portal Do Agronegócio,C,89.0,14.0,15309.0,0.0,708887.0
5107925,Sorriso,2016,Região Turística Portal Do Agronegócio,C,,26.0,,,
5103205,Colíder,2016,Região Turística Portal Da Amazônia,C,,12.0,,,
5103205,Colíder,2017,Região Turística Portal Da Amazônia,C,39.0,9.0,17011.0,0.0,
5103205,Colíder,2019,Região Turística Portal Da Amazônia,C,31.0,8.0,17011.0,182.0,167522.0
5104104,Guarantã do Norte,2016,Região Turística Portal Da Amazônia,C,,13.0,,,
5104104,Guarantã do Norte,2017,Região Turística Portal Da Amazônia,C,30.0,11.0,45238.0,102.0,
5104104,Guarantã do Norte,2019,Região Turística Portal Da Amazônia,C,28.0,10.0,45238.0,0.0,199746.0
5106422,Peixoto de Azevedo,2017,Região Turística Portal Da Amazônia,C,17.0,9.0,0.0,111.0,
5106422,Peixoto de Azevedo,2019,Região Turística Portal Da Amazônia,C,32.0,8.0,0.0,124.0,92259.0
5103353,Confresa,2017,Região Turística Vale Do Araguaia,C,43.0,7.0,7621.0,102.0,
5101605,Barão de Melgaço,2019,Região Turística  Pantanal Mato-Grossense,C,23.0,7.0,11424.0,0.0,
5106158,Nova Bandeirantes,2017,Região Turística  Pantanal Mato-Grossense,C,14.0,7.0,3135.0,0.0,
5106505,Poconé,2016,Região Turística  Pantanal Mato-Grossense,C,,13.0,,,
5107800,Santo Antônio do Leverger,2017,Região Turística  Pantanal Mato-Grossense,C,88.0,8.0,10638.0,0.0,
5102637,Campo Novo do Parecis,2016,Região Turística Das Nascentes,C,,14.0,,,
5102637,Campo Novo do Parecis,2017,Região Turística Das Nascentes,C,68.0,11.0,83967.0,409.0,
5102637,Campo Novo do Parecis,2019,Região Turística Das Nascentes,C,65.0,10.0,83967.0,207.0,525237.0
5102686,Campos de Júlio,2017,Região Turística Das Nascentes,C,13.0,6.0,48165.0,0.0,
5102686,Campos de Júlio,2019,Região Turística Das Nascentes,C,16.0,4.0,48165.0,0.0,
5107875,Sapezal,2016,Região Turística Das Nascentes,C,,16.0,,,
5107875,Sapezal,2017,Região Turística Das Nascentes,C,49.0,7.0,123803.0,116.0,
5107875,Sapezal,2019,Região Turística Das Nascentes,C,63.0,10.0,123803.0,389.0,499126.0
5107958,Tangará da Serra,2016,Região Turística Das Nascentes,C,,19.0,,,
5107958,Tangará da Serra,2017,Região Turística Das Nascentes,C,124.0,20.0,36217.0,861.0,
5106307,Paranatinga,2017,Região Turística Rota Dos Ipês E Das Águas,C,30.0,10.0,0.0,412.0,
5107040,Primavera do Leste,2016,Região Turística Rota Dos Ipês E Das Águas,C,,29.0,,,
5101407,Aripuanã,2016,Região Turística Vale Do Juruena,C,,11.0,,,
5101407,Aripuanã,2017,Região Turística Vale Do Juruena,C,16.0,11.0,24248.0,0.0,
5105150,Juína,2016,Região Turística Vale Do Juruena,C,,10.0,,,
5105150,Juína,2017,Região Turística Vale Do Juruena,C,53.0,14.0,13722.0,0.0,
5105150,Juína,2019,Região Turística Vale Do Juruena,C,48.0,13.0,13722.0,102.0,283290.0
5102678,Campo Verde,2016,Região Turística Vale Do São Lourenço,C,,13.0,,,
5102678,Campo Verde,2017,Região Turística Vale Do São Lourenço,C,79.0,11.0,40546.0,157.0,
5102678,Campo Verde,2019,Região Turística Vale Do São Lourenço,C,81.0,11.0,40546.0,207.0,505277.0
5104807,Jaciara,2016,Região Turística Vale Do São Lourenço,C,,11.0,,,
5104807,Jaciara,2017,Região Turística Vale Do São Lourenço,C,62.0,9.0,41298.0,259.0,
5104807,Jaciara,2019,Região Turística Vale Do São Lourenço,C,66.0,12.0,41298.0,0.0,569343.0
5105200,Juscimeira,2017,Região Turística Vale Do São Lourenço,C,38.0,7.0,284.0,0.0,
5106752,Pontes e Lacerda,2016,Região Turística Vale Do Guaporé,C,,12.0,,,
5106752,Pontes e Lacerda,2017,Região Turística Vale Do Guaporé,C,68.0,16.0,42375.0,141.0,
5103502,Diamantino,2019,Associação De Turismo Da Região Circuito Das Águas - Aturcira,C,33.0,7.0,4094.0,245.0,
5105903,Nobres,2019,Associação De Turismo Da Região Circuito Das Águas - Aturcira,C,27.0,15.0,11606.0,82.0,74280.0
5103007,Chapada dos Guimarães,2016,Região Turística Nascentes Do Rio Cuiabá,C,,24.0,,,
5103502,Diamantino,2017,Região Turística Circuito Das Águas,C,28.0,7.0,4094.0,0.0,
5105903,Nobres,2017,Região Turística Circuito Das Águas,C,26.0,19.0,11606.0,0.0,
5100250,Alta Floresta,2017,Região Turística Amazônia Mato-Grossense,C,158.0,19.0,37445.0,932.0,
5100250,Alta Floresta,2019,Região Turística Amazônia Mato-Grossense,C,130.0,18.0,37445.0,1034.0,844186.0
5106158,Nova Bandeirantes,2019,Região Turística Amazônia Mato-Grossense,C,15.0,7.0,3135.0,0.0,
5106299,Paranaíta,2017,Região Turística Amazônia Mato-Grossense,C,70.0,8.0,3811.0,0.0,
5103353,Confresa,2019,Região Turística Norte Araguaia,C,45.0,8.0,7621.0,0.0,279023.0
5100250,Alta Floresta,2016,Região Turística Do Cristalino,C,,16.0,,,
5100201,Água Boa,2016,Sem Região Turística,D,,7.0,,,
5100359,Alto Boa Vista,2016,Sem Região Turística,D,,2.0,,,
5100508,Alto Paraguai,2016,Sem Região Turística,D,,0.0,,,
5100607,Alto Taquari,2016,Sem Região Turística,D,,6.0,,,
5100805,Apiacás,2016,Sem Região Turística,D,,3.0,,,
5101209,Araguainha,2016,Sem Região Turística,D,,2.0,,,
5101308,Arenápolis,2016,Sem Região Turística,D,,2.0,,,
5101852,Bom Jesus do Araguaia,2016,Sem Região Turística,D,,1.0,,,
5101902,Brasnorte,2016,Sem Região Turística,D,,8.0,,,
5102603,Campinápolis,2016,Sem Região Turística,D,,2.0,,,
5102686,Campos de Júlio,2016,Sem Região Turística,D,,6.0,,,
5102694,Canabrava do Norte,2016,Sem Região Turística,D,,1.0,,,
5102850,Castanheira,2016,Sem Região Turística,D,,1.0,,,
5103056,Cláudia,2016,Sem Região Turística,D,,4.0,,,
5103106,Cocalinho,2016,Sem Região Turística,D,,2.0,,,
5103254,Colniza,2016,Sem Região Turística,D,,5.0,,,
5103353,Confresa,2016,Sem Região Turística,D,,6.0,,,
5103452,Denise,2016,Sem Região Turística,D,,0.0,,,
5103700,Feliz Natal,2016,Sem Região Turística,D,,3.0,,,
5103809,Figueirópolis D'Oeste,2016,Sem Região Turística,D,,2.0,,,
5103858,Gaúcha do Norte,2016,Sem Região Turística,D,,2.0,,,
5103908,General Carneiro,2016,Sem Região Turística,D,,1.0,,,
5104526,Ipiranga do Norte,2016,Sem Região Turística,D,,1.0,,,
5104542,Itanhangá,2016,Sem Região Turística,D,,2.0,,,
5106190,Nova Santa Helena,2016,Sem Região Turística,D,,1.0,,,
5106232,Nova Olímpia,2016,Sem Região Turística,D,,4.0,,,
5106265,Novo Mundo,2016,Sem Região Turística,D,,1.0,,,
5106307,Paranatinga,2016,Sem Região Turística,D,,10.0,,,
5106315,Novo Santo Antônio,2016,Sem Região Turística,D,,2.0,,,
5106372,Pedra Preta,2016,Sem Região Turística,D,,3.0,,,
5106455,Planalto da Serra,2016,Sem Região Turística,D,,1.0,,,
5106778,Porto Alegre do Norte,2016,Sem Região Turística,D,,3.0,,,
5106851,Porto Estrela,2016,Sem Região Turística,D,,1.0,,,
5107065,Querência,2016,Sem Região Turística,D,,6.0,,,
5107180,Ribeirão Cascalheira,2016,Sem Região Turística,D,,2.0,,,
5107198,Ribeirãozinho,2016,Sem Região Turística,D,,3.0,,,
5107743,Santa Cruz do Xingu,2016,Sem Região Turística,D,,1.0,,,
5107792,Santo Antônio do Leste,2016,Sem Região Turística,D,,1.0,,,
5107883,Serra Nova Dourada,2016,Sem Região Turística,D,,0.0,,,
5108006,Tapurah,2016,Sem Região Turística,D,,4.0,,,
5108055,Terra Nova do Norte,2016,Sem Região Turística,D,,4.0,,,
5108105,Tesouro,2016,Sem Região Turística,D,,1.0,,,
5108352,Vale de São Domingos,2016,Sem Região Turística,D,,2.0,,,
5108501,Vera,2016,Sem Região Turística,D,,2.0,,,
5108600,Vila Rica,2016,Sem Região Turística,D,,5.0,,,
5108857,Nova Marilândia,2016,Sem Região Turística,D,,1.0,,,
5108907,Nova Maringá,2016,Sem Região Turística,D,,2.0,,,
5102603,Campinápolis,2017,Região Turística Portal Do Araguaia,D,0.0,2.0,0.0,145.0,
5102603,Campinápolis,2019,Região Turística Portal Do Araguaia,D,0.0,0.0,0.0,116.0,
5103106,Cocalinho,2017,Região Turística Portal Do Araguaia,D,5.0,3.0,11772.0,102.0,
5103106,Cocalinho,2019,Região Turística Portal Do Araguaia,D,3.0,2.0,11772.0,0.0,
5103858,Gaúcha do Norte,2017,Região Turística Portal Do Araguaia,D,1.0,4.0,0.0,0.0,
5105309,Luciara,2016,Região Turística Portal Do Araguaia,D,,1.0,,,
5106257,Nova Xavantina,2019,Região Turística Portal Do Araguaia,D,22.0,5.0,15975.0,196.0,191558.0
5106281,Novo São Joaquim,2016,Região Turística Portal Do Araguaia,D,,1.0,,,
5106281,Novo São Joaquim,2017,Região Turística Portal Do Araguaia,D,0.0,2.0,2591.0,0.0,
5107180,Ribeirão Cascalheira,2017,Região Turística Portal Do Araguaia,D,7.0,3.0,2591.0,433.0,
5107180,Ribeirão Cascalheira,2019,Região Turística Portal Do Araguaia,D,8.0,4.0,2591.0,116.0,
5107776,Santa Terezinha,2016,Região Turística Portal Do Araguaia,D,,0.0,,,
5107859,São Félix do Araguaia,2016,Região Turística Portal Do Araguaia,D,,6.0,,,
5103056,Cláudia,2017,Região Turística Portal Do Agronegócio,D,7.0,3.0,8042.0,69.0,
5103056,Cláudia,2019,Região Turística Portal Do Agronegócio,D,6.0,4.0,8042.0,0.0,
5106240,Nova Ubiratã,2016,Região Turística Portal Do Agronegócio,D,,5.0,,,
5106240,Nova Ubiratã,2017,Região Turística Portal Do Agronegócio,D,5.0,5.0,0.0,0.0,
5106240,Nova Ubiratã,2019,Região Turística Portal Do Agronegócio,D,4.0,2.0,0.0,0.0,
5106802,Porto dos Gaúchos,2019,Região Turística Portal Do Agronegócio,D,2.0,1.0,0.0,0.0,
5107248,Santa Carmem,2019,Região Turística Portal Do Agronegócio,D,0.0,0.0,0.0,0.0,
5108006,Tapurah,2017,Região Turística Portal Do Agronegócio,D,7.0,4.0,0.0,102.0,
5108006,Tapurah,2019,Região Turística Portal Do Agronegócio,D,9.0,3.0,0.0,0.0,
5104559,Itaúba,2016,Região Turística Portal Da Amazônia,D,,3.0,,,
5104559,Itaúba,2017,Região Turística Portal Da Amazônia,D,29.0,3.0,1745.0,0.0,
5104559,Itaúba,2019,Região Turística Portal Da Amazônia,D,11.0,2.0,1745.0,0.0,
5105580,Marcelândia,2016,Região Turística Portal Da Amazônia,D,,2.0,,,
5105606,Matupá,2016,Região Turística Portal Da Amazônia,D,,4.0,,,
5105606,Matupá,2017,Região Turística Portal Da Amazônia,D,17.0,5.0,10071.0,313.0,
5105606,Matupá,2019,Região Turística Portal Da Amazônia,D,26.0,6.0,10071.0,188.0,
5106190,Nova Santa Helena,2017,Região Turística Portal Da Amazônia,D,3.0,1.0,0.0,0.0,
5106216,Nova Canaã do Norte,2016,Região Turística Portal Da Amazônia,D,,3.0,,,
5106216,Nova Canaã do Norte,2017,Região Turística Portal Da Amazônia,D,4.0,3.0,0.0,0.0,
5106265,Novo Mundo,2019,Região Turística Portal Da Amazônia,D,3.0,1.0,0.0,0.0,
5106422,Peixoto de Azevedo,2016,Região Turística Portal Da Amazônia,D,,10.0,,,
5108055,Terra Nova do Norte,2019,Região Turística Portal Da Amazônia,D,2.0,1.0,0.0,0.0,
5100300,Alto Araguaia,2016,Região Turística Domo De Araguainha,D,,7.0,,,
5100300,Alto Araguaia,2017,Região Turística Domo De Araguainha,D,31.0,4.0,24117.0,131.0,
5100300,Alto Araguaia,2019,Região Turística Domo De Araguainha,D,24.0,4.0,24117.0,111.0,
5100409,Alto Garças,2016,Região Turística Domo De Araguainha,D,,3.0,,,
5100409,Alto Garças,2017,Região Turística Domo De Araguainha,D,23.0,1.0,1895.0,0.0,
5100409,Alto Garças,2019,Região Turística Domo De Araguainha,D,26.0,4.0,1895.0,0.0,
5100607,Alto Taquari,2017,Região Turística Domo De Araguainha,D,35.0,5.0,0.0,0.0,
5100607,Alto Taquari,2019,Região Turística Domo De Araguainha,D,36.0,5.0,0.0,0.0,
5104203,Guiratinga,2016,Região Turística Domo De Araguainha,D,,5.0,,,
5104203,Guiratinga,2017,Região Turística Domo De Araguainha,D,11.0,2.0,5839.0,0.0,
5104203,Guiratinga,2019,Região Turística Domo De Araguainha,D,9.0,3.0,5839.0,0.0,
5106703,Ponte Branca,2016,Região Turística Domo De Araguainha,D,,1.0,,,
5106703,Ponte Branca,2017,Região Turística Domo De Araguainha,D,0.0,1.0,5764.0,0.0,
5106703,Ponte Branca,2019,Região Turística Domo De Araguainha,D,0.0,0.0,5764.0,0.0,
5108105,Tesouro,2017,Região Turística Domo De Araguainha,D,0.0,1.0,0.0,0.0,
5108105,Tesouro,2019,Região Turística Domo De Araguainha,D,1.0,1.0,0.0,0.0,
5108204,Torixoréu,2016,Região Turística Domo De Araguainha,D,,0.0,,,
5108204,Torixoréu,2017,Região Turística Domo De Araguainha,D,0.0,0.0,2591.0,0.0,
5108204,Torixoréu,2019,Região Turística Domo De Araguainha,D,0.0,0.0,2591.0,80.0,
5101258,Araputanga,2016,Região Turística Vale Do Cabaçal,D,,8.0,,,
5103437,Curvelândia,2016,Região Turística Vale Do Cabaçal,D,,1.0,,,
5103437,Curvelândia,2017,Região Turística Vale Do Cabaçal,D,0.0,1.0,0.0,290.0,
5105234,Lambari D'Oeste,2016,Região Turística Vale Do Cabaçal,D,,2.0,,,
5105234,Lambari D'Oeste,2017,Região Turística Vale Do Cabaçal,D,3.0,2.0,4903.0,0.0,
5105234,Lambari D'Oeste,2019,Região Turística Vale Do Cabaçal,D,2.0,1.0,4903.0,0.0,
5105622,Mirassol D'Oeste,2016,Região Turística Vale Do Cabaçal,D,,7.0,,,
5105622,Mirassol D'Oeste,2017,Região Turística Vale Do Cabaçal,D,33.0,4.0,8406.0,0.0,
5105622,Mirassol D'Oeste,2019,Região Turística Vale Do Cabaçal,D,32.0,5.0,8406.0,354.0,
5107107,São José dos Quatro Marcos,2016,Região Turística Vale Do Cabaçal,D,,4.0,,,
5107107,São José dos Quatro Marcos,2017,Região Turística Vale Do Cabaçal,D,22.0,3.0,12708.0,195.0,
5107107,São José dos Quatro Marcos,2019,Região Turística Vale Do Cabaçal,D,19.0,3.0,12708.0,187.0,
5107156,Reserva do Cabaçal,2016,Região Turística Vale Do Cabaçal,D,,1.0,,,
5107156,Reserva do Cabaçal,2017,Região Turística Vale Do Cabaçal,D,4.0,1.0,0.0,0.0,
5107206,Rio Branco,2016,Região Turística Vale Do Cabaçal,D,,2.0,,,
5107206,Rio Branco,2017,Região Turística Vale Do Cabaçal,D,0.0,1.0,0.0,168.0,
5107206,Rio Branco,2019,Região Turística Vale Do Cabaçal,D,0.0,0.0,0.0,64.0,
5107750,Salto do Céu,2016,Região Turística Vale Do Cabaçal,D,,0.0,,,
5107750,Salto do Céu,2017,Região Turística Vale Do Cabaçal,D,0.0,0.0,3324.0,0.0,
5107750,Salto do Céu,2019,Região Turística Vale Do Cabaçal,D,0.0,0.0,3324.0,182.0,
5107776,Santa Terezinha,2017,Região Turística Vale Do Araguaia,D,0.0,0.0,1494.0,0.0,
5107859,São Félix do Araguaia,2017,Região Turística Vale Do Araguaia,D,17.0,6.0,1503.0,189.0,
5101605,Barão de Melgaço,2016,Região Turística  Pantanal Mato-Grossense,D,,4.0,,,
5101605,Barão de Melgaço,2017,Região Turística  Pantanal Mato-Grossense,D,35.0,4.0,11424.0,0.0,
5105507,Vila Bela da Santíssima Trindade,2019,Região Turística  Pantanal Mato-Grossense,D,0.0,0.0,1548.0,111.0,
5106109,Nossa Senhora do Livramento,2017,Região Turística  Pantanal Mato-Grossense,D,0.0,1.0,0.0,0.0,
5106828,Porto Esperidião,2019,Região Turística  Pantanal Mato-Grossense,D,11.0,2.0,0.0,207.0,
5107800,Santo Antônio do Leverger,2016,Região Turística  Pantanal Mato-Grossense,D,,4.0,,,
5107800,Santo Antônio do Leverger,2019,Região Turística  Pantanal Mato-Grossense,D,81.0,4.0,10638.0,0.0,
5101704,Barra do Bugres,2016,Região Turística Das Nascentes,D,,7.0,,,
5101704,Barra do Bugres,2017,Região Turística Das Nascentes,D,31.0,3.0,11547.0,102.0,
5101704,Barra do Bugres,2019,Região Turística Das Nascentes,D,25.0,2.0,11547.0,381.0,
5101902,Brasnorte,2017,Região Turística Das Nascentes,D,12.0,4.0,0.0,0.0,
5106232,Nova Olímpia,2019,Região Turística Das Nascentes,D,25.0,1.0,10945.0,75.0,
5106851,Porto Estrela,2017,Região Turística Das Nascentes,D,0.0,0.0,3324.0,0.0,
5104609,Itiquira,2016,Região Turística Rota Dos Ipês E Das Águas,D,,11.0,,,
5104609,Itiquira,2017,Região Turística Rota Dos Ipês E Das Águas,D,8.0,3.0,2028.0,141.0,
5104609,Itiquira,2019,Região Turística Rota Dos Ipês E Das Águas,D,9.0,4.0,2028.0,0.0,
5106307,Paranatinga,2019,Região Turística Rota Dos Ipês E Das Águas,D,31.0,5.0,0.0,191.0,
5106372,Pedra Preta,2017,Região Turística Rota Dos Ipês E Das Águas,D,15.0,4.0,0.0,0.0,
5106372,Pedra Preta,2019,Região Turística Rota Dos Ipês E Das Águas,D,16.0,3.0,0.0,0.0,
5107008,Poxoréu,2016,Região Turística Rota Dos Ipês E Das Águas,D,,2.0,,,
5107008,Poxoréu,2017,Região Turística Rota Dos Ipês E Das Águas,D,0.0,0.0,15766.0,180.0,
5107008,Poxoréu,2019,Região Turística Rota Dos Ipês E Das Águas,D,0.0,0.0,15766.0,186.0,
5101407,Aripuanã,2019,Região Turística Vale Do Juruena,D,14.0,5.0,24248.0,318.0,
5103379,Cotriguaçu,2016,Região Turística Vale Do Juruena,D,,1.0,,,
5105101,Juara,2016,Região Turística Vale Do Juruena,D,,4.0,,,
5105176,Juruena,2016,Região Turística Vale Do Juruena,D,,5.0,,,
5105176,Juruena,2017,Região Turística Vale Do Juruena,D,7.0,3.0,0.0,155.0,
5105176,Juruena,2019,Região Turística Vale Do Juruena,D,9.0,2.0,0.0,0.0,
5106802,Porto dos Gaúchos,2016,Região Turística Vale Do Juruena,D,,2.0,,,
5107941,Tabaporã,2016,Região Turística Vale Do Juruena,D,,4.0,,,
5103601,Dom Aquino,2016,Região Turística Vale Do São Lourenço,D,,3.0,,,
5103601,Dom Aquino,2017,Região Turística Vale Do São Lourenço,D,5.0,2.0,9640.0,0.0,
5105200,Juscimeira,2016,Região Turística Vale Do São Lourenço,D,,10.0,,,
5105200,Juscimeira,2019,Região Turística Vale Do São Lourenço,D,28.0,3.0,284.0,0.0,
5103304,Comodoro,2016,Região Turística Vale Do Guaporé,D,,7.0,,,
5103304,Comodoro,2017,Região Turística Vale Do Guaporé,D,32.0,6.0,3711.0,240.0,
5103361,Conquista D'Oeste,2016,Região Turística Vale Do Guaporé,D,,1.0,,,
5103361,Conquista D'Oeste,2017,Região Turística Vale Do Guaporé,D,5.0,2.0,0.0,0.0,
5103809,Figueirópolis D'Oeste,2017,Região Turística Vale Do Guaporé,D,1.0,1.0,0.0,0.0,
5105002,Jauru,2017,Região Turística Vale Do Guaporé,D,8.0,2.0,0.0,0.0,
5105507,Vila Bela da Santíssima Trindade,2016,Região Turística Vale Do Guaporé,D,,3.0,,,
5105507,Vila Bela da Santíssima Trindade,2017,Região Turística Vale Do Guaporé,D,1.0,2.0,1548.0,0.0,
5106182,Nova Lacerda,2016,Região Turística Vale Do Guaporé,D,,2.0,,,
5106182,Nova Lacerda,2017,Região Turística Vale Do Guaporé,D,6.0,2.0,0.0,0.0,
5100102,Acorizal,2019,Associação De Turismo Da Região Circuito Das Águas - Aturcira,D,0.0,0.0,5928.0,0.0,
5101308,Arenápolis,2019,Associação De Turismo Da Região Circuito Das Águas - Aturcira,D,6.0,3.0,284.0,0.0,
5103452,Denise,2019,Associação De Turismo Da Região Circuito Das Águas - Aturcira,D,1.0,1.0,3499.0,75.0,
5104906,Jangada,2019,Associação De Turismo Da Região Circuito Das Águas - Aturcira,D,5.0,3.0,284.0,0.0,
5106000,Nortelândia,2019,Associação De Turismo Da Região Circuito Das Águas - Aturcira,D,4.0,1.0,9385.0,0.0,
5106208,Nova Brasilândia,2019,Associação De Turismo Da Região Circuito Das Águas - Aturcira,D,1.0,1.0,0.0,0.0,
5107305,São José do Rio Claro,2019,Associação De Turismo Da Região Circuito Das Águas - Aturcira,D,17.0,4.0,11603.0,182.0,
5107701,Rosário Oeste,2019,Associação De Turismo Da Região Circuito Das Águas - Aturcira,D,8.0,2.0,8879.0,207.0,
5108857,Nova Marilândia,2019,Associação De Turismo Da Região Circuito Das Águas - Aturcira,D,3.0,1.0,0.0,0.0,
5100102,Acorizal,2016,Região Turística Nascentes Do Rio Cuiabá,D,,0.0,,,
5103502,Diamantino,2016,Região Turística Nascentes Do Rio Cuiabá,D,,9.0,,,
5104906,Jangada,2016,Região Turística Nascentes Do Rio Cuiabá,D,,4.0,,,
5105903,Nobres,2016,Região Turística Nascentes Do Rio Cuiabá,D,,8.0,,,
5106000,Nortelândia,2016,Região Turística Nascentes Do Rio Cuiabá,D,,2.0,,,
5107305,São José do Rio Claro,2016,Região Turística Nascentes Do Rio Cuiabá,D,,5.0,,,
5107701,Rosário Oeste,2016,Região Turística Nascentes Do Rio Cuiabá,D,,4.0,,,
5104906,Jangada,2017,Região Turística Circuito Das Águas,D,8.0,3.0,284.0,0.0,
5106000,Nortelândia,2017,Região Turística Circuito Das Águas,D,5.0,2.0,9385.0,0.0,
5107305,São José do Rio Claro,2017,Região Turística Circuito Das Águas,D,16.0,5.0,11603.0,0.0,
5107701,Rosário Oeste,2017,Região Turística Circuito Das Águas,D,6.0,4.0,8879.0,0.0,
5100805,Apiacás,2019,Região Turística Amazônia Mato-Grossense,D,14.0,3.0,9101.0,0.0,
5102793,Carlinda,2017,Região Turística Amazônia Mato-Grossense,D,0.0,1.0,10444.0,0.0,
5108956,Nova Monte Verde,2019,Região Turística Amazônia Mato-Grossense,D,5.0,2.0,5555.0,0.0,
5102694,Canabrava do Norte,2019,Região Turística Norte Araguaia,D,0.0,1.0,0.0,0.0,
5106778,Porto Alegre do Norte,2019,Região Turística Norte Araguaia,D,3.0,2.0,22788.0,1758.0,
5107776,Santa Terezinha,2019,Região Turística Norte Araguaia,D,0.0,0.0,1494.0,0.0,
5107859,São Félix do Araguaia,2019,Região Turística Norte Araguaia,D,12.0,5.0,1503.0,0.0,
5102793,Carlinda,2016,Região Turística Do Cristalino,D,,1.0,,,
5106158,Nova Bandeirantes,2016,Região Turística Do Cristalino,D,,5.0,,,
5106299,Paranaíta,2016,Região Turística Do Cristalino,D,,7.0,,,
5108956,Nova Monte Verde,2016,Região Turística Do Cristalino,D,,5.0,,,
5105101,Juara,2017,Região Turística Vale Do Arinos,D,44.0,5.0,12420.0,0.0,
5106802,Porto dos Gaúchos,2017,Região Turística Vale Do Arinos,D,1.0,2.0,0.0,0.0,
5107941,Tabaporã,2017,Região Turística Vale Do Arinos,D,3.0,4.0,0.0,0.0,
5101001,Araguaiana,2016,Sem Região Turística,E,,0.0,,,
5103957,Glória D'Oeste,2016,Sem Região Turística,E,,0.0,,,
5104500,Indiavaí,2016,Sem Região Turística,E,,0.0,,,
5106174,Nova Nazaré,2016,Sem Região Turística,E,,0.0,,,
5106208,Nova Brasilândia,2016,Sem Região Turística,E,,0.0,,,
5106273,Novo Horizonte do Norte,2016,Sem Região Turística,E,,0.0,,,
5106653,Pontal do Araguaia,2016,Sem Região Turística,E,,0.0,,,
5106828,Porto Esperidião,2016,Sem Região Turística,E,,0.0,,,
5107248,Santa Carmem,2016,Sem Região Turística,E,,0.0,,,
5107263,Santo Afonso,2016,Sem Região Turística,E,,0.0,,,
5107297,São José do Povo,2016,Sem Região Turística,E,,0.0,,,
5107354,São José do Xingu,2016,Sem Região Turística,E,,0.0,,,
5107404,São Pedro da Cipa,2016,Sem Região Turística,E,,0.0,,,
5107578,Rondolândia,2016,Sem Região Turística,E,,0.0,,,
5107768,Santa Rita do Trivelato,2016,Sem Região Turística,E,,0.0,,,
5108303,União do Sul,2016,Sem Região Turística,E,,0.0,,,
5108808,Nova Guarita,2016,Sem Região Turística,E,,0.0,,,
5106653,Pontal do Araguaia,2017,Região Turística Portal Do Araguaia,E,0.0,0.0,0.0,0.0,
5106273,Novo Horizonte do Norte,2019,Região Turística Portal Do Agronegócio,E,0.0,0.0,0.0,0.0,
5101209,Araguainha,2017,Região Turística Domo De Araguainha,E,0.0,0.0,0.0,0.0,
5102694,Canabrava do Norte,2017,Região Turística Vale Do Araguaia,E,0.0,0.0,0.0,0.0,
5105309,Luciara,2017,Região Turística Vale Do Araguaia,E,0.0,0.0,0.0,0.0,
5106109,Nossa Senhora do Livramento,2016,Região Turística  Pantanal Mato-Grossense,E,,0.0,,,
5106109,Nossa Senhora do Livramento,2019,Região Turística  Pantanal Mato-Grossense,E,0.0,0.0,0.0,0.0,
5107404,São Pedro da Cipa,2017,Região Turística Vale Do São Lourenço,E,0.0,0.0,0.0,0.0,
5107404,São Pedro da Cipa,2019,Região Turística Vale Do São Lourenço,E,0.0,0.0,0.0,0.0,
5105002,Jauru,2016,Região Turística Vale Do Guaporé,E,,0.0,,,
5106208,Nova Brasilândia,2017,Região Turística Circuito Das Águas,E,0.0,0.0,0.0,0.0,
5105309,Luciara,2019,Região Turística Norte Araguaia,E,0.0,0.0,0.0,0.0,
5106273,Novo Horizonte do Norte,2017,Região Turística Vale Do Arinos,E,0.0,0.0,0.0,0.0,
