id_municipio,municipio,ano,compras_homologadas,compras_mpe,sh_compras_mpe_pct,sh_fornecedor_mt_pct
5100201,Água Boa,2025,5919086.0,118720.0,2.0,98.0
5100250,Alta Floresta,2025,206214.0,154797.0,75.1,58.8
5101803,Barra do Garças,2025,20951175.0,9967087.0,47.6,7.3
5102504,Cáceres,2024,18227178.0,17564529.0,96.4,10.4
5102504,Cáceres,2025,84858520.0,48311990.0,56.9,60.9
5102504,Cáceres,2026,0,0,,
5102637,Campo Novo do Parecis,2025,228030.0,209718.0,92.0,48.3
5102678,Campo Verde,2025,2717582.0,768931.0,28.3,90.8
5102702,Canarana,2024,2616.0,2616.0,100.0,100.0
5102702,Canarana,2025,19006274.0,6227014.0,32.8,30.3
5103205,Colíder,2024,12010.0,0,0.0,100.0
5103205,Colíder,2025,937012.0,116900.0,12.5,99.4
5103353,Confresa,2025,1190597.0,339074.0,28.5,85.4
5103403,Cuiabá,2023,0,0,,
5103403,Cuiabá,2024,107096235.0,58663213.0,54.8,32.0
5103403,Cuiabá,2025,1282283578.0,296779976.0,23.1,34.8
5103403,Cuiabá,2026,1184271.0,103810.0,8.8,34.3
5103502,Diamantino,2025,385389.0,382889.0,99.4,39.9
5104104,Guarantã do Norte,2025,118170.0,118170.0,100.0,38.3
5104526,Ipiranga do Norte,2024,0,0,,
5104526,Ipiranga do Norte,2025,46375.0,29082.0,62.7,6.0
5105101,Juara,2025,180709.0,133818.0,74.1,94.4
5105150,Juína,2025,1184393.0,910304.0,76.9,69.5
5106752,Pontes e Lacerda,2025,1037489.0,307708.0,29.7,87.1
5106802,Porto dos Gaúchos,2025,7303.0,7303.0,100.0,100.0
5107040,Primavera do Leste,2025,18821.0,18820.0,100.0,0.0
5107180,Ribeirão Cascalheira,2025,1193406.0,903792.0,75.7,63.9
5107206,Rio Branco,2025,398.0,0,0.0,0.0
5107602,Rondonópolis,2024,4556489.0,1442037.0,31.6,18.1
5107602,Rondonópolis,2025,25259362.0,10434071.0,41.3,71.0
5107602,Rondonópolis,2026,900.0,0,0.0,100.0
5107743,Santa Cruz do Xingu,2025,11715626.0,2988108.0,25.5,71.4
5107743,Santa Cruz do Xingu,2026,0,0,,
5107859,São Félix do Araguaia,2024,7896.0,7896.0,100.0,100.0
5107859,São Félix do Araguaia,2025,4870327.0,1582802.0,32.5,74.6
5107909,Sinop,2025,1611639.0,1588845.0,98.6,18.6
5107925,Sorriso,2025,22900.0,22900.0,100.0,100.0
5107958,Tangará da Serra,2025,131644.0,131644.0,100.0,82.9
5108402,Várzea Grande,2025,2432553.0,1544501.0,63.5,80.4
