id_municipio,municipio,ano,data_referencia,empresas_ativas,mei,me,epp,demais_portes,sh_mei_pct,sh_mpe_pct,empresas_ativas_por_1000_hab,ativas_agricultura,ativas_industria,ativas_comercio,ativas_servicos
5100102,Acorizal,2026,2026-09-30,447.0,196.0,128.0,46.0,77.0,43.8,82.8,90.3,14.0,81.0,145.0,200.0
5100201,Água Boa,2026,2026-09-30,5824.0,2937.0,1798.0,526.0,563.0,50.4,90.3,181.4,279.0,1107.0,1604.0,2812.0
5100250,Alta Floresta,2026,2026-09-30,9636.0,4881.0,3304.0,562.0,889.0,50.7,90.8,155.0,362.0,2203.0,2426.0,4619.0
5100300,Alto Araguaia,2026,2026-09-30,2069.0,820.0,623.0,379.0,247.0,39.6,88.1,116.6,48.0,265.0,691.0,1047.0
5100359,Alto Boa Vista,2026,2026-09-30,863.0,490.0,251.0,47.0,75.0,56.8,91.3,145.8,84.0,129.0,272.0,368.0
5100409,Alto Garças,2026,2026-09-30,1297.0,527.0,378.0,233.0,159.0,40.6,87.7,92.9,82.0,154.0,428.0,620.0
5100508,Alto Paraguai,2026,2026-09-30,453.0,190.0,122.0,55.0,86.0,41.9,81.0,60.2,21.0,65.0,183.0,176.0
5100607,Alto Taquari,2026,2026-09-30,1275.0,633.0,402.0,49.0,191.0,49.6,85.0,107.4,76.0,190.0,447.0,552.0
5100805,Apiacás,2026,2026-09-30,939.0,450.0,298.0,85.0,106.0,47.9,88.7,108.0,71.0,178.0,307.0,370.0
5101001,Araguaiana,2026,2026-09-30,387.0,188.0,110.0,13.0,76.0,48.6,80.4,96.6,43.0,73.0,102.0,159.0
5101209,Araguainha,2026,2026-09-30,231.0,168.0,26.0,0,37.0,72.7,84.0,231.7,7.0,60.0,31.0,121.0
5101258,Araputanga,2026,2026-09-30,1893.0,907.0,604.0,171.0,211.0,47.9,88.9,127.9,56.0,339.0,598.0,884.0
5101308,Arenápolis,2026,2026-09-30,1429.0,707.0,490.0,82.0,150.0,49.5,89.5,132.7,23.0,283.0,503.0,608.0
5101407,Aripuanã,2026,2026-09-30,2727.0,1335.0,708.0,344.0,340.0,49.0,87.5,102.7,122.0,533.0,970.0,1082.0
5101605,Barão de Melgaço,2026,2026-09-30,491.0,265.0,118.0,17.0,91.0,54.0,81.5,68.8,19.0,47.0,134.0,282.0
5101704,Barra do Bugres,2026,2026-09-30,3309.0,1563.0,1235.0,176.0,335.0,47.2,89.9,112.5,132.0,560.0,926.0,1674.0
5101803,Barra do Garças,2026,2026-09-30,10211.0,4838.0,3740.0,643.0,990.0,47.4,90.3,138.2,211.0,1533.0,3007.0,5432.0
5101852,Bom Jesus do Araguaia,2026,2026-09-30,829.0,372.0,284.0,45.0,128.0,44.9,84.6,104.8,54.0,103.0,324.0,339.0
5101902,Brasnorte,2026,2026-09-30,1858.0,768.0,629.0,185.0,276.0,41.3,85.1,105.3,199.0,330.0,563.0,757.0
5102504,Cáceres,2026,2026-09-30,9522.0,5006.0,3047.0,543.0,926.0,52.6,90.3,103.8,247.0,1504.0,2884.0,4857.0
5102603,Campinápolis,2026,2026-09-30,852.0,318.0,320.0,57.0,157.0,37.3,81.6,53.9,65.0,120.0,307.0,348.0
5102637,Campo Novo do Parecis,2026,2026-09-30,7921.0,3706.0,2841.0,579.0,795.0,46.8,90.0,153.1,361.0,1642.0,2168.0,3734.0
5102678,Campo Verde,2026,2026-09-30,7310.0,3303.0,2680.0,587.0,740.0,45.2,89.9,149.0,311.0,1458.0,2078.0,3450.0
5102686,Campos de Júlio,2026,2026-09-30,1975.0,1124.0,522.0,123.0,206.0,56.9,89.6,198.6,155.0,360.0,462.0,983.0
5102694,Canabrava do Norte,2026,2026-09-30,461.0,230.0,133.0,20.0,78.0,49.9,83.1,103.6,31.0,55.0,186.0,178.0
5102702,Canarana,2026,2026-09-30,4961.0,2477.0,1526.0,368.0,590.0,49.9,88.1,175.2,295.0,938.0,1253.0,2459.0
5102793,Carlinda,2026,2026-09-30,895.0,467.0,260.0,56.0,112.0,52.2,87.5,87.2,59.0,187.0,256.0,382.0
5102850,Castanheira,2026,2026-09-30,789.0,451.0,204.0,22.0,112.0,57.2,85.8,106.7,29.0,134.0,232.0,381.0
5103007,Chapada dos Guimarães,2026,2026-09-30,3174.0,1421.0,1116.0,205.0,432.0,44.8,86.4,163.1,101.0,497.0,671.0,1887.0
5103056,Cláudia,2026,2026-09-30,1527.0,785.0,416.0,131.0,195.0,51.4,87.2,164.2,111.0,317.0,409.0,678.0
5103106,Cocalinho,2026,2026-09-30,885.0,410.0,306.0,49.0,120.0,46.3,86.4,136.3,116.0,137.0,265.0,357.0
5103205,Colíder,2026,2026-09-30,4304.0,1650.0,1837.0,435.0,382.0,38.3,91.1,134.3,101.0,749.0,1269.0,2161.0
5103254,Colniza,2026,2026-09-30,2565.0,1223.0,694.0,382.0,266.0,47.7,89.6,98.6,96.0,479.0,1064.0,912.0
5103304,Comodoro,2026,2026-09-30,2718.0,1248.0,1044.0,115.0,311.0,45.9,88.6,147.2,151.0,484.0,728.0,1341.0
5103353,Confresa,2026,2026-09-30,5534.0,2690.0,1899.0,508.0,437.0,48.6,92.1,143.9,153.0,1003.0,2025.0,2338.0
5103361,Conquista D'Oeste,2026,2026-09-30,464.0,226.0,134.0,24.0,80.0,48.7,82.8,118.7,21.0,91.0,159.0,184.0
5103379,Cotriguaçu,2026,2026-09-30,926.0,497.0,206.0,84.0,139.0,53.7,85.0,92.3,91.0,173.0,320.0,326.0
5103403,Cuiabá,2026,2026-09-30,128472.0,52020.0,49677.0,13215.0,13560.0,40.5,89.4,185.7,776.0,18106.0,30273.0,79080.0
5103437,Curvelândia,2026,2026-09-30,508.0,281.0,130.0,37.0,60.0,55.3,88.2,102.2,22.0,104.0,140.0,228.0
5103452,Denise,2026,2026-09-30,541.0,253.0,182.0,38.0,68.0,46.8,87.4,81.0,15.0,74.0,190.0,254.0
5103502,Diamantino,2026,2026-09-30,3509.0,1356.0,755.0,914.0,484.0,38.6,86.2,155.1,276.0,541.0,1028.0,1642.0
5103601,Dom Aquino,2026,2026-09-30,1104.0,688.0,231.0,54.0,131.0,62.3,88.1,139.9,86.0,211.0,236.0,559.0
5103700,Feliz Natal,2026,2026-09-30,1442.0,719.0,381.0,111.0,231.0,49.9,84.0,137.0,177.0,245.0,417.0,589.0
5103809,Figueirópolis D'Oeste,2026,2026-09-30,291.0,119.0,111.0,17.0,44.0,40.9,84.9,95.2,9.0,45.0,117.0,107.0
5103858,Gaúcha do Norte,2026,2026-09-30,1125.0,479.0,365.0,67.0,214.0,42.6,81.0,119.7,114.0,221.0,317.0,456.0
5103908,General Carneiro,2026,2026-09-30,419.0,163.0,131.0,18.0,107.0,38.9,74.5,66.3,40.0,40.0,125.0,202.0
5103957,Glória D'Oeste,2026,2026-09-30,309.0,141.0,78.0,23.0,67.0,45.6,78.3,107.4,24.0,47.0,90.0,136.0
5104104,Guarantã do Norte,2026,2026-09-30,4939.0,2377.0,1850.0,337.0,375.0,48.1,92.4,158.3,143.0,994.0,1358.0,2430.0
5104203,Guiratinga,2026,2026-09-30,1068.0,535.0,288.0,67.0,178.0,50.1,83.3,104.2,90.0,178.0,321.0,466.0
5104500,Indiavaí,2026,2026-09-30,219.0,85.0,62.0,17.0,55.0,38.8,74.9,100.8,14.0,47.0,55.0,95.0
5104526,Ipiranga do Norte,2026,2026-09-30,1388.0,628.0,426.0,123.0,211.0,45.2,84.8,160.3,148.0,217.0,327.0,686.0
5104542,Itanhangá,2026,2026-09-30,922.0,418.0,297.0,100.0,107.0,45.3,88.4,111.7,74.0,161.0,292.0,385.0
5104559,Itaúba,2026,2026-09-30,892.0,419.0,249.0,79.0,145.0,47.0,83.7,171.5,98.0,173.0,218.0,389.0
5104609,Itiquira,2026,2026-09-30,1343.0,599.0,381.0,110.0,253.0,44.6,81.2,106.7,153.0,220.0,375.0,586.0
5104807,Jaciara,2026,2026-09-30,3708.0,1670.0,1065.0,620.0,353.0,45.0,90.5,124.4,96.0,583.0,1150.0,1859.0
5104906,Jangada,2026,2026-09-30,542.0,230.0,184.0,40.0,88.0,42.4,83.8,73.1,19.0,85.0,188.0,243.0
5105002,Jauru,2026,2026-09-30,917.0,528.0,232.0,38.0,119.0,57.6,87.0,116.4,29.0,137.0,295.0,441.0
5105101,Juara,2026,2026-09-30,4519.0,2073.0,1549.0,424.0,473.0,45.9,89.5,125.2,270.0,915.0,1279.0,2039.0
5105150,Juína,2026,2026-09-30,6608.0,3772.0,1810.0,510.0,516.0,57.1,92.2,136.5,150.0,1353.0,1932.0,3159.0
5105176,Juruena,2026,2026-09-30,1435.0,827.0,353.0,108.0,147.0,57.6,89.8,142.7,87.0,339.0,460.0,536.0
5105200,Juscimeira,2026,2026-09-30,1054.0,455.0,250.0,175.0,174.0,43.2,83.5,90.7,54.0,171.0,306.0,514.0
5105234,Lambari D'Oeste,2026,2026-09-30,526.0,246.0,156.0,35.0,89.0,46.8,83.1,112.8,38.0,66.0,123.0,289.0
5105259,Lucas do Rio Verde,2026,2026-09-30,16271.0,7605.0,5411.0,1708.0,1547.0,46.7,90.5,169.9,548.0,3222.0,4081.0,8394.0
5105309,Luciara,2026,2026-09-30,393.0,237.0,71.0,16.0,69.0,60.3,82.4,150.2,21.0,102.0,90.0,166.0
5105507,Vila Bela da Santíssima Trindade,2026,2026-09-30,1315.0,613.0,424.0,63.0,215.0,46.6,83.7,74.7,154.0,222.0,393.0,537.0
5105580,Marcelândia,2026,2026-09-30,1756.0,1046.0,335.0,211.0,164.0,59.6,90.7,154.6,142.0,355.0,496.0,748.0
5105606,Matupá,2026,2026-09-30,3511.0,1737.0,1307.0,140.0,327.0,49.5,90.7,159.9,154.0,773.0,1021.0,1547.0
5105622,Mirassol D'Oeste,2026,2026-09-30,3115.0,1411.0,1213.0,202.0,289.0,45.3,90.7,112.7,76.0,589.0,1008.0,1422.0
5105903,Nobres,2026,2026-09-30,2329.0,1036.0,797.0,242.0,254.0,44.5,89.1,147.4,63.0,409.0,563.0,1277.0
5106000,Nortelândia,2026,2026-09-30,554.0,252.0,175.0,20.0,107.0,45.5,80.7,94.1,36.0,102.0,160.0,242.0
5106109,Nossa Senhora do Livramento,2026,2026-09-30,966.0,433.0,258.0,59.0,216.0,44.8,77.6,82.9,87.0,217.0,261.0,394.0
5106158,Nova Bandeirantes,2026,2026-09-30,1428.0,631.0,467.0,138.0,192.0,44.2,86.6,99.6,139.0,263.0,453.0,555.0
5106174,Nova Nazaré,2026,2026-09-30,318.0,129.0,87.0,21.0,81.0,40.6,74.5,69.5,30.0,51.0,82.0,142.0
5106182,Nova Lacerda,2026,2026-09-30,737.0,338.0,254.0,28.0,117.0,45.9,84.1,104.2,54.0,150.0,218.0,303.0
5106190,Nova Santa Helena,2026,2026-09-30,622.0,316.0,177.0,38.0,91.0,50.8,85.4,138.2,50.0,124.0,177.0,260.0
5106208,Nova Brasilândia,2026,2026-09-30,434.0,179.0,156.0,19.0,80.0,41.2,81.6,114.5,32.0,72.0,148.0,168.0
5106216,Nova Canaã do Norte,2026,2026-09-30,1209.0,597.0,393.0,48.0,171.0,49.4,85.9,103.0,78.0,263.0,331.0,519.0
5106224,Nova Mutum,2026,2026-09-30,10544.0,4752.0,3179.0,1552.0,1061.0,45.1,89.9,166.2,414.0,2219.0,2596.0,5300.0
5106232,Nova Olímpia,2026,2026-09-30,1521.0,722.0,591.0,66.0,142.0,47.5,90.7,93.9,25.0,255.0,486.0,745.0
5106240,Nova Ubiratã,2026,2026-09-30,1782.0,789.0,538.0,168.0,287.0,44.3,83.9,182.6,263.0,281.0,378.0,845.0
5106257,Nova Xavantina,2026,2026-09-30,3326.0,1747.0,993.0,255.0,331.0,52.5,90.0,128.3,118.0,548.0,1106.0,1540.0
5106265,Novo Mundo,2026,2026-09-30,644.0,256.0,207.0,68.0,113.0,39.8,82.5,101.1,61.0,105.0,184.0,279.0
5106273,Novo Horizonte do Norte,2026,2026-09-30,423.0,222.0,108.0,37.0,56.0,52.5,86.8,129.5,36.0,59.0,123.0,191.0
5106281,Novo São Joaquim,2026,2026-09-30,689.0,294.0,218.0,44.0,133.0,42.7,80.7,95.2,79.0,113.0,231.0,255.0
5106299,Paranaíta,2026,2026-09-30,1288.0,689.0,333.0,81.0,185.0,53.5,85.6,106.6,96.0,248.0,313.0,615.0
5106307,Paranatinga,2026,2026-09-30,3486.0,1566.0,1208.0,260.0,452.0,44.9,87.0,120.7,310.0,556.0,1073.0,1531.0
5106315,Novo Santo Antônio,2026,2026-09-30,302.0,166.0,73.0,11.0,52.0,55.0,82.8,148.0,13.0,34.0,100.0,143.0
5106372,Pedra Preta,2026,2026-09-30,1918.0,874.0,597.0,190.0,257.0,45.6,86.6,101.2,89.0,318.0,553.0,947.0
5106422,Peixoto de Azevedo,2026,2026-09-30,3454.0,1862.0,1150.0,149.0,293.0,53.9,91.5,102.3,204.0,524.0,1228.0,1482.0
5106455,Planalto da Serra,2026,2026-09-30,428.0,181.0,146.0,32.0,69.0,42.3,83.9,128.6,22.0,72.0,139.0,185.0
5106505,Poconé,2026,2026-09-30,3174.0,1663.0,958.0,202.0,351.0,52.4,88.9,101.7,123.0,416.0,973.0,1649.0
5106653,Pontal do Araguaia,2026,2026-09-30,1056.0,611.0,300.0,43.0,102.0,57.9,90.3,141.9,62.0,201.0,211.0,571.0
5106703,Ponte Branca,2026,2026-09-30,398.0,274.0,68.0,7.0,49.0,68.8,87.7,189.7,13.0,94.0,79.0,201.0
5106752,Pontes e Lacerda,2026,2026-09-30,8397.0,4694.0,2454.0,667.0,582.0,55.9,93.1,150.6,268.0,1596.0,2520.0,3997.0
5106778,Porto Alegre do Norte,2026,2026-09-30,1324.0,691.0,400.0,68.0,165.0,52.2,87.5,104.7,67.0,203.0,475.0,563.0
5106802,Porto dos Gaúchos,2026,2026-09-30,878.0,391.0,250.0,79.0,158.0,44.5,82.0,153.9,113.0,152.0,234.0,370.0
5106828,Porto Esperidião,2026,2026-09-30,1067.0,543.0,351.0,34.0,139.0,50.9,87.0,105.8,74.0,180.0,316.0,485.0
5106851,Porto Estrela,2026,2026-09-30,352.0,196.0,76.0,9.0,71.0,55.7,79.8,112.1,28.0,54.0,76.0,183.0
5107008,Poxoréu,2026,2026-09-30,2095.0,1291.0,422.0,118.0,264.0,61.6,87.4,83.5,109.0,397.0,519.0,1054.0
5107040,Primavera do Leste,2026,2026-09-30,17321.0,7667.0,5360.0,2583.0,1711.0,44.3,90.1,180.4,649.0,3074.0,4669.0,8907.0
5107065,Querência,2026,2026-09-30,4622.0,2095.0,1576.0,439.0,512.0,45.3,88.9,148.6,294.0,903.0,1397.0,2011.0
5107107,São José dos Quatro Marcos,2026,2026-09-30,2392.0,1138.0,693.0,302.0,259.0,47.6,89.2,135.0,60.0,421.0,756.0,1138.0
5107156,Reserva do Cabaçal,2026,2026-09-30,235.0,91.0,59.0,24.0,61.0,38.7,74.0,116.3,32.0,43.0,59.0,87.0
5107180,Ribeirão Cascalheira,2026,2026-09-30,1198.0,489.0,354.0,157.0,198.0,40.8,83.5,113.7,111.0,166.0,366.0,547.0
5107198,Ribeirãozinho,2026,2026-09-30,453.0,268.0,115.0,13.0,57.0,59.2,87.4,165.8,26.0,75.0,97.0,245.0
5107206,Rio Branco,2026,2026-09-30,577.0,281.0,183.0,44.0,69.0,48.7,88.0,130.0,28.0,115.0,153.0,267.0
5107248,Santa Carmem,2026,2026-09-30,886.0,369.0,337.0,58.0,122.0,41.6,86.2,152.9,114.0,150.0,207.0,404.0
5107263,Santo Afonso,2026,2026-09-30,396.0,237.0,89.0,7.0,63.0,59.8,84.1,163.9,27.0,62.0,71.0,227.0
5107297,São José do Povo,2026,2026-09-30,206.0,96.0,36.0,10.0,64.0,46.6,68.9,75.8,5.0,32.0,53.0,107.0
5107305,São José do Rio Claro,2026,2026-09-30,1934.0,920.0,477.0,304.0,233.0,47.6,88.0,133.8,112.0,331.0,554.0,922.0
5107354,São José do Xingu,2026,2026-09-30,828.0,419.0,243.0,55.0,111.0,50.6,86.6,132.8,107.0,137.0,276.0,299.0
5107404,São Pedro da Cipa,2026,2026-09-30,376.0,195.0,84.0,44.0,53.0,51.9,85.9,88.5,7.0,73.0,120.0,163.0
5107578,Rondolândia,2026,2026-09-30,257.0,77.0,79.0,26.0,75.0,30.0,70.8,73.1,24.0,47.0,56.0,124.0
5107602,Rondonópolis,2026,2026-09-30,39814.0,18738.0,12873.0,4602.0,3601.0,47.1,91.0,151.0,574.0,7448.0,11179.0,20584.0
5107701,Rosário Oeste,2026,2026-09-30,1362.0,625.0,420.0,77.0,240.0,45.9,82.4,90.6,109.0,185.0,360.0,694.0
5107743,Santa Cruz do Xingu,2026,2026-09-30,464.0,239.0,108.0,37.0,80.0,51.5,82.8,159.8,75.0,59.0,104.0,216.0
5107750,Salto do Céu,2026,2026-09-30,339.0,148.0,107.0,19.0,65.0,43.7,80.8,92.7,36.0,44.0,90.0,157.0
5107768,Santa Rita do Trivelato,2026,2026-09-30,481.0,204.0,122.0,36.0,119.0,42.4,75.3,136.0,64.0,70.0,122.0,214.0
5107776,Santa Terezinha,2026,2026-09-30,667.0,323.0,209.0,31.0,104.0,48.4,84.4,86.2,51.0,72.0,232.0,302.0
5107792,Santo Antônio do Leste,2026,2026-09-30,403.0,173.0,112.0,24.0,94.0,42.9,76.7,95.0,47.0,56.0,118.0,172.0
5107800,Santo Antônio do Leverger,2026,2026-09-30,1677.0,799.0,486.0,98.0,294.0,47.6,82.5,99.6,104.0,336.0,475.0,747.0
5107859,São Félix do Araguaia,2026,2026-09-30,1763.0,902.0,463.0,164.0,234.0,51.2,86.7,120.7,204.0,281.0,511.0,742.0
5107875,Sapezal,2026,2026-09-30,5050.0,2224.0,1891.0,394.0,541.0,44.0,89.3,155.3,303.0,1015.0,1336.0,2377.0
5107883,Serra Nova Dourada,2026,2026-09-30,187.0,68.0,59.0,9.0,51.0,36.4,72.7,96.3,25.0,12.0,66.0,75.0
5107909,Sinop,2026,2026-09-30,39150.0,20198.0,12012.0,3204.0,3736.0,51.6,90.5,174.9,691.0,7321.0,10292.0,20818.0
5107925,Sorriso,2026,2026-09-30,23399.0,10804.0,8017.0,2003.0,2575.0,46.2,89.0,187.7,976.0,4342.0,5398.0,12663.0
5107941,Tabaporã,2026,2026-09-30,1865.0,1048.0,528.0,104.0,185.0,56.2,90.1,188.5,174.0,378.0,452.0,849.0
5107958,Tangará da Serra,2026,2026-09-30,15571.0,7296.0,5809.0,1139.0,1327.0,46.9,91.5,135.9,336.0,2949.0,4371.0,7884.0
5108006,Tapurah,2026,2026-09-30,2587.0,1089.0,1027.0,176.0,295.0,42.1,88.6,165.4,290.0,512.0,671.0,1102.0
5108055,Terra Nova do Norte,2026,2026-09-30,1421.0,783.0,417.0,38.0,183.0,55.1,87.1,134.2,72.0,317.0,414.0,602.0
5108105,Tesouro,2026,2026-09-30,388.0,250.0,57.0,17.0,64.0,64.4,83.5,132.2,35.0,48.0,69.0,227.0
5108204,Torixoréu,2026,2026-09-30,700.0,419.0,168.0,24.0,89.0,59.9,87.3,165.2,31.0,138.0,167.0,352.0
5108303,União do Sul,2026,2026-09-30,569.0,283.0,150.0,45.0,91.0,49.7,84.0,145.7,66.0,96.0,169.0,226.0
5108352,Vale de São Domingos,2026,2026-09-30,240.0,101.0,75.0,5.0,59.0,42.1,75.4,83.0,5.0,36.0,85.0,104.0
5108402,Várzea Grande,2026,2026-09-30,40697.0,22182.0,13068.0,2723.0,2724.0,54.5,93.3,127.6,214.0,7457.0,12576.0,20412.0
5108501,Vera,2026,2026-09-30,1586.0,739.0,499.0,103.0,245.0,46.6,84.6,147.4,132.0,360.0,392.0,685.0
5108600,Vila Rica,2026,2026-09-30,3079.0,1784.0,909.0,140.0,246.0,57.9,92.0,156.4,171.0,549.0,787.0,1554.0
5108808,Nova Guarita,2026,2026-09-30,619.0,290.0,192.0,55.0,82.0,46.8,86.8,136.2,39.0,106.0,206.0,259.0
5108857,Nova Marilândia,2026,2026-09-30,474.0,242.0,124.0,26.0,82.0,51.1,82.7,127.0,31.0,103.0,137.0,194.0
5108907,Nova Maringá,2026,2026-09-30,1430.0,819.0,298.0,123.0,190.0,57.3,86.7,250.7,189.0,255.0,304.0,674.0
5108956,Nova Monte Verde,2026,2026-09-30,1051.0,479.0,324.0,101.0,147.0,45.6,86.0,124.1,80.0,188.0,335.0,433.0
