id_municipio,municipio,ano,ibc,cobertura_4g5g_pct,densidade_smp,densidade_scm,fibra,cobertura_area_agricultavel,adensamento_estacoes,hhi_smp,hhi_scm
5100102,Acorizal,2021,49.12,55.62,52.53,2.23,100.0,,14.52,54.0,69.0
5100102,Acorizal,2022,53.31,55.87,67.25,3.34,100.0,,13.29,63.0,81.0
5100102,Acorizal,2023,52.76,55.39,64.64,6.27,100.0,,16.61,64.0,65.0
5100102,Acorizal,2024,45.37,52.74,60.71,16.03,50.0,33.25,40.08,49.0,74.0
5100201,Água Boa,2021,56.37,81.38,53.79,10.25,100.0,,4.82,85.0,78.0
5100201,Água Boa,2022,57.84,81.39,67.46,9.23,100.0,,2.85,75.0,76.0
5100201,Água Boa,2023,61.5,81.35,86.3,7.62,100.0,,4.99,81.0,72.0
5100201,Água Boa,2024,53.01,82.47,68.32,19.4,100.0,5.89,14.37,62.0,68.0
5100250,Alta Floresta,2021,66.54,87.57,86.45,19.96,100.0,,6.91,84.0,92.0
5100250,Alta Floresta,2022,71.55,87.38,91.4,45.67,100.0,,4.55,83.0,85.0
5100250,Alta Floresta,2023,64.0,87.31,89.85,19.89,100.0,,6.04,81.0,44.0
5100250,Alta Floresta,2024,57.81,87.44,72.24,46.39,100.0,9.99,13.87,60.0,58.0
5100300,Alto Araguaia,2021,53.44,87.37,59.21,2.28,100.0,,11.73,31.0,59.0
5100300,Alto Araguaia,2022,59.6,87.34,81.78,4.36,100.0,,11.63,36.0,78.0
5100300,Alto Araguaia,2023,60.04,87.26,83.1,4.21,100.0,,14.53,34.0,78.0
5100300,Alto Araguaia,2024,50.59,87.43,64.45,9.81,100.0,7.96,25.49,28.0,59.0
5100359,Alto Boa Vista,2021,42.92,63.25,37.42,4.24,100.0,,3.62,6.0,57.0
5100359,Alto Boa Vista,2022,40.07,63.65,12.58,5.16,100.0,,8.86,20.0,59.0
5100359,Alto Boa Vista,2023,43.01,64.26,8.96,7.97,100.0,,14.77,74.0,41.0
5100359,Alto Boa Vista,2024,40.24,65.11,11.55,18.68,50.0,54.19,25.53,47.0,64.0
5100409,Alto Garças,2021,63.03,93.91,83.09,5.68,100.0,,25.03,43.0,73.0
5100409,Alto Garças,2022,64.62,95.12,91.41,11.53,100.0,,16.59,49.0,63.0
5100409,Alto Garças,2023,64.54,95.06,90.0,10.85,100.0,,20.74,49.0,60.0
5100409,Alto Garças,2024,64.06,95.0,66.98,33.8,100.0,37.48,62.01,36.0,51.0
5100508,Alto Paraguai,2021,42.82,61.24,27.58,2.46,100.0,,2.22,28.0,79.0
5100508,Alto Paraguai,2022,45.69,60.63,45.78,3.96,100.0,,4.16,14.0,76.0
5100508,Alto Paraguai,2023,46.35,61.1,42.44,3.63,100.0,,10.4,8.0,90.0
5100508,Alto Paraguai,2024,44.98,67.72,33.22,8.49,100.0,25.38,25.92,5.0,81.0
5100607,Alto Taquari,2021,32.09,92.8,65.02,1.15,0.0,,13.51,18.0,15.0
5100607,Alto Taquari,2022,54.35,92.54,75.99,0.96,100.0,,10.7,16.0,27.0
5100607,Alto Taquari,2023,58.38,92.44,79.9,1.06,100.0,,15.28,16.0,72.0
5100607,Alto Taquari,2024,51.93,92.54,59.42,1.56,100.0,27.06,25.93,16.0,71.0
5100805,Apiacás,2021,51.65,75.5,51.36,2.43,100.0,,4.93,65.0,67.0
5100805,Apiacás,2022,31.99,75.83,71.61,8.86,0.0,,3.88,12.0,43.0
5100805,Apiacás,2023,34.51,75.75,73.09,3.33,0.0,,7.27,24.0,78.0
5100805,Apiacás,2024,28.25,76.0,37.11,7.56,0.0,4.99,17.26,47.0,58.0
5101001,Araguaiana,2021,46.26,67.06,42.26,14.47,100.0,,8.39,15.0,35.0
5101001,Araguaiana,2022,20.3,68.39,10.0,14.56,0.0,,8.78,25.0,23.0
5101001,Araguaiana,2023,20.44,68.21,4.98,12.79,0.0,,10.97,32.0,35.0
5101001,Araguaiana,2024,23.33,68.49,4.44,32.53,0.0,2.03,12.66,48.0,37.0
5101209,Araguainha,2021,61.12,88.2,89.66,3.14,100.0,,28.27,6.0,75.0
5101209,Araguainha,2022,42.57,88.19,93.23,12.37,0.0,,32.99,2.0,52.0
5101209,Araguainha,2023,42.89,88.11,91.36,9.12,0.0,,41.24,1.0,56.0
5101209,Araguainha,2024,47.59,87.96,81.51,14.66,0.0,23.6,99.4,9.0,50.0
5101258,Araputanga,2021,53.26,84.31,62.41,3.06,100.0,,6.02,42.0,53.0
5101258,Araputanga,2022,59.04,84.24,86.91,4.59,100.0,,4.51,50.0,62.0
5101258,Araputanga,2023,58.54,84.14,89.87,6.09,100.0,,5.63,50.0,38.0
5101258,Araputanga,2024,53.54,87.82,68.32,18.43,100.0,30.24,26.93,34.0,24.0
5101308,Arenápolis,2021,61.96,96.26,75.11,21.88,100.0,,8.2,36.0,66.0
5101308,Arenápolis,2022,60.6,96.81,70.25,22.56,100.0,,4.73,41.0,57.0
5101308,Arenápolis,2023,63.12,96.81,74.75,24.79,100.0,,5.91,41.0,76.0
5101308,Arenápolis,2024,61.72,96.12,57.62,64.58,100.0,37.1,13.96,32.0,67.0
5101407,Aripuanã,2021,51.76,62.75,68.05,6.56,100.0,,3.34,63.0,45.0
5101407,Aripuanã,2022,52.3,62.21,69.65,9.04,100.0,,3.38,62.0,44.0
5101407,Aripuanã,2023,53.48,61.98,71.02,12.42,100.0,,3.38,67.0,44.0
5101407,Aripuanã,2024,30.62,62.92,52.76,31.38,0.0,4.22,7.69,51.0,54.0
5101605,Barão de Melgaço,2021,43.11,50.08,36.79,2.67,100.0,,9.44,19.0,79.0
5101605,Barão de Melgaço,2022,24.38,50.82,45.37,3.86,0.0,,6.89,14.0,77.0
5101605,Barão de Melgaço,2023,25.16,50.34,45.68,3.77,0.0,,11.48,15.0,81.0
5101605,Barão de Melgaço,2024,25.53,53.57,38.12,9.44,0.0,2.21,27.76,19.0,75.0
5101704,Barra do Bugres,2021,55.0,81.2,56.81,10.49,100.0,,6.49,47.0,79.0
5101704,Barra do Bugres,2022,60.31,77.98,76.88,26.1,100.0,,5.1,43.0,70.0
5101704,Barra do Bugres,2023,61.97,82.99,80.13,31.39,100.0,,10.62,41.0,48.0
5101704,Barra do Bugres,2024,58.05,85.65,61.39,65.06,100.0,19.31,27.05,27.0,42.0
5101803,Barra do Garças,2021,63.47,86.01,86.76,11.05,100.0,,12.08,75.0,70.0
5101803,Barra do Garças,2022,64.89,87.24,91.65,13.83,100.0,,7.7,77.0,73.0
5101803,Barra do Garças,2023,66.72,87.06,90.0,22.02,100.0,,9.63,78.0,79.0
5101803,Barra do Garças,2024,61.1,86.54,80.29,51.9,100.0,4.67,23.39,59.0,72.0
5101852,Bom Jesus do Araguaia,2021,47.26,54.92,86.61,1.36,100.0,,3.76,3.0,9.0
5101852,Bom Jesus do Araguaia,2022,40.27,55.31,22.5,2.28,100.0,,6.87,24.0,64.0
5101852,Bom Jesus do Araguaia,2023,41.67,55.16,3.3,4.3,100.0,,20.02,54.0,83.0
5101852,Bom Jesus do Araguaia,2024,41.15,67.3,13.43,10.09,50.0,28.64,58.21,42.0,77.0
5101902,Brasnorte,2021,42.67,48.32,42.31,7.03,100.0,,3.75,28.0,48.0
5101902,Brasnorte,2022,45.37,47.43,56.8,9.41,100.0,,3.92,26.0,44.0
5101902,Brasnorte,2023,51.08,48.2,64.86,11.12,100.0,,14.7,40.0,69.0
5101902,Brasnorte,2024,44.36,49.7,54.18,33.99,50.0,13.06,51.44,42.0,67.0
5102504,Cáceres,2021,56.46,86.13,67.64,12.24,100.0,,6.74,44.0,52.0
5102504,Cáceres,2022,59.87,84.22,79.87,18.73,100.0,,4.84,50.0,54.0
5102504,Cáceres,2023,60.4,86.3,79.6,16.04,100.0,,6.28,50.0,62.0
5102504,Cáceres,2024,52.62,87.29,60.78,38.06,100.0,4.38,15.83,38.0,54.0
5102603,Campinápolis,2021,37.42,29.82,30.49,2.46,100.0,,3.17,34.0,61.0
5102603,Campinápolis,2022,17.49,30.49,32.12,3.21,0.0,,2.17,27.0,61.0
5102603,Campinápolis,2023,20.75,30.14,36.71,3.81,0.0,,2.71,47.0,79.0
5102603,Campinápolis,2024,27.85,31.2,28.74,5.49,50.0,8.35,6.36,41.0,76.0
5102637,Campo Novo do Parecis,2021,61.87,84.6,85.94,7.29,100.0,,6.27,64.0,85.0
5102637,Campo Novo do Parecis,2022,63.95,93.82,88.41,7.91,100.0,,4.36,71.0,81.0
5102637,Campo Novo do Parecis,2023,65.34,94.55,89.8,10.22,100.0,,8.62,73.0,80.0
5102637,Campo Novo do Parecis,2024,62.9,94.83,70.8,39.03,100.0,35.49,24.98,57.0,68.0
5102678,Campo Verde,2021,55.65,77.6,74.77,1.17,100.0,,11.09,57.0,53.0
5102678,Campo Verde,2022,65.62,82.41,90.53,35.24,100.0,,7.85,70.0,42.0
5102678,Campo Verde,2023,70.73,82.09,89.75,53.92,100.0,,12.14,70.0,62.0
5102678,Campo Verde,2024,61.21,81.74,67.81,69.29,100.0,18.02,28.22,54.0,47.0
5102686,Campos de Júlio,2021,60.17,79.1,85.84,3.78,100.0,,14.19,72.0,59.0
5102686,Campos de Júlio,2022,61.48,78.65,90.82,4.22,100.0,,9.44,74.0,73.0
5102686,Campos de Júlio,2023,63.74,80.69,89.87,5.98,100.0,,23.61,72.0,74.0
5102686,Campos de Júlio,2024,60.93,80.85,64.33,18.47,100.0,15.69,98.88,50.0,31.0
5102694,Canabrava do Norte,2021,49.35,58.21,87.08,0.34,100.0,,5.46,1.0,34.0
5102694,Canabrava do Norte,2022,20.45,57.62,25.29,11.81,0.0,,7.43,20.0,24.0
5102694,Canabrava do Norte,2023,18.87,57.38,4.1,11.29,0.0,,13.93,41.0,32.0
5102694,Canabrava do Norte,2024,32.49,58.36,4.75,30.08,50.0,7.17,22.32,51.0,48.0
5102702,Canarana,2021,55.7,76.6,70.14,6.92,100.0,,4.65,63.0,60.0
5102702,Canarana,2022,55.43,77.43,68.16,15.55,100.0,,2.58,61.0,39.0
5102702,Canarana,2023,58.18,77.41,78.56,14.54,100.0,,6.45,67.0,41.0
5102702,Canarana,2024,48.7,77.03,54.68,30.81,100.0,5.4,18.08,45.0,34.0
5102793,Carlinda,2021,50.73,54.61,51.87,9.94,100.0,,10.18,71.0,69.0
5102793,Carlinda,2022,58.09,54.24,66.04,32.1,100.0,,6.45,82.0,74.0
5102793,Carlinda,2023,54.52,54.49,72.64,12.24,100.0,,8.06,75.0,60.0
5102793,Carlinda,2024,49.26,54.77,54.18,30.68,100.0,12.34,19.37,56.0,65.0
5102850,Castanheira,2021,40.53,49.31,37.39,5.72,100.0,,2.93,17.0,42.0
5102850,Castanheira,2022,41.2,48.95,40.34,8.36,100.0,,4.44,8.0,43.0
5102850,Castanheira,2023,42.23,48.75,40.93,6.99,100.0,,5.55,4.0,65.0
5102850,Castanheira,2024,36.68,49.9,44.29,35.09,50.0,9.93,26.81,3.0,66.0
5103007,Chapada dos Guimarães,2021,55.14,57.97,68.26,11.52,100.0,,15.98,69.0,65.0
5103007,Chapada dos Guimarães,2022,62.15,60.14,92.08,36.68,100.0,,13.16,71.0,24.0
5103007,Chapada dos Guimarães,2023,61.9,59.79,90.41,29.51,100.0,,19.74,74.0,33.0
5103007,Chapada dos Guimarães,2024,62.38,63.5,74.31,67.72,100.0,15.24,56.78,54.0,44.0
5103056,Cláudia,2021,54.38,78.09,63.53,14.45,100.0,,6.25,30.0,61.0
5103056,Cláudia,2022,60.44,77.68,91.65,22.77,100.0,,5.21,36.0,44.0
5103056,Cláudia,2023,61.43,77.55,89.92,22.21,100.0,,8.68,39.0,58.0
5103056,Cláudia,2024,59.71,78.42,69.03,69.31,100.0,17.45,26.49,23.0,66.0
5103106,Cocalinho,2021,48.2,66.77,50.3,13.46,100.0,,8.99,39.0,21.0
5103106,Cocalinho,2022,32.34,67.92,54.27,25.62,0.0,,5.36,51.0,31.0
5103106,Cocalinho,2023,37.37,67.83,71.82,25.24,0.0,,6.7,66.0,43.0
5103106,Cocalinho,2024,40.2,68.82,63.19,78.1,0.0,1.38,23.34,49.0,40.0
5103205,Colíder,2021,59.48,81.77,76.89,14.69,100.0,,5.31,56.0,69.0
5103205,Colíder,2022,63.17,81.89,86.66,25.14,100.0,,3.72,52.0,73.0
5103205,Colíder,2023,62.13,81.66,86.68,19.84,100.0,,4.65,48.0,76.0
5103205,Colíder,2024,55.58,81.65,66.14,43.76,100.0,13.39,10.93,37.0,79.0
5103254,Colniza,2021,43.04,51.53,22.99,1.42,100.0,,1.88,74.0,83.0
5103254,Colniza,2022,46.36,51.53,44.17,5.58,100.0,,1.94,45.0,86.0
5103254,Colniza,2023,49.01,51.24,50.6,8.51,100.0,,3.23,59.0,85.0
5103254,Colniza,2024,25.94,51.94,42.35,17.93,0.0,3.04,7.67,43.0,69.0
5103304,Comodoro,2021,52.94,68.1,60.19,3.09,100.0,,7.26,73.0,67.0
5103304,Comodoro,2022,57.82,67.54,81.08,4.76,100.0,,7.31,74.0,77.0
5103304,Comodoro,2023,58.47,67.31,82.6,4.41,100.0,,10.28,75.0,78.0
5103304,Comodoro,2024,52.28,69.83,62.92,9.9,100.0,22.39,24.38,57.0,70.0
5103353,Confresa,2021,51.65,59.66,51.28,24.4,100.0,,4.01,60.0,50.0
5103353,Confresa,2022,51.28,59.63,50.07,19.55,100.0,,2.85,79.0,46.0
5103353,Confresa,2023,56.23,59.67,78.17,16.24,100.0,,4.75,82.0,43.0
5103353,Confresa,2024,39.47,60.58,52.02,37.25,50.0,3.19,13.32,59.0,44.0
5103361,Conquista D'Oeste,2021,54.78,64.71,68.95,4.21,100.0,,18.52,64.0,61.0
5103361,Conquista D'Oeste,2022,51.66,64.84,54.25,7.55,100.0,,17.72,37.0,73.0
5103361,Conquista D'Oeste,2023,49.31,64.64,44.98,9.25,100.0,,22.15,3.0,82.0
5103361,Conquista D'Oeste,2024,39.88,65.46,47.12,30.2,50.0,13.85,25.81,1.0,79.0
5103379,Cotriguaçu,2021,34.54,28.11,15.77,1.77,100.0,,2.48,29.0,72.0
5103379,Cotriguaçu,2022,18.62,30.73,11.13,9.79,0.0,,4.54,70.0,77.0
5103379,Cotriguaçu,2023,17.17,30.33,10.83,7.58,0.0,,5.67,59.0,70.0
5103379,Cotriguaçu,2024,14.91,25.57,11.05,8.68,0.0,4.64,9.62,38.0,53.0
5103403,Cuiabá,2021,70.33,99.26,87.58,25.06,100.0,,15.33,87.0,81.0
5103403,Cuiabá,2022,72.11,99.33,92.42,32.79,100.0,,10.62,86.0,82.0
5103403,Cuiabá,2023,71.55,99.32,91.04,28.75,100.0,,14.05,84.0,84.0
5103403,Cuiabá,2024,71.68,99.32,81.71,69.24,100.0,38.72,28.19,65.0,80.0
5103437,Curvelândia,2021,50.98,72.52,52.25,2.12,100.0,,14.64,57.0,50.0
5103437,Curvelândia,2022,55.11,73.65,71.9,2.06,100.0,,10.19,61.0,59.0
5103437,Curvelândia,2023,56.93,73.49,78.47,1.19,100.0,,16.99,54.0,64.0
5103437,Curvelândia,2024,55.46,78.35,61.9,2.47,100.0,48.72,40.27,36.0,57.0
5103452,Denise,2021,51.28,89.31,50.1,4.97,100.0,,13.35,24.0,41.0
5103452,Denise,2022,58.09,90.3,78.43,11.44,100.0,,19.0,31.0,22.0
5103452,Denise,2023,58.76,90.01,80.01,14.51,100.0,,23.75,29.0,11.0
5103452,Denise,2024,59.86,89.77,63.77,42.19,100.0,37.91,58.69,23.0,11.0
5103502,Diamantino,2021,60.72,79.77,77.93,16.58,100.0,,12.67,71.0,55.0
5103502,Diamantino,2022,63.53,79.89,91.4,20.31,100.0,,8.35,76.0,52.0
5103502,Diamantino,2023,65.89,80.07,89.89,22.68,100.0,,11.39,75.0,82.0
5103502,Diamantino,2024,66.62,83.08,79.73,56.24,100.0,18.37,53.38,56.0,72.0
5103601,Dom Aquino,2021,57.44,79.77,74.69,5.98,100.0,,12.71,40.0,74.0
5103601,Dom Aquino,2022,58.41,80.53,79.92,14.29,100.0,,10.58,46.0,44.0
5103601,Dom Aquino,2023,58.3,80.38,81.32,10.85,100.0,,13.23,47.0,43.0
5103601,Dom Aquino,2024,52.09,81.29,63.4,36.1,50.0,23.16,63.17,35.0,52.0
5103700,Feliz Natal,2021,47.5,61.74,43.38,11.88,100.0,,5.19,38.0,59.0
5103700,Feliz Natal,2022,34.76,61.4,71.62,21.18,0.0,,4.75,50.0,51.0
5103700,Feliz Natal,2023,40.06,61.19,72.06,41.55,0.0,,7.92,50.0,68.0
5103700,Feliz Natal,2024,44.21,60.44,56.01,68.63,50.0,4.57,18.93,39.0,48.0
5103809,Figueirópolis D'Oeste,2021,53.1,64.77,79.47,8.18,100.0,,7.53,8.0,66.0
5103809,Figueirópolis D'Oeste,2022,42.3,66.9,9.4,4.63,100.0,,10.45,59.0,56.0
5103809,Figueirópolis D'Oeste,2023,43.03,68.27,0.79,2.8,100.0,,19.6,66.0,70.0
5103809,Figueirópolis D'Oeste,2024,44.02,68.77,10.69,3.78,100.0,34.91,32.13,21.0,77.0
5103858,Gaúcha do Norte,2021,37.98,35.1,24.96,5.85,100.0,,6.5,21.0,67.0
5103858,Gaúcha do Norte,2022,39.25,34.02,20.3,9.67,100.0,,5.78,53.0,64.0
5103858,Gaúcha do Norte,2023,39.33,33.64,30.11,11.81,100.0,,7.23,12.0,67.0
5103858,Gaúcha do Norte,2024,28.58,35.43,21.94,25.51,50.0,4.93,21.78,9.0,61.0
5103908,General Carneiro,2021,40.3,38.03,37.39,2.57,100.0,,8.98,17.0,68.0
5103908,General Carneiro,2022,19.67,36.59,38.71,5.08,0.0,,8.28,9.0,59.0
5103908,General Carneiro,2023,21.07,37.55,40.78,4.67,0.0,,13.8,6.0,65.0
5103908,General Carneiro,2024,22.31,38.92,32.21,12.32,0.0,8.94,40.0,4.0,47.0
5103957,Glória D'Oeste,2021,55.62,73.55,71.11,14.93,100.0,,17.19,2.0,73.0
5103957,Glória D'Oeste,2022,37.66,78.05,78.91,18.07,0.0,,11.47,5.0,69.0
5103957,Glória D'Oeste,2023,36.67,77.91,75.3,15.29,0.0,,14.34,5.0,68.0
5103957,Glória D'Oeste,2024,56.58,71.29,69.01,38.89,100.0,24.95,51.74,7.0,52.0
5104104,Guarantã do Norte,2021,54.73,76.64,66.05,8.29,100.0,,4.23,51.0,66.0
5104104,Guarantã do Norte,2022,65.02,76.41,91.02,30.16,100.0,,3.76,59.0,83.0
5104104,Guarantã do Norte,2023,63.13,76.32,89.58,25.7,100.0,,4.7,61.0,67.0
5104104,Guarantã do Norte,2024,53.8,76.49,75.3,43.6,100.0,10.68,7.98,45.0,47.0
5104203,Guiratinga,2021,50.13,80.0,41.79,2.8,100.0,,8.16,58.0,59.0
5104203,Guiratinga,2022,57.05,80.88,70.01,15.48,100.0,,12.16,63.0,28.0
5104203,Guiratinga,2023,57.61,80.78,72.05,13.79,100.0,,15.2,64.0,29.0
5104203,Guiratinga,2024,49.41,81.51,58.44,33.9,50.0,15.92,66.46,48.0,23.0
5104500,Indiavaí,2021,50.19,77.2,38.64,6.68,100.0,,18.32,41.0,60.0
5104500,Indiavaí,2022,51.25,76.99,48.5,6.17,100.0,,22.58,12.0,68.0
5104500,Indiavaí,2023,49.68,76.85,48.92,7.0,100.0,,28.23,4.0,34.0
5104500,Indiavaí,2024,45.72,78.04,40.53,2.05,100.0,22.18,45.58,9.0,32.0
5104526,Ipiranga do Norte,2021,55.88,70.52,66.94,7.68,100.0,,6.28,63.0,85.0
5104526,Ipiranga do Norte,2022,60.21,70.11,83.53,14.77,100.0,,6.4,67.0,80.0
5104526,Ipiranga do Norte,2023,60.68,70.54,85.28,14.51,100.0,,7.99,67.0,78.0
5104526,Ipiranga do Norte,2024,56.12,71.92,60.21,29.97,100.0,22.1,35.68,50.0,73.0
5104542,Itanhangá,2021,42.0,61.43,33.99,4.81,100.0,,3.66,9.0,53.0
5104542,Itanhangá,2022,38.83,61.51,10.04,6.7,100.0,,4.42,21.0,56.0
5104542,Itanhangá,2023,39.53,61.25,4.78,7.22,100.0,,5.52,31.0,71.0
5104542,Itanhangá,2024,40.78,62.43,5.18,18.98,100.0,8.5,18.64,48.0,72.0
5104559,Itaúba,2021,60.76,85.13,86.8,13.32,100.0,,21.36,25.0,50.0
5104559,Itaúba,2022,65.5,85.6,91.21,31.24,100.0,,9.96,39.0,68.0
5104559,Itaúba,2023,65.19,85.42,89.83,29.17,100.0,,12.45,37.0,70.0
5104559,Itaúba,2024,63.36,85.0,72.16,80.02,100.0,6.72,38.75,31.0,64.0
5104609,Itiquira,2021,47.88,45.16,62.05,1.52,100.0,,11.23,33.0,78.0
5104609,Itiquira,2022,50.78,47.93,76.51,13.05,100.0,,9.53,41.0,32.0
5104609,Itiquira,2023,52.6,48.57,82.56,10.87,100.0,,13.62,43.0,37.0
5104609,Itiquira,2024,49.94,46.2,64.24,29.24,100.0,15.27,47.93,31.0,41.0
5104807,Jaciara,2021,59.98,91.3,79.18,5.05,100.0,,11.14,58.0,58.0
5104807,Jaciara,2022,65.28,92.3,89.92,27.93,100.0,,7.0,67.0,38.0
5104807,Jaciara,2023,64.41,92.25,90.11,20.42,100.0,,9.48,66.0,42.0
5104807,Jaciara,2024,59.43,91.85,72.45,51.97,100.0,15.25,21.99,52.0,43.0
5104906,Jangada,2021,47.19,46.58,58.68,2.3,100.0,,15.26,27.0,68.0
5104906,Jangada,2022,52.56,47.21,78.98,4.79,100.0,,13.46,39.0,75.0
5104906,Jangada,2023,54.11,46.82,87.84,9.3,100.0,,16.83,40.0,52.0
5104906,Jangada,2024,45.06,46.34,45.52,14.94,100.0,15.15,33.57,39.0,59.0
5105002,Jauru,2021,52.35,60.26,58.6,4.68,100.0,,9.2,69.0,79.0
5105002,Jauru,2022,54.3,60.03,67.84,5.13,100.0,,5.97,84.0,74.0
5105002,Jauru,2023,56.15,60.12,71.94,4.26,100.0,,9.96,85.0,84.0
5105002,Jauru,2024,50.56,64.84,52.86,19.47,100.0,12.74,30.96,58.0,63.0
5105101,Juara,2021,57.16,78.13,62.83,12.07,100.0,,3.64,73.0,80.0
5105101,Juara,2022,60.5,77.8,81.53,12.45,100.0,,2.39,79.0,73.0
5105101,Juara,2023,62.93,77.64,88.1,12.12,100.0,,6.56,79.0,85.0
5105101,Juara,2024,46.84,78.44,67.75,30.79,50.0,10.28,16.71,60.0,70.0
5105150,Juína,2021,60.1,83.8,78.56,8.14,100.0,,4.37,78.0,69.0
5105150,Juína,2022,61.78,83.77,83.82,11.23,100.0,,2.91,83.0,69.0
5105150,Juína,2023,64.19,83.64,89.09,13.19,100.0,,4.09,83.0,84.0
5105150,Juína,2024,46.94,84.63,65.53,29.44,50.0,8.32,10.46,63.0,78.0
5105176,Juruena,2021,40.79,62.28,24.85,2.78,100.0,,3.06,21.0,55.0
5105176,Juruena,2022,43.29,61.96,16.14,6.52,100.0,,6.53,70.0,57.0
5105176,Juruena,2023,42.03,61.74,19.11,10.1,100.0,,8.16,50.0,32.0
5105176,Juruena,2024,32.63,62.17,17.97,32.07,50.0,17.02,14.78,36.0,21.0
5105200,Juscimeira,2021,57.3,81.34,62.72,5.63,100.0,,20.79,62.0,68.0
5105200,Juscimeira,2022,58.59,77.83,71.03,17.17,100.0,,14.51,72.0,40.0
5105200,Juscimeira,2023,61.3,84.58,76.03,13.2,100.0,,19.95,74.0,49.0
5105200,Juscimeira,2024,59.09,83.25,57.14,36.08,100.0,24.54,43.03,55.0,62.0
5105234,Lambari D'Oeste,2021,44.37,57.61,45.68,2.56,100.0,,8.23,3.0,70.0
5105234,Lambari D'Oeste,2022,48.14,56.55,65.84,7.93,100.0,,6.96,1.0,59.0
5105234,Lambari D'Oeste,2023,50.16,56.3,69.92,12.72,100.0,,8.7,0.0,62.0
5105234,Lambari D'Oeste,2024,41.32,58.99,56.69,41.7,50.0,17.28,31.75,1.0,53.0
5105259,Lucas do Rio Verde,2021,66.73,93.57,85.74,18.94,100.0,,8.48,66.0,97.0
5105259,Lucas do Rio Verde,2022,70.45,93.47,91.0,35.86,100.0,,4.57,74.0,91.0
5105259,Lucas do Rio Verde,2023,67.0,93.83,89.67,20.45,100.0,,6.21,74.0,81.0
5105259,Lucas do Rio Verde,2024,60.89,94.62,66.93,48.4,100.0,14.88,17.89,56.0,82.0
5105309,Luciara,2021,50.0,78.14,55.94,2.06,100.0,,12.62,8.0,60.0
5105309,Luciara,2022,25.44,90.68,13.7,2.49,0.0,,13.28,20.0,67.0
5105309,Luciara,2023,25.6,90.49,3.64,2.07,0.0,,16.6,40.0,76.0
5105309,Luciara,2024,22.25,81.42,3.58,6.37,0.0,1.33,19.3,21.0,63.0
5105507,Vila Bela da Santíssima Trindade,2021,40.53,36.97,30.66,3.86,100.0,,4.7,80.0,37.0
5105507,Vila Bela da Santíssima Trindade,2022,38.93,35.36,35.04,5.74,100.0,,2.98,57.0,22.0
5105507,Vila Bela da Santíssima Trindade,2023,42.93,35.0,38.64,10.28,100.0,,4.97,54.0,63.0
5105507,Vila Bela da Santíssima Trindade,2024,29.81,39.28,29.62,15.6,50.0,2.82,14.38,38.0,63.0
5105580,Marcelândia,2021,53.24,65.43,80.98,2.05,100.0,,7.63,19.0,70.0
5105580,Marcelândia,2022,52.46,64.76,78.94,1.35,100.0,,4.39,21.0,73.0
5105580,Marcelândia,2023,53.96,64.56,80.39,1.7,100.0,,7.31,22.0,85.0
5105580,Marcelândia,2024,29.48,65.68,61.98,3.9,0.0,3.72,30.66,16.0,60.0
5105606,Matupá,2021,58.46,77.32,85.43,11.43,100.0,,6.04,39.0,63.0
5105606,Matupá,2022,59.76,76.75,84.73,16.94,100.0,,3.32,52.0,65.0
5105606,Matupá,2023,60.56,76.62,88.73,16.43,100.0,,4.15,53.0,64.0
5105606,Matupá,2024,51.25,77.02,65.18,37.77,100.0,7.16,9.34,38.0,55.0
5105622,Mirassol D'Oeste,2021,55.12,85.77,70.9,6.42,100.0,,6.39,21.0,63.0
5105622,Mirassol D'Oeste,2022,59.23,85.86,86.25,8.95,100.0,,4.35,28.0,72.0
5105622,Mirassol D'Oeste,2023,58.1,85.79,86.03,3.46,100.0,,6.22,29.0,66.0
5105622,Mirassol D'Oeste,2024,51.17,86.44,64.78,7.35,100.0,39.16,16.36,23.0,37.0
5105903,Nobres,2021,59.18,83.79,75.71,4.83,100.0,,11.73,61.0,74.0
5105903,Nobres,2022,62.77,84.72,84.4,26.81,100.0,,7.53,65.0,39.0
5105903,Nobres,2023,64.31,84.64,89.9,16.5,100.0,,13.44,64.0,69.0
5105903,Nobres,2024,60.79,86.71,69.06,59.51,100.0,23.43,31.74,47.0,37.0
5106000,Nortelândia,2021,60.12,85.09,86.93,13.53,100.0,,13.16,24.0,57.0
5106000,Nortelândia,2022,61.32,84.95,91.73,16.54,100.0,,11.19,33.0,48.0
5106000,Nortelândia,2023,63.23,84.84,90.18,17.06,100.0,,13.99,33.0,77.0
5106000,Nortelândia,2024,61.63,86.03,75.53,40.27,100.0,19.02,50.55,29.0,67.0
5106109,Nossa Senhora do Livramento,2021,42.82,34.0,34.67,5.75,100.0,,5.89,71.0,72.0
5106109,Nossa Senhora do Livramento,2022,44.86,32.51,44.28,11.59,100.0,,3.86,77.0,60.0
5106109,Nossa Senhora do Livramento,2023,45.28,32.14,43.42,9.39,100.0,,6.44,78.0,71.0
5106109,Nossa Senhora do Livramento,2024,44.05,38.73,36.48,23.7,100.0,8.41,30.02,53.0,68.0
5106158,Nova Bandeirantes,2021,46.62,44.42,66.02,5.91,100.0,,4.8,6.0,74.0
5106158,Nova Bandeirantes,2022,43.94,43.56,26.12,17.76,100.0,,6.11,59.0,64.0
5106158,Nova Bandeirantes,2023,42.04,49.59,14.7,10.29,100.0,,9.16,51.0,77.0
5106158,Nova Bandeirantes,2024,30.56,47.6,12.4,17.66,50.0,6.62,17.66,38.0,75.0
5106174,Nova Nazaré,2021,38.68,39.36,36.04,4.22,100.0,,6.4,13.0,46.0
5106174,Nova Nazaré,2022,20.04,37.86,43.3,10.42,0.0,,7.93,6.0,34.0
5106174,Nova Nazaré,2023,22.67,37.58,41.7,17.42,0.0,,9.92,3.0,60.0
5106174,Nova Nazaré,2024,24.98,39.01,27.54,30.67,0.0,29.09,22.39,3.0,54.0
5106182,Nova Lacerda,2021,43.41,55.73,34.98,1.96,100.0,,7.49,27.0,72.0
5106182,Nova Lacerda,2022,46.01,54.89,46.76,1.82,100.0,,7.49,41.0,67.0
5106182,Nova Lacerda,2023,49.88,54.88,57.16,4.85,100.0,,12.49,42.0,77.0
5106182,Nova Lacerda,2024,49.18,60.56,42.98,17.48,100.0,2.11,50.25,43.0,77.0
5106190,Nova Santa Helena,2021,50.11,60.99,55.13,8.64,100.0,,13.69,64.0,34.0
5106190,Nova Santa Helena,2022,57.03,61.21,67.69,26.13,100.0,,7.86,66.0,63.0
5106190,Nova Santa Helena,2023,58.69,61.0,79.79,22.59,100.0,,9.83,63.0,64.0
5106190,Nova Santa Helena,2024,54.09,61.09,62.62,54.39,100.0,12.46,22.57,46.0,59.0
5106208,Nova Brasilândia,2021,28.5,57.6,56.45,8.14,0.0,,7.03,11.0,81.0
5106208,Nova Brasilândia,2022,23.24,66.18,13.34,11.16,0.0,,8.47,26.0,78.0
5106208,Nova Brasilândia,2023,26.76,67.95,11.57,9.72,0.0,,15.89,68.0,83.0
5106208,Nova Brasilândia,2024,28.32,60.66,8.93,20.5,0.0,4.33,38.93,58.0,76.0
5106216,Nova Canaã do Norte,2021,48.13,49.1,59.4,14.33,100.0,,5.99,29.0,54.0
5106216,Nova Canaã do Norte,2022,55.24,47.81,71.11,31.62,100.0,,5.69,40.0,74.0
5106216,Nova Canaã do Norte,2023,53.44,47.52,71.55,21.19,100.0,,8.89,42.0,68.0
5106216,Nova Canaã do Norte,2024,51.25,49.85,56.13,57.58,100.0,11.73,21.24,35.0,65.0
5106224,Nova Mutum,2021,63.24,82.89,85.67,18.07,100.0,,7.46,60.0,81.0
5106224,Nova Mutum,2022,65.38,83.66,90.95,21.47,100.0,,4.79,71.0,82.0
5106224,Nova Mutum,2023,66.81,83.7,89.64,25.62,100.0,,6.74,72.0,92.0
5106224,Nova Mutum,2024,63.0,84.79,73.55,65.24,100.0,13.54,22.05,54.0,81.0
5106232,Nova Olímpia,2021,53.8,92.62,57.53,5.38,100.0,,9.88,34.0,47.0
5106232,Nova Olímpia,2022,64.67,92.67,87.93,25.11,100.0,,8.15,45.0,61.0
5106232,Nova Olímpia,2023,64.49,92.63,86.41,25.16,100.0,,10.19,45.0,59.0
5106232,Nova Olímpia,2024,64.45,92.7,66.43,63.55,100.0,47.24,27.58,32.0,53.0
5106240,Nova Ubiratã,2021,40.0,27.82,45.31,11.04,100.0,,4.11,5.0,62.0
5106240,Nova Ubiratã,2022,48.24,41.01,59.18,21.22,100.0,,7.24,23.0,61.0
5106240,Nova Ubiratã,2023,48.09,40.73,64.18,10.8,100.0,,9.06,34.0,62.0
5106240,Nova Ubiratã,2024,41.93,51.11,53.19,28.58,50.0,11.89,41.3,42.0,63.0
5106257,Nova Xavantina,2021,55.49,79.57,67.97,4.94,100.0,,4.74,75.0,50.0
5106257,Nova Xavantina,2022,55.79,79.07,74.41,5.02,100.0,,3.42,69.0,45.0
5106257,Nova Xavantina,2023,56.84,79.5,79.43,4.36,100.0,,5.13,66.0,47.0
5106257,Nova Xavantina,2024,37.91,79.86,57.52,3.91,50.0,8.27,11.77,47.0,41.0
5106265,Novo Mundo,2021,44.06,42.65,39.41,1.0,100.0,,5.39,65.0,75.0
5106265,Novo Mundo,2022,28.4,41.52,60.21,16.22,0.0,,10.22,65.0,26.0
5106265,Novo Mundo,2023,30.83,42.12,65.69,2.7,0.0,,12.78,69.0,81.0
5106265,Novo Mundo,2024,34.75,43.28,47.91,6.05,50.0,8.26,31.04,54.0,48.0
5106273,Novo Horizonte do Norte,2021,43.59,56.57,35.22,5.26,100.0,,6.32,11.0,80.0
5106273,Novo Horizonte do Norte,2022,20.68,59.41,8.48,6.98,0.0,,9.95,33.0,72.0
5106273,Novo Horizonte do Norte,2023,21.82,58.94,1.4,6.72,0.0,,12.44,67.0,77.0
5106273,Novo Horizonte do Norte,2024,32.56,57.85,2.12,18.52,50.0,25.69,15.12,42.0,67.0
5106281,Novo São Joaquim,2021,46.99,52.74,56.11,1.58,100.0,,10.63,23.0,72.0
5106281,Novo São Joaquim,2022,24.73,57.0,42.15,0.86,0.0,,4.82,33.0,71.0
5106281,Novo São Joaquim,2023,28.1,56.74,49.09,1.63,0.0,,6.02,44.0,90.0
5106281,Novo São Joaquim,2024,30.42,58.26,33.8,5.83,0.0,12.19,34.92,60.0,78.0
5106299,Paranaíta,2021,55.37,55.98,75.67,7.57,100.0,,13.66,58.0,79.0
5106299,Paranaíta,2022,38.33,55.07,76.33,24.3,0.0,,11.42,61.0,79.0
5106299,Paranaíta,2023,34.54,54.82,75.92,9.6,0.0,,14.27,61.0,58.0
5106299,Paranaíta,2024,32.81,55.01,58.06,24.44,0.0,8.06,33.36,47.0,53.0
5106307,Paranatinga,2021,54.86,76.79,49.31,11.44,100.0,,3.32,85.0,79.0
5106307,Paranatinga,2022,55.61,76.28,52.43,16.56,100.0,,2.52,72.0,82.0
5106307,Paranatinga,2023,55.3,76.14,58.05,9.55,100.0,,3.15,74.0,77.0
5106307,Paranatinga,2024,47.61,77.68,43.47,18.5,100.0,1.74,10.63,57.0,75.0
5106315,Novo Santo Antônio,2021,20.09,68.87,23.83,1.15,0.0,,9.28,5.0,36.0
5106315,Novo Santo Antônio,2022,19.95,68.94,8.23,1.98,0.0,,16.54,10.0,59.0
5106315,Novo Santo Antônio,2023,21.71,68.66,4.04,2.18,0.0,,20.67,21.0,82.0
5106315,Novo Santo Antônio,2024,22.25,69.2,4.02,9.8,0.0,6.39,24.51,27.0,57.0
5106372,Pedra Preta,2021,54.37,79.04,72.92,1.65,100.0,,10.25,27.0,63.0
5106372,Pedra Preta,2022,55.9,78.93,82.58,8.38,100.0,,6.46,41.0,32.0
5106372,Pedra Preta,2023,56.43,79.21,85.5,7.05,100.0,,9.22,40.0,30.0
5106372,Pedra Preta,2024,51.51,80.82,66.55,18.12,100.0,17.09,34.72,32.0,27.0
5106422,Peixoto de Azevedo,2021,51.26,64.95,53.24,10.11,100.0,,4.32,61.0,66.0
5106422,Peixoto de Azevedo,2022,56.81,64.1,74.9,19.1,100.0,,3.06,64.0,64.0
5106422,Peixoto de Azevedo,2023,57.17,63.89,77.08,17.54,100.0,,3.82,61.0,69.0
5106422,Peixoto de Azevedo,2024,50.4,64.89,58.25,44.34,100.0,5.43,8.93,46.0,67.0
5106455,Planalto da Serra,2021,30.38,76.89,49.7,6.83,0.0,,9.75,7.0,81.0
5106455,Planalto da Serra,2022,45.26,76.8,19.46,7.87,100.0,,10.52,14.0,80.0
5106455,Planalto da Serra,2023,45.0,76.63,8.4,8.28,100.0,,19.73,25.0,79.0
5106455,Planalto da Serra,2024,30.57,77.22,12.66,23.05,0.0,10.89,30.42,51.0,70.0
5106505,Poconé,2021,54.9,74.47,65.01,4.21,100.0,,9.24,61.0,70.0
5106505,Poconé,2022,58.17,74.06,80.18,17.63,100.0,,7.47,67.0,33.0
5106505,Poconé,2023,57.64,73.91,80.28,13.27,100.0,,9.34,65.0,36.0
5106505,Poconé,2024,50.67,74.3,60.68,31.16,100.0,10.1,22.39,49.0,34.0
5106653,Pontal do Araguaia,2021,53.86,82.46,59.5,5.87,100.0,,7.37,58.0,50.0
5106653,Pontal do Araguaia,2022,54.61,82.99,73.14,7.27,100.0,,4.81,44.0,32.0
5106653,Pontal do Araguaia,2023,54.25,82.89,71.24,6.24,100.0,,6.01,43.0,34.0
5106653,Pontal do Araguaia,2024,38.3,80.42,51.98,10.93,50.0,6.13,20.55,34.0,43.0
5106703,Ponte Branca,2021,41.62,87.68,87.81,4.56,0.0,,33.7,11.0,68.0
5106703,Ponte Branca,2022,38.94,88.08,80.56,8.98,0.0,,16.59,12.0,68.0
5106703,Ponte Branca,2023,39.54,88.01,83.6,8.64,0.0,,20.74,8.0,64.0
5106703,Ponte Branca,2024,37.88,87.55,58.45,24.21,0.0,11.37,48.17,8.0,62.0
5106752,Pontes e Lacerda,2021,61.41,84.66,85.98,8.52,100.0,,5.57,70.0,69.0
5106752,Pontes e Lacerda,2022,63.2,84.39,91.08,11.29,100.0,,3.52,78.0,71.0
5106752,Pontes e Lacerda,2023,64.12,84.31,89.85,12.26,100.0,,4.8,79.0,84.0
5106752,Pontes e Lacerda,2024,55.52,84.65,72.6,33.96,100.0,4.81,10.04,58.0,74.0
5106778,Porto Alegre do Norte,2021,40.03,65.61,35.18,0.54,100.0,,4.0,11.0,15.0
5106778,Porto Alegre do Norte,2022,42.4,64.98,14.01,15.58,100.0,,3.6,71.0,16.0
5106778,Porto Alegre do Norte,2023,40.42,64.79,20.71,13.91,100.0,,4.51,22.0,15.0
5106778,Porto Alegre do Norte,2024,32.91,66.95,26.05,42.68,50.0,4.2,11.98,12.0,29.0
5106802,Porto dos Gaúchos,2021,58.43,53.76,83.76,7.37,100.0,,19.24,76.0,82.0
5106802,Porto dos Gaúchos,2022,58.25,52.83,85.24,8.6,100.0,,11.91,89.0,76.0
5106802,Porto dos Gaúchos,2023,59.98,52.56,89.82,7.55,100.0,,18.62,89.0,80.0
5106802,Porto dos Gaúchos,2024,45.67,53.77,66.21,19.07,50.0,2.17,52.72,62.0,79.0
5106828,Porto Esperidião,2021,39.79,39.94,41.78,7.46,100.0,,6.33,25.0,22.0
5106828,Porto Esperidião,2022,23.72,38.4,58.15,10.99,0.0,,4.9,33.0,24.0
5106828,Porto Esperidião,2023,24.87,38.05,59.58,10.03,0.0,,12.25,33.0,26.0
5106828,Porto Esperidião,2024,35.16,55.18,30.41,21.0,50.0,12.69,39.34,41.0,25.0
5106851,Porto Estrela,2021,50.39,52.73,72.86,8.43,100.0,,9.2,2.0,77.0
5106851,Porto Estrela,2022,49.96,52.94,68.68,11.76,100.0,,10.33,1.0,71.0
5106851,Porto Estrela,2023,49.89,52.66,65.41,11.1,100.0,,12.92,1.0,78.0
5106851,Porto Estrela,2024,47.77,52.38,54.2,26.49,100.0,19.33,31.44,1.0,77.0
5107008,Poxoréu,2021,43.2,60.22,42.28,9.77,100.0,,8.06,15.0,19.0
5107008,Poxoréu,2022,42.39,60.69,34.91,7.84,100.0,,5.01,34.0,21.0
5107008,Poxoréu,2023,45.7,60.99,41.53,4.24,100.0,,7.16,51.0,44.0
5107008,Poxoréu,2024,40.8,63.03,30.24,8.27,100.0,12.09,14.24,41.0,48.0
5107040,Primavera do Leste,2021,68.81,94.91,86.18,42.35,100.0,,10.86,52.0,62.0
5107040,Primavera do Leste,2022,68.72,95.34,91.61,32.9,100.0,,6.26,63.0,71.0
5107040,Primavera do Leste,2023,68.56,95.52,89.79,29.58,100.0,,8.8,62.0,79.0
5107040,Primavera do Leste,2024,66.94,96.4,77.61,72.58,100.0,20.77,23.67,48.0,79.0
5107065,Querência,2021,54.92,63.21,78.56,11.58,100.0,,5.59,70.0,35.0
5107065,Querência,2022,34.13,64.01,63.33,16.16,0.0,,5.6,60.0,64.0
5107065,Querência,2023,37.2,64.06,76.08,17.84,0.0,,8.56,58.0,64.0
5107065,Querência,2024,43.15,65.19,54.1,32.48,50.0,12.06,28.5,47.0,59.0
5107107,São José dos Quatro Marcos,2021,54.65,81.15,64.06,10.23,100.0,,6.84,33.0,65.0
5107107,São José dos Quatro Marcos,2022,56.29,80.71,75.27,9.17,100.0,,4.67,35.0,63.0
5107107,São José dos Quatro Marcos,2023,57.12,80.57,78.25,10.66,100.0,,5.83,34.0,62.0
5107107,São José dos Quatro Marcos,2024,50.84,80.85,63.26,24.85,100.0,19.39,14.02,27.0,50.0
5107156,Reserva do Cabaçal,2021,46.06,67.3,25.83,3.39,100.0,,18.66,54.0,57.0
5107156,Reserva do Cabaçal,2022,48.11,68.22,28.87,13.78,100.0,,23.55,45.0,44.0
5107156,Reserva do Cabaçal,2023,44.42,67.63,24.96,4.07,100.0,,29.44,25.0,35.0
5107156,Reserva do Cabaçal,2024,40.6,67.89,15.1,1.7,100.0,8.14,48.5,27.0,38.0
5107180,Ribeirão Cascalheira,2021,49.6,63.5,60.45,4.78,100.0,,4.92,38.0,59.0
5107180,Ribeirão Cascalheira,2022,50.94,62.68,68.31,9.44,100.0,,5.05,30.0,51.0
5107180,Ribeirão Cascalheira,2023,53.31,62.82,71.51,8.34,100.0,,10.52,39.0,62.0
5107180,Ribeirão Cascalheira,2024,38.7,64.07,54.11,24.54,50.0,4.75,23.97,34.0,49.0
5107198,Ribeirãozinho,2021,57.8,78.64,86.82,12.0,100.0,,31.61,4.0,22.0
5107198,Ribeirãozinho,2022,58.49,78.78,91.61,12.64,100.0,,19.27,9.0,37.0
5107198,Ribeirãozinho,2023,59.27,78.65,90.09,16.49,100.0,,24.09,12.0,30.0
5107198,Ribeirãozinho,2024,61.03,78.1,82.24,33.56,100.0,50.68,55.62,10.0,25.0
5107206,Rio Branco,2021,57.12,90.18,63.74,4.16,100.0,,14.98,45.0,71.0
5107206,Rio Branco,2022,60.95,91.27,81.25,12.46,100.0,,11.02,50.0,53.0
5107206,Rio Branco,2023,60.74,91.17,84.94,9.57,100.0,,13.78,52.0,39.0
5107206,Rio Branco,2024,50.13,90.44,70.19,24.78,50.0,47.75,33.42,39.0,19.0
5107248,Santa Carmem,2021,58.28,80.94,80.96,11.51,100.0,,16.76,44.0,36.0
5107248,Santa Carmem,2022,45.17,84.92,82.07,37.27,0.0,,12.4,55.0,53.0
5107248,Santa Carmem,2023,45.69,84.76,86.43,32.99,0.0,,15.5,56.0,53.0
5107248,Santa Carmem,2024,53.03,83.85,63.3,40.91,50.0,23.75,52.84,44.0,60.0
5107263,Santo Afonso,2021,46.31,54.51,37.72,5.26,100.0,,16.25,70.0,43.0
5107263,Santo Afonso,2022,50.69,54.18,49.69,13.94,100.0,,13.23,68.0,60.0
5107263,Santo Afonso,2023,52.68,53.93,53.79,12.31,100.0,,24.8,66.0,62.0
5107263,Santo Afonso,2024,40.53,69.69,47.62,19.31,0.0,29.76,60.98,54.0,67.0
5107297,São José do Povo,2021,24.6,60.51,42.05,14.13,0.0,,12.53,5.0,28.0
5107297,São José do Povo,2022,32.2,62.14,65.38,31.57,0.0,,11.59,4.0,24.0
5107297,São José do Povo,2023,32.29,61.92,69.32,27.76,0.0,,14.49,4.0,20.0
5107297,São José do Povo,2024,39.57,59.55,59.93,61.24,0.0,32.64,53.96,4.0,22.0
5107305,São José do Rio Claro,2021,52.67,80.1,48.01,12.2,100.0,,3.61,71.0,48.0
5107305,São José do Rio Claro,2022,59.62,79.89,75.21,22.95,100.0,,3.35,68.0,48.0
5107305,São José do Rio Claro,2023,63.51,80.05,83.08,25.39,100.0,,6.99,66.0,73.0
5107305,São José do Rio Claro,2024,51.34,80.73,63.18,66.19,50.0,10.27,27.28,50.0,59.0
5107354,São José do Xingu,2021,42.67,51.35,25.73,1.44,100.0,,9.1,56.0,71.0
5107354,São José do Xingu,2022,41.62,54.43,22.59,3.29,100.0,,13.96,14.0,80.0
5107354,São José do Xingu,2023,51.58,54.21,57.54,4.59,100.0,,17.46,57.0,81.0
5107354,São José do Xingu,2024,33.44,54.56,44.71,14.55,0.0,15.3,48.64,44.0,73.0
5107404,São Pedro da Cipa,2021,52.79,93.74,52.75,0.96,100.0,,15.99,47.0,29.0
5107404,São Pedro da Cipa,2022,59.25,94.27,69.4,21.64,100.0,,11.93,58.0,14.0
5107404,São Pedro da Cipa,2023,58.69,94.19,73.25,12.34,100.0,,14.91,59.0,15.0
5107404,São Pedro da Cipa,2024,49.11,93.46,55.9,21.43,50.0,52.01,35.32,45.0,17.0
5107578,Rondolândia,2021,20.86,36.38,20.82,2.16,0.0,,12.63,62.0,82.0
5107578,Rondolândia,2022,21.58,42.39,29.16,5.4,0.0,,14.26,17.0,82.0
5107578,Rondolândia,2023,24.06,40.99,31.96,36.76,0.0,,17.82,7.0,22.0
5107578,Rondolândia,2024,21.28,37.21,24.59,7.37,0.0,10.68,28.35,4.0,80.0
5107602,Rondonópolis,2021,67.31,97.39,87.77,20.51,100.0,,13.84,77.0,63.0
5107602,Rondonópolis,2022,70.01,97.48,93.98,28.23,100.0,,9.18,83.0,67.0
5107602,Rondonópolis,2023,68.46,97.46,91.01,22.46,100.0,,11.99,77.0,69.0
5107602,Rondonópolis,2024,67.71,97.38,81.27,60.58,100.0,28.37,27.01,58.0,74.0
5107701,Rosário Oeste,2021,47.33,58.09,47.25,2.76,100.0,,6.05,48.0,72.0
5107701,Rosário Oeste,2022,49.8,57.56,59.21,2.81,100.0,,4.31,56.0,71.0
5107701,Rosário Oeste,2023,51.4,57.32,60.19,3.8,100.0,,8.09,57.0,84.0
5107701,Rosário Oeste,2024,45.55,60.64,49.13,9.94,100.0,6.77,19.69,47.0,71.0
5107743,Santa Cruz do Xingu,2021,53.61,66.94,57.42,2.05,100.0,,19.04,65.0,76.0
5107743,Santa Cruz do Xingu,2022,52.03,66.79,60.75,6.02,100.0,,18.78,30.0,63.0
5107743,Santa Cruz do Xingu,2023,51.93,66.49,62.07,7.99,100.0,,23.48,7.0,64.0
5107743,Santa Cruz do Xingu,2024,30.61,67.03,38.2,18.61,0.0,4.27,52.93,6.0,63.0
5107750,Salto do Céu,2021,43.87,46.03,32.7,3.15,100.0,,15.93,51.0,68.0
5107750,Salto do Céu,2022,42.42,52.64,24.54,5.69,100.0,,13.59,35.0,64.0
5107750,Salto do Céu,2023,41.75,53.74,21.69,5.15,100.0,,16.98,18.0,71.0
5107750,Salto do Céu,2024,22.37,49.77,14.15,13.39,0.0,9.36,27.18,19.0,69.0
5107768,Santa Rita do Trivelato,2021,41.74,58.63,28.81,4.99,100.0,,7.13,15.0,59.0
5107768,Santa Rita do Trivelato,2022,24.65,62.66,11.05,9.66,0.0,,20.34,68.0,56.0
5107768,Santa Rita do Trivelato,2023,27.78,62.67,22.12,14.4,0.0,,38.14,38.0,50.0
5107768,Santa Rita do Trivelato,2024,35.81,67.29,21.89,15.81,0.0,21.31,100.0,15.0,49.0
5107776,Santa Terezinha,2021,36.43,37.5,25.68,0.41,100.0,,3.01,10.0,69.0
5107776,Santa Terezinha,2022,15.46,39.92,7.25,0.64,0.0,,4.39,29.0,81.0
5107776,Santa Terezinha,2023,16.19,39.51,3.0,0.77,0.0,,5.48,46.0,88.0
5107776,Santa Terezinha,2024,16.57,41.1,3.32,2.85,0.0,1.24,12.95,39.0,71.0
5107792,Santo Antônio do Leste,2021,41.48,59.29,34.88,2.61,100.0,,4.71,11.0,50.0
5107792,Santo Antônio do Leste,2022,46.02,58.56,63.74,3.9,100.0,,8.13,5.0,31.0
5107792,Santo Antônio do Leste,2023,51.99,58.33,65.53,8.76,100.0,,25.4,10.0,68.0
5107792,Santo Antônio do Leste,2024,53.66,62.66,61.43,21.19,50.0,25.45,100.0,44.0,67.0
5107800,Santo Antônio do Leverger,2021,51.07,47.88,56.82,4.9,100.0,,16.45,74.0,77.0
5107800,Santo Antônio do Leverger,2022,56.6,49.1,81.79,10.95,100.0,,12.02,73.0,78.0
5107800,Santo Antônio do Leverger,2023,57.57,48.33,83.63,13.61,100.0,,17.76,73.0,69.0
5107800,Santo Antônio do Leverger,2024,42.73,52.29,56.34,20.45,50.0,5.22,47.63,51.0,73.0
5107859,São Félix do Araguaia,2021,44.45,50.0,38.13,2.52,100.0,,6.46,52.0,71.0
5107859,São Félix do Araguaia,2022,23.37,48.85,17.52,4.84,0.0,,6.12,83.0,84.0
5107859,São Félix do Araguaia,2023,25.19,48.67,26.86,5.67,0.0,,10.71,71.0,84.0
5107859,São Félix do Araguaia,2024,28.93,52.88,24.46,14.37,0.0,4.09,41.86,53.0,81.0
5107875,Sapezal,2021,63.19,85.85,86.65,5.42,100.0,,9.35,82.0,83.0
5107875,Sapezal,2022,64.01,86.35,91.62,4.63,100.0,,6.33,86.0,84.0
5107875,Sapezal,2023,64.44,86.27,89.77,7.0,100.0,,9.35,85.0,84.0
5107875,Sapezal,2024,60.56,88.36,76.74,15.55,100.0,24.74,33.33,64.0,80.0
5107883,Serra Nova Dourada,2021,39.22,61.52,26.84,1.67,100.0,,15.07,11.0,12.0
5107883,Serra Nova Dourada,2022,40.12,63.34,6.81,1.25,100.0,,18.51,29.0,62.0
5107883,Serra Nova Dourada,2023,41.75,62.49,2.6,1.82,100.0,,34.71,21.0,75.0
5107883,Serra Nova Dourada,2024,35.66,62.05,9.54,5.92,50.0,15.39,52.6,43.0,61.0
5107909,Sinop,2021,69.38,96.66,85.98,35.15,100.0,,13.8,57.0,79.0
5107909,Sinop,2022,70.68,96.89,91.04,38.58,100.0,,7.31,65.0,79.0
5107909,Sinop,2023,69.56,96.73,89.74,32.52,100.0,,10.73,65.0,76.0
5107909,Sinop,2024,66.76,96.44,72.45,77.06,100.0,28.99,20.37,49.0,68.0
5107925,Sorriso,2021,65.04,90.38,85.72,20.22,100.0,,7.31,53.0,90.0
5107925,Sorriso,2022,68.51,92.34,91.01,32.19,100.0,,4.67,66.0,81.0
5107925,Sorriso,2023,67.41,93.9,89.71,25.09,100.0,,6.4,67.0,80.0
5107925,Sorriso,2024,64.63,94.36,73.8,66.78,100.0,21.25,19.42,49.0,76.0
5107941,Tabaporã,2021,49.31,54.91,55.24,15.45,100.0,,8.24,70.0,21.0
5107941,Tabaporã,2022,31.19,56.24,55.58,16.49,0.0,,8.49,67.0,47.0
5107941,Tabaporã,2023,32.83,55.95,67.64,12.43,0.0,,14.86,60.0,43.0
5107941,Tabaporã,2024,41.69,56.96,50.12,30.58,50.0,17.79,35.32,41.0,51.0
5107958,Tangará da Serra,2021,62.22,90.98,72.24,28.41,100.0,,7.4,48.0,64.0
5107958,Tangará da Serra,2022,66.54,90.89,82.7,36.45,100.0,,5.48,58.0,71.0
5107958,Tangará da Serra,2023,65.31,90.84,85.27,27.16,100.0,,7.04,57.0,69.0
5107958,Tangará da Serra,2024,61.57,92.98,61.46,76.51,100.0,18.32,16.44,43.0,60.0
5108006,Tapurah,2021,57.41,66.8,86.22,12.86,100.0,,5.36,63.0,46.0
5108006,Tapurah,2022,59.25,67.88,91.28,16.89,100.0,,5.8,64.0,43.0
5108006,Tapurah,2023,59.83,68.42,81.1,15.74,100.0,,8.7,68.0,77.0
5108006,Tapurah,2024,55.73,69.35,64.78,38.27,100.0,17.64,26.19,50.0,72.0
5108055,Terra Nova do Norte,2021,49.87,52.54,68.52,11.37,100.0,,8.3,20.0,58.0
5108055,Terra Nova do Norte,2022,49.77,53.03,63.8,15.17,100.0,,7.85,19.0,59.0
5108055,Terra Nova do Norte,2023,49.49,52.63,63.61,13.58,100.0,,9.81,20.0,56.0
5108055,Terra Nova do Norte,2024,46.15,51.41,53.5,30.19,100.0,11.84,28.19,20.0,52.0
5108105,Tesouro,2021,42.73,59.76,22.71,2.45,100.0,,13.67,32.0,68.0
5108105,Tesouro,2022,23.85,59.01,22.69,11.49,0.0,,16.52,28.0,59.0
5108105,Tesouro,2023,22.56,58.82,20.7,8.58,0.0,,20.65,22.0,50.0
5108105,Tesouro,2024,28.13,60.46,16.57,8.99,0.0,2.51,67.18,38.0,52.0
5108204,Torixoréu,2021,68.26,74.33,70.01,88.11,100.0,,22.11,26.0,19.0
5108204,Torixoréu,2022,52.85,74.63,59.97,6.45,100.0,,12.0,39.0,60.0
5108204,Torixoréu,2023,55.22,74.48,64.21,5.58,100.0,,20.0,47.0,65.0
5108204,Torixoréu,2024,52.64,75.08,57.98,10.28,100.0,14.13,47.28,40.0,63.0
5108303,União do Sul,2021,51.94,64.02,52.39,14.26,100.0,,14.88,39.0,69.0
5108303,União do Sul,2022,25.96,64.24,46.38,1.47,0.0,,13.02,24.0,47.0
5108303,União do Sul,2023,28.89,64.89,50.57,9.69,0.0,,21.7,14.0,46.0
5108303,União do Sul,2024,33.96,65.07,42.75,39.84,0.0,17.74,51.32,8.0,38.0
5108352,Vale de São Domingos,2021,43.99,42.17,40.89,1.85,100.0,,16.45,54.0,55.0
5108352,Vale de São Domingos,2022,47.01,47.41,47.15,2.9,100.0,,17.21,60.0,61.0
5108352,Vale de São Domingos,2023,50.55,46.76,49.72,2.9,100.0,,35.86,60.0,73.0
5108352,Vale de São Domingos,2024,39.22,63.51,47.38,4.56,0.0,15.91,86.0,50.0,74.0
5108402,Várzea Grande,2021,66.9,99.4,83.97,13.15,100.0,,10.71,83.0,86.0
5108402,Várzea Grande,2022,69.84,99.41,91.53,22.75,100.0,,7.51,82.0,89.0
5108402,Várzea Grande,2023,69.74,99.4,90.13,21.44,100.0,,10.08,81.0,91.0
5108402,Várzea Grande,2024,65.11,99.41,68.15,49.83,100.0,31.13,22.41,60.0,83.0
5108501,Vera,2021,52.74,67.45,63.68,6.88,100.0,,13.14,57.0,46.0
5108501,Vera,2022,57.72,67.88,72.33,21.83,100.0,,7.81,68.0,53.0
5108501,Vera,2023,62.69,67.58,74.74,37.77,100.0,,11.39,69.0,71.0
5108501,Vera,2024,53.6,65.46,53.17,54.06,100.0,12.1,26.14,52.0,52.0
5108600,Vila Rica,2021,47.35,67.72,35.21,6.95,100.0,,2.86,39.0,85.0
5108600,Vila Rica,2022,48.32,67.14,35.15,14.69,100.0,,2.51,34.0,84.0
5108600,Vila Rica,2023,54.53,66.97,54.77,14.61,100.0,,3.14,70.0,89.0
5108600,Vila Rica,2024,33.28,67.57,52.87,29.58,0.0,3.29,10.09,54.0,79.0
5108808,Nova Guarita,2021,54.75,55.66,86.7,16.16,100.0,,11.66,55.0,16.0
5108808,Nova Guarita,2022,35.78,55.39,83.53,26.87,0.0,,7.26,67.0,7.0
5108808,Nova Guarita,2023,35.4,55.14,87.35,23.38,0.0,,9.08,56.0,8.0
5108808,Nova Guarita,2024,34.55,55.68,72.43,51.7,0.0,15.76,21.84,37.0,9.0
5108857,Nova Marilândia,2021,58.13,71.89,67.59,14.78,100.0,,23.14,63.0,58.0
5108857,Nova Marilândia,2022,58.77,71.58,76.33,18.83,100.0,,14.16,63.0,49.0
5108857,Nova Marilândia,2023,61.67,71.42,85.7,16.87,100.0,,17.7,49.0,80.0
5108857,Nova Marilândia,2024,47.36,72.65,68.23,39.97,50.0,13.93,27.19,33.0,71.0
5108907,Nova Maringá,2021,41.27,54.44,33.45,2.0,100.0,,5.68,27.0,49.0
5108907,Nova Maringá,2022,29.06,55.66,60.46,2.08,0.0,,5.7,32.0,84.0
5108907,Nova Maringá,2023,31.61,55.22,62.32,7.64,0.0,,10.69,41.0,84.0
5108907,Nova Maringá,2024,35.53,57.59,53.13,22.77,0.0,7.8,51.95,38.0,76.0
5108956,Nova Monte Verde,2021,40.43,50.43,34.06,4.96,100.0,,2.74,6.0,62.0
5108956,Nova Monte Verde,2022,37.48,50.18,12.94,14.54,100.0,,4.01,15.0,39.0
5108956,Nova Monte Verde,2023,36.34,49.71,6.97,6.32,100.0,,5.01,18.0,60.0
5108956,Nova Monte Verde,2024,28.65,52.22,6.94,10.89,50.0,12.48,17.75,44.0,46.0
