id_municipio,municipio,ano,mes_referencia,agencias_bancarias,postos_bancarios,agencias_por_10mil_hab
5100102,Acorizal,2021,202112,0.0,4.0,0.0
5100102,Acorizal,2022,202212,0.0,4.0,0.0
5100102,Acorizal,2023,202312,0.0,4.0,0.0
5100102,Acorizal,2024,202412,0.0,4.0,0.0
5100102,Acorizal,2025,202512,0.0,2.0,0.0
5100102,Acorizal,2026,202606,0.0,1.0,0.0
5100201,Água Boa,2021,202112,6.0,6.0,2.25
5100201,Água Boa,2022,202212,6.0,8.0,2.05
5100201,Água Boa,2023,202312,6.0,8.0,2.05
5100201,Água Boa,2024,202412,6.0,8.0,1.92
5100201,Água Boa,2025,202512,6.0,8.0,1.87
5100201,Água Boa,2026,202606,3.0,5.0,0.93
5100250,Alta Floresta,2021,202112,10.0,16.0,1.92
5100250,Alta Floresta,2022,202212,10.0,20.0,1.71
5100250,Alta Floresta,2023,202312,10.0,20.0,1.71
5100250,Alta Floresta,2024,202412,10.0,20.0,1.63
5100250,Alta Floresta,2025,202512,8.0,22.0,1.29
5100250,Alta Floresta,2026,202606,4.0,11.0,0.64
5100300,Alto Araguaia,2021,202112,4.0,4.0,2.03
5100300,Alto Araguaia,2022,202212,4.0,6.0,2.33
5100300,Alto Araguaia,2023,202312,4.0,4.0,2.33
5100300,Alto Araguaia,2024,202412,4.0,4.0,2.27
5100300,Alto Araguaia,2025,202512,4.0,4.0,2.25
5100300,Alto Araguaia,2026,202606,2.0,2.0,1.13
5100359,Alto Boa Vista,2021,202112,0.0,4.0,0.0
5100359,Alto Boa Vista,2022,202212,0.0,6.0,0.0
5100359,Alto Boa Vista,2023,202312,0.0,6.0,0.0
5100359,Alto Boa Vista,2024,202412,0.0,6.0,0.0
5100359,Alto Boa Vista,2025,202512,0.0,6.0,0.0
5100359,Alto Boa Vista,2026,202606,0.0,3.0,0.0
5100409,Alto Garças,2021,202112,4.0,2.0,3.25
5100409,Alto Garças,2022,202212,4.0,4.0,3.06
5100409,Alto Garças,2023,202312,4.0,4.0,3.06
5100409,Alto Garças,2024,202412,4.0,4.0,2.92
5100409,Alto Garças,2025,202512,4.0,4.0,2.87
5100409,Alto Garças,2026,202606,2.0,2.0,1.43
5100508,Alto Paraguai,2021,202112,0.0,4.0,0.0
5100508,Alto Paraguai,2022,202212,0.0,4.0,0.0
5100508,Alto Paraguai,2023,202312,0.0,4.0,0.0
5100508,Alto Paraguai,2024,202412,0.0,2.0,0.0
5100508,Alto Paraguai,2025,202512,0.0,2.0,0.0
5100508,Alto Paraguai,2026,202606,0.0,1.0,0.0
5100607,Alto Taquari,2021,202112,6.0,2.0,5.26
5100607,Alto Taquari,2022,202212,6.0,2.0,5.5
5100607,Alto Taquari,2023,202312,6.0,2.0,5.5
5100607,Alto Taquari,2024,202412,4.0,2.0,3.46
5100607,Alto Taquari,2025,202512,4.0,2.0,3.37
5100607,Alto Taquari,2026,202606,2.0,1.0,1.68
5100805,Apiacás,2021,202112,0.0,10.0,0.0
5100805,Apiacás,2022,202212,0.0,10.0,0.0
5100805,Apiacás,2023,202312,0.0,10.0,0.0
5100805,Apiacás,2024,202412,0.0,10.0,0.0
5100805,Apiacás,2025,202512,0.0,8.0,0.0
5100805,Apiacás,2026,202606,0.0,4.0,0.0
5101001,Araguaiana,2021,202112,0.0,2.0,0.0
5101001,Araguaiana,2022,202212,0.0,2.0,0.0
5101001,Araguaiana,2023,202312,0.0,2.0,0.0
5101001,Araguaiana,2024,202412,0.0,2.0,0.0
5101001,Araguaiana,2025,202512,0.0,2.0,0.0
5101001,Araguaiana,2026,202606,0.0,1.0,0.0
5101209,Araguainha,2021,202112,0.0,0.0,0.0
5101209,Araguainha,2022,202212,0.0,0.0,0.0
5101209,Araguainha,2023,202312,0.0,0.0,0.0
5101209,Araguainha,2024,202412,0.0,0.0,0.0
5101209,Araguainha,2025,202512,0.0,0.0,0.0
5101209,Araguainha,2026,202606,0.0,0.0,0.0
5101258,Araputanga,2021,202112,4.0,6.0,2.34
5101258,Araputanga,2022,202212,4.0,6.0,2.71
5101258,Araputanga,2023,202312,4.0,6.0,2.71
5101258,Araputanga,2024,202412,4.0,6.0,2.69
5101258,Araputanga,2025,202512,4.0,6.0,2.7
5101258,Araputanga,2026,202606,2.0,3.0,1.35
5101308,Arenápolis,2021,202112,4.0,4.0,4.26
5101308,Arenápolis,2022,202212,4.0,4.0,3.78
5101308,Arenápolis,2023,202312,4.0,4.0,3.78
5101308,Arenápolis,2024,202412,2.0,4.0,1.86
5101308,Arenápolis,2025,202512,2.0,4.0,1.86
5101308,Arenápolis,2026,202606,1.0,2.0,0.93
5101407,Aripuanã,2021,202112,2.0,12.0,0.87
5101407,Aripuanã,2022,202212,2.0,10.0,0.81
5101407,Aripuanã,2023,202312,2.0,12.0,0.81
5101407,Aripuanã,2024,202412,2.0,10.0,0.77
5101407,Aripuanã,2025,202512,2.0,10.0,0.75
5101407,Aripuanã,2026,202606,1.0,5.0,0.38
5101605,Barão de Melgaço,2021,202112,0.0,4.0,0.0
5101605,Barão de Melgaço,2022,202212,0.0,4.0,0.0
5101605,Barão de Melgaço,2023,202312,0.0,4.0,0.0
5101605,Barão de Melgaço,2024,202412,0.0,4.0,0.0
5101605,Barão de Melgaço,2025,202512,0.0,2.0,0.0
5101605,Barão de Melgaço,2026,202606,0.0,1.0,0.0
5101704,Barra do Bugres,2021,202112,6.0,4.0,1.68
5101704,Barra do Bugres,2022,202212,6.0,4.0,2.04
5101704,Barra do Bugres,2023,202312,6.0,4.0,2.04
5101704,Barra do Bugres,2024,202412,6.0,4.0,2.03
5101704,Barra do Bugres,2025,202512,4.0,4.0,1.36
5101704,Barra do Bugres,2026,202606,2.0,2.0,0.68
5101803,Barra do Garças,2021,202112,14.0,8.0,2.27
5101803,Barra do Garças,2022,202212,14.0,10.0,2.02
5101803,Barra do Garças,2023,202312,14.0,10.0,2.02
5101803,Barra do Garças,2024,202412,14.0,12.0,1.93
5101803,Barra do Garças,2025,202512,10.0,16.0,1.35
5101803,Barra do Garças,2026,202606,5.0,8.0,0.68
5101852,Bom Jesus do Araguaia,2021,202112,0.0,2.0,0.0
5101852,Bom Jesus do Araguaia,2022,202212,0.0,4.0,0.0
5101852,Bom Jesus do Araguaia,2023,202312,0.0,4.0,0.0
5101852,Bom Jesus do Araguaia,2024,202412,0.0,4.0,0.0
5101852,Bom Jesus do Araguaia,2025,202512,0.0,4.0,0.0
5101852,Bom Jesus do Araguaia,2026,202606,0.0,2.0,0.0
5101902,Brasnorte,2021,202112,2.0,6.0,0.97
5101902,Brasnorte,2022,202212,2.0,6.0,1.18
5101902,Brasnorte,2023,202312,2.0,6.0,1.18
5101902,Brasnorte,2024,202412,2.0,6.0,1.14
5101902,Brasnorte,2025,202512,2.0,6.0,1.13
5101902,Brasnorte,2026,202606,1.0,3.0,0.57
5102504,Cáceres,2021,202112,14.0,10.0,1.47
5102504,Cáceres,2022,202212,14.0,10.0,1.56
5102504,Cáceres,2023,202312,12.0,12.0,1.34
5102504,Cáceres,2024,202412,12.0,14.0,1.31
5102504,Cáceres,2025,202512,10.0,14.0,1.09
5102504,Cáceres,2026,202606,5.0,7.0,0.54
5102603,Campinápolis,2021,202112,4.0,2.0,2.47
5102603,Campinápolis,2022,202212,4.0,2.0,2.61
5102603,Campinápolis,2023,202312,4.0,2.0,2.61
5102603,Campinápolis,2024,202412,2.0,2.0,1.27
5102603,Campinápolis,2025,202512,2.0,2.0,1.27
5102603,Campinápolis,2026,202606,1.0,2.0,0.63
5102637,Campo Novo do Parecis,2021,202112,8.0,12.0,2.17
5102637,Campo Novo do Parecis,2022,202212,8.0,14.0,1.74
5102637,Campo Novo do Parecis,2023,202312,8.0,14.0,1.74
5102637,Campo Novo do Parecis,2024,202412,8.0,14.0,1.6
5102637,Campo Novo do Parecis,2025,202512,8.0,14.0,1.55
5102637,Campo Novo do Parecis,2026,202606,4.0,7.0,0.77
5102678,Campo Verde,2021,202112,6.0,8.0,1.36
5102678,Campo Verde,2022,202212,6.0,8.0,1.35
5102678,Campo Verde,2023,202312,6.0,10.0,1.35
5102678,Campo Verde,2024,202412,6.0,10.0,1.25
5102678,Campo Verde,2025,202512,6.0,14.0,1.22
5102678,Campo Verde,2026,202606,3.0,7.0,0.61
5102686,Campos de Júlio,2021,202112,2.0,8.0,2.76
5102686,Campos de Júlio,2022,202212,2.0,8.0,2.27
5102686,Campos de Júlio,2023,202312,2.0,8.0,2.27
5102686,Campos de Júlio,2024,202412,2.0,8.0,2.08
5102686,Campos de Júlio,2025,202512,2.0,6.0,2.01
5102686,Campos de Júlio,2026,202606,1.0,3.0,1.01
5102694,Canabrava do Norte,2021,202112,0.0,2.0,0.0
5102694,Canabrava do Norte,2022,202212,0.0,2.0,0.0
5102694,Canabrava do Norte,2023,202312,0.0,2.0,0.0
5102694,Canabrava do Norte,2024,202412,0.0,2.0,0.0
5102694,Canabrava do Norte,2025,202512,0.0,2.0,0.0
5102694,Canabrava do Norte,2026,202606,0.0,1.0,0.0
5102702,Canarana,2021,202112,6.0,8.0,2.71
5102702,Canarana,2022,202212,6.0,8.0,2.32
5102702,Canarana,2023,202312,6.0,10.0,2.32
5102702,Canarana,2024,202412,6.0,10.0,2.17
5102702,Canarana,2025,202512,6.0,10.0,2.12
5102702,Canarana,2026,202606,3.0,5.0,1.06
5102793,Carlinda,2021,202112,0.0,6.0,0.0
5102793,Carlinda,2022,202212,0.0,8.0,0.0
5102793,Carlinda,2023,202312,0.0,8.0,0.0
5102793,Carlinda,2024,202412,0.0,6.0,0.0
5102793,Carlinda,2025,202512,0.0,6.0,0.0
5102793,Carlinda,2026,202606,0.0,3.0,0.0
5102850,Castanheira,2021,202112,0.0,6.0,0.0
5102850,Castanheira,2022,202212,0.0,6.0,0.0
5102850,Castanheira,2023,202312,0.0,6.0,0.0
5102850,Castanheira,2024,202412,0.0,6.0,0.0
5102850,Castanheira,2025,202512,0.0,4.0,0.0
5102850,Castanheira,2026,202606,0.0,2.0,0.0
5103007,Chapada dos Guimarães,2021,202112,4.0,4.0,1.78
5103007,Chapada dos Guimarães,2022,202212,4.0,4.0,2.11
5103007,Chapada dos Guimarães,2023,202312,4.0,4.0,2.11
5103007,Chapada dos Guimarães,2024,202412,4.0,4.0,2.06
5103007,Chapada dos Guimarães,2025,202512,4.0,6.0,2.06
5103007,Chapada dos Guimarães,2026,202606,2.0,3.0,1.03
5103056,Cláudia,2021,202112,4.0,2.0,3.24
5103056,Cláudia,2022,202212,4.0,4.0,4.17
5103056,Cláudia,2023,202312,4.0,4.0,4.17
5103056,Cláudia,2024,202412,2.0,4.0,2.12
5103056,Cláudia,2025,202512,2.0,4.0,2.15
5103056,Cláudia,2026,202606,1.0,2.0,1.08
5103106,Cocalinho,2021,202112,0.0,4.0,0.0
5103106,Cocalinho,2022,202212,0.0,4.0,0.0
5103106,Cocalinho,2023,202312,0.0,6.0,0.0
5103106,Cocalinho,2024,202412,0.0,6.0,0.0
5103106,Cocalinho,2025,202512,0.0,6.0,0.0
5103106,Cocalinho,2026,202606,0.0,2.0,0.0
5103205,Colíder,2021,202112,6.0,10.0,1.77
5103205,Colíder,2022,202212,6.0,12.0,1.91
5103205,Colíder,2023,202312,6.0,12.0,1.91
5103205,Colíder,2024,202412,6.0,12.0,1.87
5103205,Colíder,2025,202512,6.0,16.0,1.87
5103205,Colíder,2026,202606,3.0,8.0,0.94
5103254,Colniza,2021,202112,0.0,10.0,0.0
5103254,Colniza,2022,202212,0.0,10.0,0.0
5103254,Colniza,2023,202312,0.0,10.0,0.0
5103254,Colniza,2024,202412,0.0,10.0,0.0
5103254,Colniza,2025,202512,0.0,10.0,0.0
5103254,Colniza,2026,202606,0.0,5.0,0.0
5103304,Comodoro,2021,202112,4.0,6.0,1.88
5103304,Comodoro,2022,202212,4.0,6.0,2.19
5103304,Comodoro,2023,202312,4.0,6.0,2.19
5103304,Comodoro,2024,202412,4.0,6.0,2.17
5103304,Comodoro,2025,202512,4.0,8.0,2.17
5103304,Comodoro,2026,202606,2.0,4.0,1.08
5103353,Confresa,2021,202112,6.0,8.0,1.87
5103353,Confresa,2022,202212,6.0,8.0,1.71
5103353,Confresa,2023,202312,6.0,10.0,1.71
5103353,Confresa,2024,202412,6.0,10.0,1.6
5103353,Confresa,2025,202512,6.0,10.0,1.56
5103353,Confresa,2026,202606,3.0,6.0,0.78
5103361,Conquista D'Oeste,2021,202112,0.0,2.0,0.0
5103361,Conquista D'Oeste,2022,202212,0.0,2.0,0.0
5103361,Conquista D'Oeste,2023,202312,0.0,2.0,0.0
5103361,Conquista D'Oeste,2024,202412,0.0,2.0,0.0
5103361,Conquista D'Oeste,2025,202512,0.0,2.0,0.0
5103361,Conquista D'Oeste,2026,202606,0.0,1.0,0.0
5103379,Cotriguaçu,2021,202112,0.0,10.0,0.0
5103379,Cotriguaçu,2022,202212,0.0,10.0,0.0
5103379,Cotriguaçu,2023,202312,0.0,12.0,0.0
5103379,Cotriguaçu,2024,202412,0.0,12.0,0.0
5103379,Cotriguaçu,2025,202512,0.0,10.0,0.0
5103379,Cotriguaçu,2026,202606,0.0,5.0,0.0
5103403,Cuiabá,2021,202112,130.0,128.0,2.08
5103403,Cuiabá,2022,202212,128.0,138.0,1.97
5103403,Cuiabá,2023,202312,126.0,138.0,1.94
5103403,Cuiabá,2024,202412,124.0,148.0,1.82
5103403,Cuiabá,2025,202512,116.0,156.0,1.68
5103403,Cuiabá,2026,202606,50.0,88.0,0.72
5103437,Curvelândia,2021,202112,0.0,4.0,0.0
5103437,Curvelândia,2022,202212,0.0,4.0,0.0
5103437,Curvelândia,2023,202312,0.0,4.0,0.0
5103437,Curvelândia,2024,202412,0.0,2.0,0.0
5103437,Curvelândia,2025,202512,0.0,2.0,0.0
5103437,Curvelândia,2026,202606,0.0,1.0,0.0
5103452,Denise,2021,202112,0.0,6.0,0.0
5103452,Denise,2022,202212,0.0,8.0,0.0
5103452,Denise,2023,202312,0.0,8.0,0.0
5103452,Denise,2024,202412,0.0,6.0,0.0
5103452,Denise,2025,202512,0.0,6.0,0.0
5103452,Denise,2026,202606,0.0,3.0,0.0
5103502,Diamantino,2021,202112,6.0,8.0,2.69
5103502,Diamantino,2022,202212,6.0,8.0,2.73
5103502,Diamantino,2023,202312,6.0,8.0,2.73
5103502,Diamantino,2024,202412,6.0,6.0,2.67
5103502,Diamantino,2025,202512,6.0,8.0,2.65
5103502,Diamantino,2026,202606,3.0,4.0,1.33
5103601,Dom Aquino,2021,202112,0.0,10.0,0.0
5103601,Dom Aquino,2022,202212,0.0,10.0,0.0
5103601,Dom Aquino,2023,202312,0.0,10.0,0.0
5103601,Dom Aquino,2024,202412,0.0,8.0,0.0
5103601,Dom Aquino,2025,202512,0.0,8.0,0.0
5103601,Dom Aquino,2026,202606,0.0,4.0,0.0
5103700,Feliz Natal,2021,202112,2.0,6.0,1.35
5103700,Feliz Natal,2022,202212,2.0,8.0,1.9
5103700,Feliz Natal,2023,202312,2.0,8.0,1.9
5103700,Feliz Natal,2024,202412,2.0,8.0,1.89
5103700,Feliz Natal,2025,202512,2.0,8.0,1.9
5103700,Feliz Natal,2026,202606,1.0,4.0,0.95
5103809,Figueirópolis D'Oeste,2021,202112,0.0,2.0,0.0
5103809,Figueirópolis D'Oeste,2022,202212,0.0,4.0,0.0
5103809,Figueirópolis D'Oeste,2023,202312,0.0,4.0,0.0
5103809,Figueirópolis D'Oeste,2024,202412,0.0,4.0,0.0
5103809,Figueirópolis D'Oeste,2025,202512,0.0,4.0,0.0
5103809,Figueirópolis D'Oeste,2026,202606,0.0,2.0,0.0
5103858,Gaúcha do Norte,2021,202112,2.0,6.0,2.53
5103858,Gaúcha do Norte,2022,202212,2.0,8.0,2.31
5103858,Gaúcha do Norte,2023,202312,2.0,8.0,2.31
5103858,Gaúcha do Norte,2024,202412,2.0,6.0,2.18
5103858,Gaúcha do Norte,2025,202512,2.0,8.0,2.13
5103858,Gaúcha do Norte,2026,202606,1.0,4.0,1.06
5103908,General Carneiro,2021,202112,0.0,2.0,0.0
5103908,General Carneiro,2022,202212,0.0,2.0,0.0
5103908,General Carneiro,2023,202312,0.0,2.0,0.0
5103908,General Carneiro,2024,202412,0.0,2.0,0.0
5103908,General Carneiro,2025,202512,0.0,2.0,0.0
5103908,General Carneiro,2026,202606,0.0,1.0,0.0
5103957,Glória D'Oeste,2021,202112,0.0,4.0,0.0
5103957,Glória D'Oeste,2022,202212,0.0,4.0,0.0
5103957,Glória D'Oeste,2023,202312,0.0,4.0,0.0
5103957,Glória D'Oeste,2024,202412,0.0,2.0,0.0
5103957,Glória D'Oeste,2025,202512,0.0,2.0,0.0
5103957,Glória D'Oeste,2026,202606,0.0,1.0,0.0
5104104,Guarantã do Norte,2021,202112,6.0,16.0,1.65
5104104,Guarantã do Norte,2022,202212,6.0,14.0,1.93
5104104,Guarantã do Norte,2023,202312,6.0,14.0,1.93
5104104,Guarantã do Norte,2024,202412,6.0,16.0,1.92
5104104,Guarantã do Norte,2025,202512,6.0,16.0,1.92
5104104,Guarantã do Norte,2026,202606,3.0,7.0,0.96
5104203,Guiratinga,2021,202112,2.0,4.0,1.27
5104203,Guiratinga,2022,202212,2.0,4.0,1.82
5104203,Guiratinga,2023,202312,2.0,4.0,1.82
5104203,Guiratinga,2024,202412,2.0,2.0,1.9
5104203,Guiratinga,2025,202512,2.0,2.0,1.95
5104203,Guiratinga,2026,202606,1.0,1.0,0.98
5104500,Indiavaí,2021,202112,0.0,2.0,0.0
5104500,Indiavaí,2022,202212,0.0,4.0,0.0
5104500,Indiavaí,2023,202312,0.0,4.0,0.0
5104500,Indiavaí,2024,202412,0.0,4.0,0.0
5104500,Indiavaí,2025,202512,0.0,4.0,0.0
5104500,Indiavaí,2026,202606,0.0,2.0,0.0
5104526,Ipiranga do Norte,2021,202112,2.0,6.0,2.44
5104526,Ipiranga do Norte,2022,202212,2.0,6.0,2.56
5104526,Ipiranga do Norte,2023,202312,2.0,6.0,2.56
5104526,Ipiranga do Norte,2024,202412,2.0,4.0,2.38
5104526,Ipiranga do Norte,2025,202512,2.0,4.0,2.31
5104526,Ipiranga do Norte,2026,202606,1.0,2.0,1.16
5104542,Itanhangá,2021,202112,0.0,4.0,0.0
5104542,Itanhangá,2022,202212,0.0,6.0,0.0
5104542,Itanhangá,2023,202312,0.0,6.0,0.0
5104542,Itanhangá,2024,202412,0.0,4.0,0.0
5104542,Itanhangá,2025,202512,0.0,4.0,0.0
5104542,Itanhangá,2026,202606,0.0,2.0,0.0
5104559,Itaúba,2021,202112,2.0,4.0,5.54
5104559,Itaúba,2022,202212,2.0,6.0,3.98
5104559,Itaúba,2023,202312,2.0,6.0,3.98
5104559,Itaúba,2024,202412,2.0,4.0,3.88
5104559,Itaúba,2025,202512,2.0,4.0,3.85
5104559,Itaúba,2026,202606,1.0,2.0,1.92
5104609,Itiquira,2021,202112,4.0,4.0,2.91
5104609,Itiquira,2022,202212,4.0,6.0,3.27
5104609,Itiquira,2023,202312,4.0,6.0,3.27
5104609,Itiquira,2024,202412,4.0,6.0,3.2
5104609,Itiquira,2025,202512,4.0,6.0,3.18
5104609,Itiquira,2026,202606,2.0,3.0,1.59
5104807,Jaciara,2021,202112,6.0,4.0,2.17
5104807,Jaciara,2022,202212,6.0,6.0,2.1
5104807,Jaciara,2023,202312,6.0,6.0,2.1
5104807,Jaciara,2024,202412,6.0,6.0,2.03
5104807,Jaciara,2025,202512,6.0,8.0,2.01
5104807,Jaciara,2026,202606,3.0,4.0,1.01
5104906,Jangada,2021,202112,2.0,2.0,2.38
5104906,Jangada,2022,202212,2.0,2.0,2.69
5104906,Jangada,2023,202312,2.0,2.0,2.69
5104906,Jangada,2024,202412,0.0,2.0,0.0
5104906,Jangada,2025,202512,0.0,2.0,0.0
5104906,Jangada,2026,202606,0.0,1.0,0.0
5105002,Jauru,2021,202112,2.0,4.0,2.39
5105002,Jauru,2022,202212,2.0,6.0,2.39
5105002,Jauru,2023,202312,2.0,6.0,2.39
5105002,Jauru,2024,202412,2.0,4.0,2.48
5105002,Jauru,2025,202512,2.0,4.0,2.54
5105002,Jauru,2026,202606,1.0,2.0,1.27
5105101,Juara,2021,202112,8.0,8.0,2.27
5105101,Juara,2022,202212,8.0,8.0,2.29
5105101,Juara,2023,202312,8.0,10.0,2.29
5105101,Juara,2024,202412,8.0,10.0,2.23
5105101,Juara,2025,202512,6.0,10.0,1.66
5105101,Juara,2026,202606,3.0,5.0,0.83
5105150,Juína,2021,202112,6.0,12.0,1.46
5105150,Juína,2022,202212,6.0,12.0,1.31
5105150,Juína,2023,202312,6.0,12.0,1.31
5105150,Juína,2024,202412,6.0,12.0,1.26
5105150,Juína,2025,202512,6.0,12.0,1.24
5105150,Juína,2026,202606,3.0,6.0,0.62
5105176,Juruena,2021,202112,2.0,4.0,1.19
5105176,Juruena,2022,202212,2.0,4.0,1.96
5105176,Juruena,2023,202312,2.0,4.0,1.96
5105176,Juruena,2024,202412,2.0,4.0,1.97
5105176,Juruena,2025,202512,2.0,4.0,1.99
5105176,Juruena,2026,202606,1.0,2.0,0.99
5105200,Juscimeira,2021,202112,2.0,4.0,1.8
5105200,Juscimeira,2022,202212,2.0,6.0,1.74
5105200,Juscimeira,2023,202312,2.0,6.0,1.74
5105200,Juscimeira,2024,202412,2.0,6.0,1.72
5105200,Juscimeira,2025,202512,2.0,4.0,1.72
5105200,Juscimeira,2026,202606,1.0,2.0,0.86
5105234,Lambari D'Oeste,2021,202112,0.0,4.0,0.0
5105234,Lambari D'Oeste,2022,202212,0.0,4.0,0.0
5105234,Lambari D'Oeste,2023,202312,0.0,4.0,0.0
5105234,Lambari D'Oeste,2024,202412,0.0,2.0,0.0
5105234,Lambari D'Oeste,2025,202512,0.0,2.0,0.0
5105234,Lambari D'Oeste,2026,202606,0.0,1.0,0.0
5105259,Lucas do Rio Verde,2021,202112,20.0,22.0,2.87
5105259,Lucas do Rio Verde,2022,202212,20.0,20.0,2.39
5105259,Lucas do Rio Verde,2023,202312,18.0,20.0,2.15
5105259,Lucas do Rio Verde,2024,202412,18.0,24.0,1.95
5105259,Lucas do Rio Verde,2025,202512,18.0,24.0,1.88
5105259,Lucas do Rio Verde,2026,202606,8.0,13.0,0.84
5105309,Luciara,2021,202112,0.0,2.0,0.0
5105309,Luciara,2022,202212,0.0,2.0,0.0
5105309,Luciara,2023,202312,0.0,2.0,0.0
5105309,Luciara,2024,202412,0.0,2.0,0.0
5105309,Luciara,2025,202512,0.0,0.0,0.0
5105309,Luciara,2026,202606,0.0,0.0,0.0
5105507,Vila Bela da Santíssima Trindade,2021,202112,2.0,4.0,1.22
5105507,Vila Bela da Santíssima Trindade,2022,202212,2.0,8.0,1.19
5105507,Vila Bela da Santíssima Trindade,2023,202312,2.0,10.0,1.19
5105507,Vila Bela da Santíssima Trindade,2024,202412,2.0,8.0,1.15
5105507,Vila Bela da Santíssima Trindade,2025,202512,2.0,8.0,1.14
5105507,Vila Bela da Santíssima Trindade,2026,202606,1.0,4.0,0.57
5105580,Marcelândia,2021,202112,2.0,4.0,1.98
5105580,Marcelândia,2022,202212,2.0,6.0,1.76
5105580,Marcelândia,2023,202312,2.0,6.0,1.76
5105580,Marcelândia,2024,202412,0.0,8.0,0.0
5105580,Marcelândia,2025,202512,0.0,8.0,0.0
5105580,Marcelândia,2026,202606,0.0,4.0,0.0
5105606,Matupá,2021,202112,4.0,10.0,2.35
5105606,Matupá,2022,202212,4.0,8.0,1.99
5105606,Matupá,2023,202312,4.0,12.0,1.99
5105606,Matupá,2024,202412,4.0,10.0,1.87
5105606,Matupá,2025,202512,4.0,8.0,1.82
5105606,Matupá,2026,202606,2.0,5.0,0.91
5105622,Mirassol D'Oeste,2021,202112,6.0,4.0,2.13
5105622,Mirassol D'Oeste,2022,202212,6.0,4.0,2.24
5105622,Mirassol D'Oeste,2023,202312,6.0,4.0,2.24
5105622,Mirassol D'Oeste,2024,202412,6.0,4.0,2.18
5105622,Mirassol D'Oeste,2025,202512,6.0,4.0,2.17
5105622,Mirassol D'Oeste,2026,202606,3.0,2.0,1.09
5105903,Nobres,2021,202112,2.0,4.0,1.3
5105903,Nobres,2022,202212,2.0,6.0,1.29
5105903,Nobres,2023,202312,2.0,6.0,1.29
5105903,Nobres,2024,202412,0.0,6.0,0.0
5105903,Nobres,2025,202512,0.0,8.0,0.0
5105903,Nobres,2026,202606,0.0,4.0,0.0
5106000,Nortelândia,2021,202112,0.0,4.0,0.0
5106000,Nortelândia,2022,202212,0.0,2.0,0.0
5106000,Nortelândia,2023,202312,0.0,2.0,0.0
5106000,Nortelândia,2024,202412,0.0,2.0,0.0
5106000,Nortelândia,2025,202512,0.0,2.0,0.0
5106000,Nortelândia,2026,202606,0.0,1.0,0.0
5106109,Nossa Senhora do Livramento,2021,202112,0.0,4.0,0.0
5106109,Nossa Senhora do Livramento,2022,202212,0.0,4.0,0.0
5106109,Nossa Senhora do Livramento,2023,202312,0.0,4.0,0.0
5106109,Nossa Senhora do Livramento,2024,202412,0.0,6.0,0.0
5106109,Nossa Senhora do Livramento,2025,202512,0.0,6.0,0.0
5106109,Nossa Senhora do Livramento,2026,202606,0.0,2.0,0.0
5106158,Nova Bandeirantes,2021,202112,0.0,10.0,0.0
5106158,Nova Bandeirantes,2022,202212,0.0,6.0,0.0
5106158,Nova Bandeirantes,2023,202312,0.0,8.0,0.0
5106158,Nova Bandeirantes,2024,202412,0.0,8.0,0.0
5106158,Nova Bandeirantes,2025,202512,0.0,8.0,0.0
5106158,Nova Bandeirantes,2026,202606,0.0,4.0,0.0
5106174,Nova Nazaré,2021,202112,0.0,2.0,0.0
5106174,Nova Nazaré,2022,202212,0.0,0.0,0.0
5106174,Nova Nazaré,2023,202312,0.0,2.0,0.0
5106174,Nova Nazaré,2024,202412,0.0,2.0,0.0
5106174,Nova Nazaré,2025,202512,0.0,2.0,0.0
5106174,Nova Nazaré,2026,202606,0.0,0.0,0.0
5106182,Nova Lacerda,2021,202112,0.0,4.0,0.0
5106182,Nova Lacerda,2022,202212,0.0,6.0,0.0
5106182,Nova Lacerda,2023,202312,0.0,6.0,0.0
5106182,Nova Lacerda,2024,202412,0.0,4.0,0.0
5106182,Nova Lacerda,2025,202512,0.0,4.0,0.0
5106182,Nova Lacerda,2026,202606,0.0,2.0,0.0
5106190,Nova Santa Helena,2021,202112,0.0,2.0,0.0
5106190,Nova Santa Helena,2022,202212,0.0,4.0,0.0
5106190,Nova Santa Helena,2023,202312,0.0,4.0,0.0
5106190,Nova Santa Helena,2024,202412,0.0,4.0,0.0
5106190,Nova Santa Helena,2025,202512,0.0,4.0,0.0
5106190,Nova Santa Helena,2026,202606,0.0,2.0,0.0
5106208,Nova Brasilândia,2021,202112,0.0,4.0,0.0
5106208,Nova Brasilândia,2022,202212,0.0,6.0,0.0
5106208,Nova Brasilândia,2023,202312,0.0,6.0,0.0
5106208,Nova Brasilândia,2024,202412,0.0,6.0,0.0
5106208,Nova Brasilândia,2025,202512,0.0,4.0,0.0
5106208,Nova Brasilândia,2026,202606,0.0,2.0,0.0
5106216,Nova Canaã do Norte,2021,202112,2.0,6.0,1.55
5106216,Nova Canaã do Norte,2022,202212,2.0,6.0,1.71
5106216,Nova Canaã do Norte,2023,202312,2.0,6.0,1.71
5106216,Nova Canaã do Norte,2024,202412,2.0,6.0,1.7
5106216,Nova Canaã do Norte,2025,202512,2.0,6.0,1.7
5106216,Nova Canaã do Norte,2026,202606,1.0,3.0,0.85
5106224,Nova Mutum,2021,202112,6.0,20.0,1.24
5106224,Nova Mutum,2022,202212,6.0,20.0,1.07
5106224,Nova Mutum,2023,202312,6.0,24.0,1.07
5106224,Nova Mutum,2024,202412,6.0,26.0,0.98
5106224,Nova Mutum,2025,202512,6.0,26.0,0.95
5106224,Nova Mutum,2026,202606,3.0,12.0,0.47
5106232,Nova Olímpia,2021,202112,2.0,8.0,0.96
5106232,Nova Olímpia,2022,202212,2.0,8.0,1.22
5106232,Nova Olímpia,2023,202312,2.0,10.0,1.22
5106232,Nova Olímpia,2024,202412,2.0,10.0,1.23
5106232,Nova Olímpia,2025,202512,2.0,8.0,1.23
5106232,Nova Olímpia,2026,202606,1.0,4.0,0.62
5106240,Nova Ubiratã,2021,202112,2.0,6.0,1.6
5106240,Nova Ubiratã,2022,202212,2.0,8.0,1.73
5106240,Nova Ubiratã,2023,202312,2.0,8.0,1.73
5106240,Nova Ubiratã,2024,202412,2.0,8.0,1.65
5106240,Nova Ubiratã,2025,202512,2.0,8.0,2.05
5106240,Nova Ubiratã,2026,202606,1.0,4.0,1.02
5106257,Nova Xavantina,2021,202112,4.0,2.0,1.84
5106257,Nova Xavantina,2022,202212,4.0,6.0,1.64
5106257,Nova Xavantina,2023,202312,4.0,6.0,1.64
5106257,Nova Xavantina,2024,202412,4.0,6.0,1.57
5106257,Nova Xavantina,2025,202512,4.0,8.0,1.54
5106257,Nova Xavantina,2026,202606,2.0,4.0,0.77
5106265,Novo Mundo,2021,202112,0.0,6.0,0.0
5106265,Novo Mundo,2022,202212,0.0,8.0,0.0
5106265,Novo Mundo,2023,202312,0.0,8.0,0.0
5106265,Novo Mundo,2024,202412,0.0,8.0,0.0
5106265,Novo Mundo,2025,202512,0.0,8.0,0.0
5106265,Novo Mundo,2026,202606,0.0,4.0,0.0
5106273,Novo Horizonte do Norte,2021,202112,0.0,4.0,0.0
5106273,Novo Horizonte do Norte,2022,202212,0.0,4.0,0.0
5106273,Novo Horizonte do Norte,2023,202312,0.0,4.0,0.0
5106273,Novo Horizonte do Norte,2024,202412,0.0,4.0,0.0
5106273,Novo Horizonte do Norte,2025,202512,0.0,4.0,0.0
5106273,Novo Horizonte do Norte,2026,202606,0.0,2.0,0.0
5106281,Novo São Joaquim,2021,202112,4.0,0.0,8.27
5106281,Novo São Joaquim,2022,202212,4.0,0.0,5.78
5106281,Novo São Joaquim,2023,202312,4.0,2.0,5.78
5106281,Novo São Joaquim,2024,202412,2.0,2.0,2.79
5106281,Novo São Joaquim,2025,202512,2.0,2.0,2.76
5106281,Novo São Joaquim,2026,202606,1.0,1.0,1.38
5106299,Paranaíta,2021,202112,2.0,10.0,1.77
5106299,Paranaíta,2022,202212,2.0,10.0,1.71
5106299,Paranaíta,2023,202312,2.0,10.0,1.71
5106299,Paranaíta,2024,202412,2.0,10.0,1.67
5106299,Paranaíta,2025,202512,2.0,10.0,1.66
5106299,Paranaíta,2026,202606,1.0,4.0,0.83
5106307,Paranatinga,2021,202112,4.0,6.0,1.72
5106307,Paranatinga,2022,202212,4.0,6.0,1.51
5106307,Paranatinga,2023,202312,4.0,6.0,1.51
5106307,Paranatinga,2024,202412,2.0,8.0,0.71
5106307,Paranatinga,2025,202512,2.0,12.0,0.69
5106307,Paranatinga,2026,202606,1.0,6.0,0.35
5106315,Novo Santo Antônio,2021,202112,0.0,2.0,0.0
5106315,Novo Santo Antônio,2022,202212,0.0,2.0,0.0
5106315,Novo Santo Antônio,2023,202312,0.0,2.0,0.0
5106315,Novo Santo Antônio,2024,202412,0.0,2.0,0.0
5106315,Novo Santo Antônio,2025,202512,0.0,0.0,0.0
5106315,Novo Santo Antônio,2026,202606,0.0,0.0,0.0
5106372,Pedra Preta,2021,202112,2.0,4.0,1.14
5106372,Pedra Preta,2022,202212,2.0,6.0,1.11
5106372,Pedra Preta,2023,202312,2.0,6.0,1.11
5106372,Pedra Preta,2024,202412,2.0,4.0,1.07
5106372,Pedra Preta,2025,202512,2.0,4.0,1.06
5106372,Pedra Preta,2026,202606,1.0,2.0,0.53
5106422,Peixoto de Azevedo,2021,202112,6.0,30.0,1.68
5106422,Peixoto de Azevedo,2022,202212,6.0,38.0,1.83
5106422,Peixoto de Azevedo,2023,202312,6.0,30.0,1.83
5106422,Peixoto de Azevedo,2024,202412,6.0,34.0,1.79
5106422,Peixoto de Azevedo,2025,202512,6.0,34.0,1.78
5106422,Peixoto de Azevedo,2026,202606,3.0,16.0,0.89
5106455,Planalto da Serra,2021,202112,0.0,0.0,0.0
5106455,Planalto da Serra,2022,202212,0.0,2.0,0.0
5106455,Planalto da Serra,2023,202312,0.0,2.0,0.0
5106455,Planalto da Serra,2024,202412,0.0,2.0,0.0
5106455,Planalto da Serra,2025,202512,0.0,2.0,0.0
5106455,Planalto da Serra,2026,202606,0.0,1.0,0.0
5106505,Poconé,2021,202112,4.0,22.0,1.2
5106505,Poconé,2022,202212,4.0,22.0,1.28
5106505,Poconé,2023,202312,4.0,16.0,1.28
5106505,Poconé,2024,202412,4.0,20.0,1.28
5106505,Poconé,2025,202512,4.0,20.0,1.28
5106505,Poconé,2026,202606,2.0,8.0,0.64
5106653,Pontal do Araguaia,2021,202112,0.0,2.0,0.0
5106653,Pontal do Araguaia,2022,202212,0.0,2.0,0.0
5106653,Pontal do Araguaia,2023,202312,0.0,4.0,0.0
5106653,Pontal do Araguaia,2024,202412,0.0,4.0,0.0
5106653,Pontal do Araguaia,2025,202512,0.0,2.0,0.0
5106653,Pontal do Araguaia,2026,202606,0.0,1.0,0.0
5106703,Ponte Branca,2021,202112,0.0,0.0,0.0
5106703,Ponte Branca,2022,202212,0.0,0.0,0.0
5106703,Ponte Branca,2023,202312,0.0,0.0,0.0
5106703,Ponte Branca,2024,202412,0.0,0.0,0.0
5106703,Ponte Branca,2025,202512,0.0,0.0,0.0
5106703,Ponte Branca,2026,202606,0.0,0.0,0.0
5106752,Pontes e Lacerda,2021,202112,6.0,10.0,1.3
5106752,Pontes e Lacerda,2022,202212,6.0,12.0,1.15
5106752,Pontes e Lacerda,2023,202312,6.0,14.0,1.15
5106752,Pontes e Lacerda,2024,202412,6.0,14.0,1.09
5106752,Pontes e Lacerda,2025,202512,6.0,16.0,1.08
5106752,Pontes e Lacerda,2026,202606,3.0,8.0,0.54
5106778,Porto Alegre do Norte,2021,202112,2.0,0.0,1.56
5106778,Porto Alegre do Norte,2022,202212,2.0,2.0,1.65
5106778,Porto Alegre do Norte,2023,202312,2.0,2.0,1.65
5106778,Porto Alegre do Norte,2024,202412,2.0,2.0,1.6
5106778,Porto Alegre do Norte,2025,202512,2.0,2.0,1.58
5106778,Porto Alegre do Norte,2026,202606,1.0,1.0,0.79
5106802,Porto dos Gaúchos,2021,202112,2.0,2.0,3.74
5106802,Porto dos Gaúchos,2022,202212,2.0,4.0,3.58
5106802,Porto dos Gaúchos,2023,202312,2.0,4.0,3.58
5106802,Porto dos Gaúchos,2024,202412,2.0,4.0,3.51
5106802,Porto dos Gaúchos,2025,202512,2.0,4.0,3.51
5106802,Porto dos Gaúchos,2026,202606,1.0,2.0,1.75
5106828,Porto Esperidião,2021,202112,0.0,6.0,0.0
5106828,Porto Esperidião,2022,202212,0.0,6.0,0.0
5106828,Porto Esperidião,2023,202312,0.0,6.0,0.0
5106828,Porto Esperidião,2024,202412,0.0,6.0,0.0
5106828,Porto Esperidião,2025,202512,0.0,6.0,0.0
5106828,Porto Esperidião,2026,202606,0.0,3.0,0.0
5106851,Porto Estrela,2021,202112,0.0,4.0,0.0
5106851,Porto Estrela,2022,202212,0.0,4.0,0.0
5106851,Porto Estrela,2023,202312,0.0,4.0,0.0
5106851,Porto Estrela,2024,202412,0.0,4.0,0.0
5106851,Porto Estrela,2025,202512,0.0,2.0,0.0
5106851,Porto Estrela,2026,202606,0.0,1.0,0.0
5107008,Poxoréu,2021,202112,2.0,8.0,1.26
5107008,Poxoréu,2022,202212,2.0,8.0,0.86
5107008,Poxoréu,2023,202312,2.0,8.0,0.86
5107008,Poxoréu,2024,202412,2.0,6.0,0.81
5107008,Poxoréu,2025,202512,2.0,6.0,0.8
5107008,Poxoréu,2026,202606,1.0,3.0,0.4
5107040,Primavera do Leste,2021,202112,12.0,18.0,1.88
5107040,Primavera do Leste,2022,202212,12.0,20.0,1.41
5107040,Primavera do Leste,2023,202312,12.0,22.0,1.41
5107040,Primavera do Leste,2024,202412,10.0,22.0,1.08
5107040,Primavera do Leste,2025,202512,10.0,20.0,1.04
5107040,Primavera do Leste,2026,202606,4.0,11.0,0.42
5107065,Querência,2021,202112,6.0,6.0,3.26
5107065,Querência,2022,202212,6.0,6.0,2.24
5107065,Querência,2023,202312,6.0,6.0,2.24
5107065,Querência,2024,202412,6.0,6.0,2.01
5107065,Querência,2025,202512,6.0,10.0,1.93
5107065,Querência,2026,202606,3.0,6.0,0.96
5107107,São José dos Quatro Marcos,2021,202112,4.0,4.0,2.13
5107107,São José dos Quatro Marcos,2022,202212,4.0,4.0,2.24
5107107,São José dos Quatro Marcos,2023,202312,4.0,4.0,2.24
5107107,São José dos Quatro Marcos,2024,202412,2.0,4.0,1.12
5107107,São José dos Quatro Marcos,2025,202512,2.0,4.0,1.13
5107107,São José dos Quatro Marcos,2026,202606,1.0,2.0,0.56
5107156,Reserva do Cabaçal,2021,202112,0.0,2.0,0.0
5107156,Reserva do Cabaçal,2022,202212,0.0,2.0,0.0
5107156,Reserva do Cabaçal,2023,202312,0.0,2.0,0.0
5107156,Reserva do Cabaçal,2024,202412,0.0,2.0,0.0
5107156,Reserva do Cabaçal,2025,202512,0.0,2.0,0.0
5107156,Reserva do Cabaçal,2026,202606,0.0,1.0,0.0
5107180,Ribeirão Cascalheira,2021,202112,2.0,2.0,1.91
5107180,Ribeirão Cascalheira,2022,202212,2.0,4.0,1.98
5107180,Ribeirão Cascalheira,2023,202312,2.0,4.0,1.98
5107180,Ribeirão Cascalheira,2024,202412,2.0,4.0,1.92
5107180,Ribeirão Cascalheira,2025,202512,0.0,4.0,0.0
5107180,Ribeirão Cascalheira,2026,202606,0.0,3.0,0.0
5107198,Ribeirãozinho,2021,202112,0.0,4.0,0.0
5107198,Ribeirãozinho,2022,202212,0.0,4.0,0.0
5107198,Ribeirãozinho,2023,202312,0.0,2.0,0.0
5107198,Ribeirãozinho,2024,202412,0.0,2.0,0.0
5107198,Ribeirãozinho,2025,202512,0.0,2.0,0.0
5107198,Ribeirãozinho,2026,202606,0.0,1.0,0.0
5107206,Rio Branco,2021,202112,2.0,4.0,3.89
5107206,Rio Branco,2022,202212,2.0,4.0,4.41
5107206,Rio Branco,2023,202312,2.0,4.0,4.41
5107206,Rio Branco,2024,202412,2.0,4.0,4.46
5107206,Rio Branco,2025,202512,2.0,4.0,4.5
5107206,Rio Branco,2026,202606,1.0,2.0,2.25
5107248,Santa Carmem,2021,202112,0.0,4.0,0.0
5107248,Santa Carmem,2022,202212,0.0,6.0,0.0
5107248,Santa Carmem,2023,202312,0.0,6.0,0.0
5107248,Santa Carmem,2024,202412,0.0,6.0,0.0
5107248,Santa Carmem,2025,202512,0.0,6.0,0.0
5107248,Santa Carmem,2026,202606,0.0,3.0,0.0
5107263,Santo Afonso,2021,202112,0.0,2.0,0.0
5107263,Santo Afonso,2022,202212,0.0,2.0,0.0
5107263,Santo Afonso,2023,202312,0.0,2.0,0.0
5107263,Santo Afonso,2024,202412,0.0,2.0,0.0
5107263,Santo Afonso,2025,202512,0.0,2.0,0.0
5107263,Santo Afonso,2026,202606,0.0,1.0,0.0
5107297,São José do Povo,2021,202112,0.0,2.0,0.0
5107297,São José do Povo,2022,202212,0.0,2.0,0.0
5107297,São José do Povo,2023,202312,0.0,2.0,0.0
5107297,São José do Povo,2024,202412,0.0,2.0,0.0
5107297,São José do Povo,2025,202512,0.0,2.0,0.0
5107297,São José do Povo,2026,202606,0.0,1.0,0.0
5107305,São José do Rio Claro,2021,202112,4.0,4.0,1.87
5107305,São José do Rio Claro,2022,202212,4.0,4.0,2.68
5107305,São José do Rio Claro,2023,202312,4.0,6.0,2.68
5107305,São José do Rio Claro,2024,202412,2.0,10.0,1.36
5107305,São José do Rio Claro,2025,202512,2.0,10.0,1.38
5107305,São José do Rio Claro,2026,202606,1.0,5.0,0.69
5107354,São José do Xingu,2021,202112,0.0,4.0,0.0
5107354,São José do Xingu,2022,202212,0.0,4.0,0.0
5107354,São José do Xingu,2023,202312,0.0,4.0,0.0
5107354,São José do Xingu,2024,202412,0.0,4.0,0.0
5107354,São José do Xingu,2025,202512,0.0,2.0,0.0
5107354,São José do Xingu,2026,202606,0.0,1.0,0.0
5107404,São Pedro da Cipa,2021,202112,0.0,2.0,0.0
5107404,São Pedro da Cipa,2022,202212,0.0,2.0,0.0
5107404,São Pedro da Cipa,2023,202312,0.0,2.0,0.0
5107404,São Pedro da Cipa,2024,202412,0.0,2.0,0.0
5107404,São Pedro da Cipa,2025,202512,0.0,2.0,0.0
5107404,São Pedro da Cipa,2026,202606,0.0,1.0,0.0
5107578,Rondolândia,2021,202112,0.0,2.0,0.0
5107578,Rondolândia,2022,202212,0.0,2.0,0.0
5107578,Rondolândia,2023,202312,0.0,2.0,0.0
5107578,Rondolândia,2024,202412,0.0,2.0,0.0
5107578,Rondolândia,2025,202512,0.0,2.0,0.0
5107578,Rondolândia,2026,202606,0.0,1.0,0.0
5107602,Rondonópolis,2021,202112,28.0,34.0,1.17
5107602,Rondonópolis,2022,202212,28.0,38.0,1.14
5107602,Rondonópolis,2023,202312,28.0,48.0,1.14
5107602,Rondonópolis,2024,202412,28.0,54.0,1.08
5107602,Rondonópolis,2025,202512,24.0,56.0,0.91
5107602,Rondonópolis,2026,202606,11.0,29.0,0.42
5107701,Rosário Oeste,2021,202112,2.0,4.0,1.18
5107701,Rosário Oeste,2022,202212,2.0,6.0,1.29
5107701,Rosário Oeste,2023,202312,2.0,6.0,1.29
5107701,Rosário Oeste,2024,202412,2.0,6.0,1.31
5107701,Rosário Oeste,2025,202512,2.0,6.0,1.33
5107701,Rosário Oeste,2026,202606,1.0,3.0,0.66
5107743,Santa Cruz do Xingu,2021,202112,0.0,2.0,0.0
5107743,Santa Cruz do Xingu,2022,202212,0.0,2.0,0.0
5107743,Santa Cruz do Xingu,2023,202312,0.0,2.0,0.0
5107743,Santa Cruz do Xingu,2024,202412,0.0,2.0,0.0
5107743,Santa Cruz do Xingu,2025,202512,0.0,2.0,0.0
5107743,Santa Cruz do Xingu,2026,202606,0.0,1.0,0.0
5107750,Salto do Céu,2021,202112,0.0,4.0,0.0
5107750,Salto do Céu,2022,202212,0.0,4.0,0.0
5107750,Salto do Céu,2023,202312,0.0,4.0,0.0
5107750,Salto do Céu,2024,202412,0.0,4.0,0.0
5107750,Salto do Céu,2025,202512,0.0,4.0,0.0
5107750,Salto do Céu,2026,202606,0.0,2.0,0.0
5107768,Santa Rita do Trivelato,2021,202112,0.0,4.0,0.0
5107768,Santa Rita do Trivelato,2022,202212,0.0,4.0,0.0
5107768,Santa Rita do Trivelato,2023,202312,0.0,4.0,0.0
5107768,Santa Rita do Trivelato,2024,202412,0.0,4.0,0.0
5107768,Santa Rita do Trivelato,2025,202512,0.0,4.0,0.0
5107768,Santa Rita do Trivelato,2026,202606,0.0,2.0,0.0
5107776,Santa Terezinha,2021,202112,0.0,4.0,0.0
5107776,Santa Terezinha,2022,202212,0.0,4.0,0.0
5107776,Santa Terezinha,2023,202312,0.0,4.0,0.0
5107776,Santa Terezinha,2024,202412,0.0,4.0,0.0
5107776,Santa Terezinha,2025,202512,0.0,4.0,0.0
5107776,Santa Terezinha,2026,202606,0.0,1.0,0.0
5107792,Santo Antônio do Leste,2021,202112,0.0,2.0,0.0
5107792,Santo Antônio do Leste,2022,202212,0.0,2.0,0.0
5107792,Santo Antônio do Leste,2023,202312,0.0,2.0,0.0
5107792,Santo Antônio do Leste,2024,202412,0.0,4.0,0.0
5107792,Santo Antônio do Leste,2025,202512,0.0,4.0,0.0
5107792,Santo Antônio do Leste,2026,202606,0.0,2.0,0.0
5107800,Santo Antônio do Leverger,2021,202112,2.0,4.0,1.16
5107800,Santo Antônio do Leverger,2022,202212,2.0,4.0,1.31
5107800,Santo Antônio do Leverger,2023,202312,2.0,4.0,1.31
5107800,Santo Antônio do Leverger,2024,202412,2.0,2.0,1.19
5107800,Santo Antônio do Leverger,2025,202512,2.0,2.0,1.19
5107800,Santo Antônio do Leverger,2026,202606,1.0,1.0,0.59
5107859,São Félix do Araguaia,2021,202112,4.0,2.0,3.35
5107859,São Félix do Araguaia,2022,202212,4.0,2.0,2.94
5107859,São Félix do Araguaia,2023,202312,4.0,4.0,2.94
5107859,São Félix do Araguaia,2024,202412,4.0,4.0,2.79
5107859,São Félix do Araguaia,2025,202512,4.0,4.0,2.74
5107859,São Félix do Araguaia,2026,202606,2.0,2.0,1.37
5107875,Sapezal,2021,202112,8.0,4.0,2.91
5107875,Sapezal,2022,202212,8.0,4.0,2.76
5107875,Sapezal,2023,202312,8.0,4.0,2.76
5107875,Sapezal,2024,202412,8.0,6.0,2.54
5107875,Sapezal,2025,202512,8.0,6.0,2.46
5107875,Sapezal,2026,202606,4.0,3.0,1.23
5107883,Serra Nova Dourada,2021,202112,0.0,2.0,0.0
5107883,Serra Nova Dourada,2022,202212,0.0,0.0,0.0
5107883,Serra Nova Dourada,2023,202312,0.0,0.0,0.0
5107883,Serra Nova Dourada,2024,202412,0.0,0.0,0.0
5107883,Serra Nova Dourada,2025,202512,0.0,0.0,0.0
5107883,Serra Nova Dourada,2026,202606,0.0,0.0,0.0
5107909,Sinop,2021,202112,20.0,34.0,1.34
5107909,Sinop,2022,202212,18.0,38.0,0.92
5107909,Sinop,2023,202312,20.0,44.0,1.02
5107909,Sinop,2024,202412,24.0,42.0,1.11
5107909,Sinop,2025,202512,26.0,52.0,1.16
5107909,Sinop,2026,202606,15.0,30.0,0.67
5107925,Sorriso,2021,202112,16.0,24.0,1.69
5107925,Sorriso,2022,202212,16.0,26.0,1.45
5107925,Sorriso,2023,202312,16.0,28.0,1.45
5107925,Sorriso,2024,202412,16.0,30.0,1.32
5107925,Sorriso,2025,202512,16.0,26.0,1.28
5107925,Sorriso,2026,202606,6.0,14.0,0.48
5107941,Tabaporã,2021,202112,2.0,6.0,2.14
5107941,Tabaporã,2022,202212,2.0,8.0,2.04
5107941,Tabaporã,2023,202312,2.0,8.0,2.04
5107941,Tabaporã,2024,202412,2.0,6.0,2.02
5107941,Tabaporã,2025,202512,2.0,6.0,2.02
5107941,Tabaporã,2026,202606,1.0,3.0,1.01
5107958,Tangará da Serra,2021,202112,16.0,16.0,1.49
5107958,Tangará da Serra,2022,202212,16.0,18.0,1.5
5107958,Tangará da Serra,2023,202312,16.0,24.0,1.5
5107958,Tangará da Serra,2024,202412,16.0,26.0,1.42
5107958,Tangará da Serra,2025,202512,16.0,28.0,1.4
5107958,Tangará da Serra,2026,202606,6.0,16.0,0.52
5108006,Tapurah,2021,202112,4.0,6.0,2.78
5108006,Tapurah,2022,202212,4.0,6.0,2.78
5108006,Tapurah,2023,202312,4.0,6.0,2.78
5108006,Tapurah,2024,202412,4.0,8.0,2.62
5108006,Tapurah,2025,202512,4.0,8.0,2.56
5108006,Tapurah,2026,202606,2.0,4.0,1.28
5108055,Terra Nova do Norte,2021,202112,2.0,8.0,2.15
5108055,Terra Nova do Norte,2022,202212,2.0,10.0,1.88
5108055,Terra Nova do Norte,2023,202312,2.0,10.0,1.88
5108055,Terra Nova do Norte,2024,202412,2.0,8.0,1.88
5108055,Terra Nova do Norte,2025,202512,2.0,8.0,1.89
5108055,Terra Nova do Norte,2026,202606,1.0,3.0,0.94
5108105,Tesouro,2021,202112,0.0,4.0,0.0
5108105,Tesouro,2022,202212,0.0,4.0,0.0
5108105,Tesouro,2023,202312,0.0,4.0,0.0
5108105,Tesouro,2024,202412,0.0,2.0,0.0
5108105,Tesouro,2025,202512,0.0,2.0,0.0
5108105,Tesouro,2026,202606,0.0,1.0,0.0
5108204,Torixoréu,2021,202112,2.0,0.0,5.74
5108204,Torixoréu,2022,202212,2.0,2.0,4.8
5108204,Torixoréu,2023,202312,2.0,4.0,4.8
5108204,Torixoréu,2024,202412,2.0,4.0,4.73
5108204,Torixoréu,2025,202512,2.0,2.0,4.72
5108204,Torixoréu,2026,202606,1.0,1.0,2.36
5108303,União do Sul,2021,202112,0.0,4.0,0.0
5108303,União do Sul,2022,202212,0.0,6.0,0.0
5108303,União do Sul,2023,202312,0.0,6.0,0.0
5108303,União do Sul,2024,202412,0.0,4.0,0.0
5108303,União do Sul,2025,202512,0.0,4.0,0.0
5108303,União do Sul,2026,202606,0.0,2.0,0.0
5108352,Vale de São Domingos,2021,202112,0.0,2.0,0.0
5108352,Vale de São Domingos,2022,202212,0.0,2.0,0.0
5108352,Vale de São Domingos,2023,202312,0.0,2.0,0.0
5108352,Vale de São Domingos,2024,202412,0.0,2.0,0.0
5108352,Vale de São Domingos,2025,202512,0.0,2.0,0.0
5108352,Vale de São Domingos,2026,202606,0.0,1.0,0.0
5108402,Várzea Grande,2021,202112,26.0,38.0,0.9
5108402,Várzea Grande,2022,202212,24.0,42.0,0.8
5108402,Várzea Grande,2023,202312,24.0,40.0,0.8
5108402,Várzea Grande,2024,202412,22.0,46.0,0.7
5108402,Várzea Grande,2025,202512,22.0,46.0,0.69
5108402,Várzea Grande,2026,202606,11.0,23.0,0.34
5108501,Vera,2021,202112,2.0,4.0,1.7
5108501,Vera,2022,202212,2.0,6.0,1.56
5108501,Vera,2023,202312,2.0,8.0,1.56
5108501,Vera,2024,202412,2.0,6.0,1.49
5108501,Vera,2025,202512,2.0,6.0,1.86
5108501,Vera,2026,202606,1.0,3.0,0.93
5108600,Vila Rica,2021,202112,4.0,2.0,1.48
5108600,Vila Rica,2022,202212,4.0,2.0,2.01
5108600,Vila Rica,2023,202312,4.0,4.0,2.01
5108600,Vila Rica,2024,202412,4.0,4.0,2.02
5108600,Vila Rica,2025,202512,4.0,4.0,2.03
5108600,Vila Rica,2026,202606,2.0,2.0,1.02
5108808,Nova Guarita,2021,202112,0.0,6.0,0.0
5108808,Nova Guarita,2022,202212,0.0,8.0,0.0
5108808,Nova Guarita,2023,202312,0.0,8.0,0.0
5108808,Nova Guarita,2024,202412,0.0,8.0,0.0
5108808,Nova Guarita,2025,202512,0.0,6.0,0.0
5108808,Nova Guarita,2026,202606,0.0,2.0,0.0
5108857,Nova Marilândia,2021,202112,0.0,4.0,0.0
5108857,Nova Marilândia,2022,202212,0.0,2.0,0.0
5108857,Nova Marilândia,2023,202312,0.0,4.0,0.0
5108857,Nova Marilândia,2024,202412,0.0,4.0,0.0
5108857,Nova Marilândia,2025,202512,0.0,4.0,0.0
5108857,Nova Marilândia,2026,202606,0.0,2.0,0.0
5108907,Nova Maringá,2021,202112,0.0,4.0,0.0
5108907,Nova Maringá,2022,202212,0.0,6.0,0.0
5108907,Nova Maringá,2023,202312,0.0,8.0,0.0
5108907,Nova Maringá,2024,202412,0.0,8.0,0.0
5108907,Nova Maringá,2025,202512,0.0,8.0,0.0
5108907,Nova Maringá,2026,202606,0.0,4.0,0.0
5108956,Nova Monte Verde,2021,202112,2.0,6.0,2.13
5108956,Nova Monte Verde,2022,202212,2.0,6.0,2.41
5108956,Nova Monte Verde,2023,202312,2.0,6.0,2.41
5108956,Nova Monte Verde,2024,202412,2.0,6.0,2.37
5108956,Nova Monte Verde,2025,202512,2.0,6.0,2.36
5108956,Nova Monte Verde,2026,202606,1.0,3.0,1.18
