item_id,ordem_citacao,autor_ano,citacao,local,conferencia,titulo_obra,veiculo,url,chave_bib,vinculo_estudo
FOR-01,1,ABRA et al. (2026),"According to the National Traffic Counting Plan, the average daily traffic volume for this segment was 1907 vehicles in 2019 (BRASIL, 2019).",p. 3,confirmada no PDF,From roadkill monitoring to evidence-based wildlife mitigation in the Brazilian Pantanal,Global Ecology and Conservation,https://doi.org/10.1016/j.gecco.2026.e04347,abra2026from,""
FOR-01,2,ABRA et al. (2026),The study area includes a two-lane paved road with a shoulder that serves as a tourist and commercial route.,p. 3,confirmada no PDF,From roadkill monitoring to evidence-based wildlife mitigation in the Brazilian Pantanal,Global Ecology and Conservation,https://doi.org/10.1016/j.gecco.2026.e04347,abra2026from,""
FOR-01,3,ABRA et al. (2026),"Location of the study area along Federal Highway BR−262, covering the stretch between the municipalities of Anast´acio and Corumb´a, in Mato Grosso do Sul, Brazil.",p. 3,confirmada no PDF,From roadkill monitoring to evidence-based wildlife mitigation in the Brazilian Pantanal,Global Ecology and Conservation,https://doi.org/10.1016/j.gecco.2026.e04347,abra2026from,""
FOR-01,4,ABRA et al. (2026),The study area covers a 278.3 km segment of the federally administered BR−262 highway in the state of Mato Grosso do Sul (MS),p. 3,confirmada no PDF,From roadkill monitoring to evidence-based wildlife mitigation in the Brazilian Pantanal,Global Ecology and Conservation,https://doi.org/10.1016/j.gecco.2026.e04347,abra2026from,""
FOR-02,1,OLIVEIRA et al. (2020),"Overall impacts of current hydropower facilities were not large, and in most cases were indistinguishable based on comparisons between upstream and downstream. The short water residence times of reservoirs associated with SHPs likely explain their tendency to have little or no effect on nutrient transport.",p. 1,confirmada no PDF,Further Development of Small Hydropower Facilities May Alter Nutrient Transport to the Pantanal Wetland of Brazil,Frontiers in Environmental Science,https://doi.org/10.3389/fenvs.2020.577793,oliveira2020further,""
FOR-02,2,OLIVEIRA et al. (2024),"small hydropower plants (SPH) have the potential to cause changes in water quality, but the impairment of the environmental quality of the water system can be considered low, since the limits of natural variability in water quality was maintained downstream of the developments.",p. 12,confirmada no PDF,Isolated and Cumulative Water Quality Effects of two Small Hydropower Plants of a Pantanal Tributary,Revista Brasileira de Ciência Tecnologia e Inovação,https://doi.org/10.18554/rbcti.v9i2.8145,oliveira2024isolated,""
FOR-02,3,OLIVEIRA et al. (2024),"the impairment of the environmental quality of the water system can be considered low, since the limits of natural variability in water quality was maintained downstream of the developments.",p. 12,confirmada no PDF,Isolated and Cumulative Water Quality Effects of two Small Hydropower Plants of a Pantanal Tributary,Revista Brasileira de Ciência Tecnologia e Inovação,https://doi.org/10.18554/rbcti.v9i2.8145,oliveira2024isolated,""
FOR-02,4,OLIVEIRA et al. (2020),"Overall impacts of current hydropower facilities were not large, and in most cases were indistinguishable based on comparisons between upstream and downstream.",p. 1,confirmada no PDF,Further Development of Small Hydropower Facilities May Alter Nutrient Transport to the Pantanal Wetland of Brazil,Frontiers in Environmental Science,https://doi.org/10.3389/fenvs.2020.577793,oliveira2020further,""
FOR-02,5,OLIVEIRA et al. (2024),the limits of natural variability in water quality was maintained downstream of the developments.,p. 12,confirmada no PDF,Isolated and Cumulative Water Quality Effects of two Small Hydropower Plants of a Pantanal Tributary,Revista Brasileira de Ciência Tecnologia e Inovação,https://doi.org/10.18554/rbcti.v9i2.8145,oliveira2024isolated,""
FOR-03,1,WANTZEN et al. (2024),"The rivers of the Pantanal have been sustainably used for navigation with small vessels for centuries, but the desire to make the upper Paraguay River navigable for larger barge tows is incompatible with the dimensions and ecohydrological dynamics of the river system.",p. 5,confirmada no PDF (variação de extração),"The end of an entire biome? World's largest wetland, the Pantanal, is menaced by the Hidrovia project which is uncertain to sustainably support large-scale navigation",Science of the Total Environment,https://doi.org/10.1016/j.scitotenv.2023.167751,wantzen2024end,""
FOR-03,2,SALAS et al. (2023),River transport allows accessing the riverside communities and small residences at the Paraguai and Taquari Rivers. It is noteworthy that the rivers are well signposted and navigable throughout the year.,p. 8,confirmada no PDF,Off-grid Photovoltaic Systems Implementation for Electrification of Remote Areas: Experiences and Lessons Learned in the Pantanal Sul-Mato-Grossense Region of Brazil,Brazilian Archives of Biology and Technology,https://doi.org/10.1590/1678-4324-2023210482,salas2023off,""
FOR-03,3,SALAS et al. (2023),River transport allows accessing the riverside communities and small residences at the Paraguai and Taquari Rivers.,p. 8,confirmada no PDF,Off-grid Photovoltaic Systems Implementation for Electrification of Remote Areas: Experiences and Lessons Learned in the Pantanal Sul-Mato-Grossense Region of Brazil,Brazilian Archives of Biology and Technology,https://doi.org/10.1590/1678-4324-2023210482,salas2023off,""
FOR-03,4,WANTZEN et al. (2024),The rivers of the Pantanal have been sustainably used for navigation with small vessels for centuries,p. 5,confirmada no PDF (variação de extração),"The end of an entire biome? World's largest wetland, the Pantanal, is menaced by the Hidrovia project which is uncertain to sustainably support large-scale navigation",Science of the Total Environment,https://doi.org/10.1016/j.scitotenv.2023.167751,wantzen2024end,""
FOR-03,5,SALAS et al. (2023),this article reports the lessons learned from real experience with 23 prototypes installation of stand-alone photovoltaic systems,p. 1,confirmada no PDF,Off-grid Photovoltaic Systems Implementation for Electrification of Remote Areas: Experiences and Lessons Learned in the Pantanal Sul-Mato-Grossense Region of Brazil,Brazilian Archives of Biology and Technology,https://doi.org/10.1590/1678-4324-2023210482,salas2023off,""
FOR-05,1,OLIPHANT et al. (2020),"The Transpantaneira Highway is a long dirt road that serves as the main thoroughfare into the Pantanal from the city of Poconé and the rest of the state of Mato Grosso, Brazil.",p. 3,confirmada no PDF (variação de extração),Michigan Sustainability Case: Rural Electrification: Which Infrastructure Is Best for the Brazilian Pantanal?,Sustainability The Journal of Record,https://doi.org/10.1089/sus.2020.0005,oliphant2020michigan,""
FOR-05,2,OLIPHANT et al. (2020),"However, Porto Jofre is an exception; it is located both on the Cuiabá River and the Pantanal’s only major road, the Transpantaneira Highway (Figure 4).",p. 3,confirmada no PDF (variação de extração),Michigan Sustainability Case: Rural Electrification: Which Infrastructure Is Best for the Brazilian Pantanal?,Sustainability The Journal of Record,https://doi.org/10.1089/sus.2020.0005,oliphant2020michigan,""
FOR-05,3,OLIPHANT et al. (2020),"the main thoroughfare into the Pantanal from the city of Poconé and the rest of the state of Mato Grosso, Brazil.",p. 3,confirmada no PDF (variação de extração),Michigan Sustainability Case: Rural Electrification: Which Infrastructure Is Best for the Brazilian Pantanal?,Sustainability The Journal of Record,https://doi.org/10.1089/sus.2020.0005,oliphant2020michigan,""
FOR-05,4,OLIPHANT et al. (2020),Michigan Sustainability Case: Rural Electriﬁcation: Which Infrastructure Is Best for the Brazilian Pantanal?,p. 1,confirmada no PDF,Michigan Sustainability Case: Rural Electrification: Which Infrastructure Is Best for the Brazilian Pantanal?,Sustainability The Journal of Record,https://doi.org/10.1089/sus.2020.0005,oliphant2020michigan,""
FOR-05,5,OLIPHANT et al. (2020),"In many cases in the Pantanal, rivers act as roads because much of the Pantanal is accessible only by boat.",p. 3,confirmada no PDF,Michigan Sustainability Case: Rural Electrification: Which Infrastructure Is Best for the Brazilian Pantanal?,Sustainability The Journal of Record,https://doi.org/10.1089/sus.2020.0005,oliphant2020michigan,""
FOR-06,1,JARDIM et al. (2020),"The reservoir regulates the flow of the Manso river and of the Cuiabá river downstream. The dam is located almost 300 km upstream of the cities of Cuiabá and Várzea Grande, which are the main targets for flood control.",p. 4,confirmada no PDF,A Modeling Assessment of Large-Scale Hydrologic Alteration in South American Pantanal Due to Upstream Dam Operation,Frontiers in Environmental Science,https://doi.org/10.3389/fenvs.2020.567450,jardim2020modeling,""
FOR-06,2,JARDIM et al. (2020),"The dam is located almost 300 km upstream of the cities of Cuiabá and Várzea Grande, which are the main targets for flood control.",p. 4,confirmada no PDF,A Modeling Assessment of Large-Scale Hydrologic Alteration in South American Pantanal Due to Upstream Dam Operation,Frontiers in Environmental Science,https://doi.org/10.3389/fenvs.2020.567450,jardim2020modeling,""
FOR-06,3,JARDIM et al. (2020),The reservoir regulates the flow of the Manso river and of the Cuiabá river downstream.,p. 4,confirmada no PDF,A Modeling Assessment of Large-Scale Hydrologic Alteration in South American Pantanal Due to Upstream Dam Operation,Frontiers in Environmental Science,https://doi.org/10.3389/fenvs.2020.567450,jardim2020modeling,""
FOR-06,4,JARDIM et al. (2020),"Low ﬂows are increased from about 93 to 170 m3.s−1, while maximum ﬂows are reduced from the range 1,390–2,617 m3.s−1 to below 1,723 m3.s−1 at all times and can be as low as 650 m3.s−1.",p. 9,confirmada no PDF,A Modeling Assessment of Large-Scale Hydrologic Alteration in South American Pantanal Due to Upstream Dam Operation,Frontiers in Environmental Science,https://doi.org/10.3389/fenvs.2020.567450,jardim2020modeling,""
FOR-06,5,JARDIM et al. (2020),"FIGURE 3 | Location (A) of the hydrographs produced after simulation with naturalized ﬂow (blue) and Manso outﬂow (red) as input condition at: Manso dam (B), Cuiabá gauge (C)",p. 9,confirmada no PDF,A Modeling Assessment of Large-Scale Hydrologic Alteration in South American Pantanal Due to Upstream Dam Operation,Frontiers in Environmental Science,https://doi.org/10.3389/fenvs.2020.567450,jardim2020modeling,""
FOR-07,1,SOUZA FILHO (2013),"Atualmente, na bacia do Alto Paraguai, a geração de energia é feita por meio de aproveitamentos hidrelétricos e usinas termoelétricas. A geração hidráulica possui capacidade instalada de 1057,4 MW, enquanto as termoelétricas possuem quase 1014 MW, dos quais 1009,5 MW são gerados por uso de gás natural e o restante por meio de diesel.",p. 2,confirmada no PDF,As barragens na bacia do rio Paraguai e a possível influência sobre a descarga fluvial e o transporte de sedimentos,Boletim de Geografia,https://doi.org/10.4025/bolgeogr.v31i1.13638,filho2013barragens,""
FOR-07,2,SOUZA FILHO (2013),"Atualmente, na bacia do Alto Paraguai, a geração de energia é feita por meio de aproveitamentos hidrelétricos e usinas termoelétricas.",p. 2,confirmada no PDF,As barragens na bacia do rio Paraguai e a possível influência sobre a descarga fluvial e o transporte de sedimentos,Boletim de Geografia,https://doi.org/10.4025/bolgeogr.v31i1.13638,filho2013barragens,""
FOR-07,3,SOUZA FILHO (2013),"A geração hidráulica possui capacidade instalada de 1057,4 MW, enquanto as termoelétricas possuem quase 1014 MW",p. 2,confirmada no PDF,As barragens na bacia do rio Paraguai e a possível influência sobre a descarga fluvial e o transporte de sedimentos,Boletim de Geografia,https://doi.org/10.4025/bolgeogr.v31i1.13638,filho2013barragens,""
FOR-07,4,SOUZA FILHO (2013),"Há 10 termoelétricas em funcionamento e a geração hidráulica conta com 26 unidades em operação, alem de mais 96 unidades já licitadas",p. 2,confirmada no PDF,As barragens na bacia do rio Paraguai e a possível influência sobre a descarga fluvial e o transporte de sedimentos,Boletim de Geografia,https://doi.org/10.4025/bolgeogr.v31i1.13638,filho2013barragens,""
FOR-07,5,SOUZA FILHO (2013),O trabalho é uma avaliação preliminar dos dados existentes a respeito das barragens que existem e serão implantadas na bacia,p. 2,confirmada no PDF,As barragens na bacia do rio Paraguai e a possível influência sobre a descarga fluvial e o transporte de sedimentos,Boletim de Geografia,https://doi.org/10.4025/bolgeogr.v31i1.13638,filho2013barragens,""
FOR-08,1,ABRA et al. (2026),"A total of 115 pre-existing structures were identified as partially or fully suitable for wildlife use, including 74 bridges and 41 box or drainage culverts.",p. 10,confirmada no PDF,From roadkill monitoring to evidence-based wildlife mitigation in the Brazilian Pantanal,Global Ecology and Conservation,https://doi.org/10.1016/j.gecco.2026.e04347,abra2026from,""
FOR-08,2,ABRA et al. (2026),A total of 115 pre-existing structures were identified as partially or fully suitable for wildlife use,p. 10,confirmada no PDF,From roadkill monitoring to evidence-based wildlife mitigation in the Brazilian Pantanal,Global Ecology and Conservation,https://doi.org/10.1016/j.gecco.2026.e04347,abra2026from,""
FOR-08,3,ABRA et al. (2026),The location of these structures was compared to all identified hotspots to support the prioritization of structural retrofitting and the need for fencing within the mitigation plan.,p. 10,confirmada no PDF,From roadkill monitoring to evidence-based wildlife mitigation in the Brazilian Pantanal,Global Ecology and Conservation,https://doi.org/10.1016/j.gecco.2026.e04347,abra2026from,""
FOR-08,4,ABRA et al. (2026),"Location of the study area along Federal Highway BR−262, covering the stretch between the municipalities of Anast´acio and Corumb´a, in Mato Grosso do Sul, Brazil.",p. 3,confirmada no PDF,From roadkill monitoring to evidence-based wildlife mitigation in the Brazilian Pantanal,Global Ecology and Conservation,https://doi.org/10.1016/j.gecco.2026.e04347,abra2026from,""
FOR-08,5,ABRA et al. (2026),The study area covers a 278.3 km segment of the federally administered BR−262 highway in the state of Mato Grosso do Sul (MS),p. 3,confirmada no PDF,From roadkill monitoring to evidence-based wildlife mitigation in the Brazilian Pantanal,Global Ecology and Conservation,https://doi.org/10.1016/j.gecco.2026.e04347,abra2026from,""
FOR-09,1,OLIVEIRA; BOURLEGAT (2019),"A pecuária ainda é a atividade econômica mais importante da região pantaneira e nela ocorrem diversos leilões de gado. Esse escoamento do gado das fazendas envolve grande quantidade de caminhões. As estimativas são as de que cerca de 60% desse gado leiloado na região passem pela EPP, transportados por caminhões boiadeiros.",p. 9 (impressa 710),confirmada no PDF,Estrada-Parque Pantanal e comunidades locais na potencialização do turismo e do desenvolvimento sustentável,Revista Brasileira de Ecoturismo (RBEcotur),https://doi.org/10.34024/rbecotur.2019.v12.6719,oliveira2019estrada,""
FOR-09,2,OLIVEIRA; BOURLEGAT (2019),"Esse escoamento do gado das fazendas envolve grande quantidade de caminhões. As estimativas são as de que cerca de 60% desse gado leiloado na região passem pela EPP, transportados por caminhões boiadeiros.",p. 9 (impressa 710),confirmada no PDF,Estrada-Parque Pantanal e comunidades locais na potencialização do turismo e do desenvolvimento sustentável,Revista Brasileira de Ecoturismo (RBEcotur),https://doi.org/10.34024/rbecotur.2019.v12.6719,oliveira2019estrada,""
FOR-09,3,OLIVEIRA; BOURLEGAT (2019),"As estimativas são as de que cerca de 60% desse gado leiloado na região passem pela EPP, transportados por caminhões boiadeiros.",p. 9 (impressa 710),confirmada no PDF,Estrada-Parque Pantanal e comunidades locais na potencialização do turismo e do desenvolvimento sustentável,Revista Brasileira de Ecoturismo (RBEcotur),https://doi.org/10.34024/rbecotur.2019.v12.6719,oliveira2019estrada,""
FOR-09,4,OLIVEIRA; BOURLEGAT (2019),"A maior preocupação dos gestores públicos para manter o funcionamento da EPP tem sido sua infraestrutura de acesso, uma vez que ela fica comprometida durante o período das cheias.",p. 9,confirmada no PDF,Estrada-Parque Pantanal e comunidades locais na potencialização do turismo e do desenvolvimento sustentável,Revista Brasileira de Ecoturismo (RBEcotur),https://doi.org/10.34024/rbecotur.2019.v12.6719,oliveira2019estrada,""
FOR-09,5,OLIVEIRA; BOURLEGAT (2019),"As 74 pontes de madeira na EPP, que cruzam corixos, rios e vazantes, suportam diversas naturezas de carga",p. 9,confirmada no PDF,Estrada-Parque Pantanal e comunidades locais na potencialização do turismo e do desenvolvimento sustentável,Revista Brasileira de Ecoturismo (RBEcotur),https://doi.org/10.34024/rbecotur.2019.v12.6719,oliveira2019estrada,""
OPO-01,1,OLIPHANT et al. (2020),"As of 2018, over 16 million Brazilians had received improved electricity access through Luz para Todos projects, and the program had been extended until at least 2022. João was hoping this program could also help him improve electricity access for the residents of Porto Jofre. After weeks of waiting, João finally received the news that Luz Para Todos would fund this project!",p. 4,confirmada no PDF,Michigan Sustainability Case: Rural Electrification: Which Infrastructure Is Best for the Brazilian Pantanal?,Sustainability The Journal of Record,https://doi.org/10.1089/sus.2020.0005,oliphant2020michigan,""
OPO-01,2,SALAS et al. (2023),"The massive electrification of this region with 2001 SPSs is started in the second half of 2021 and will end in 2022, so the installation of twenty-three SPS prototypes with energy storage systems, reported in this work, aimed to define the best SPS technological solution to meet the universalization program.",p. 3,confirmada no PDF,Off-grid Photovoltaic Systems Implementation for Electrification of Remote Areas: Experiences and Lessons Learned in the Pantanal Sul-Mato-Grossense Region of Brazil,Brazilian Archives of Biology and Technology,https://doi.org/10.1590/1678-4324-2023210482,salas2023off,""
OPO-01,3,PEREIRA et al. (2022),"The results obtained in this work allowed us to dimension the economic resources that the Ministry of Mining and Energy of Brazil should be providing as a subsidy for the local utility, with resources from the fuel consumption account applied to thermal plants located in isolated power systems.",p. 12,confirmada no PDF,Quasi-dynamic operation and maintenance plan for photovoltaic systems in remote areas: The framework of Pantanal-MS,Renewable Energy,https://doi.org/10.1016/j.renene.2021.08.119,pereira2022quasi,""
OPO-01,4,BLANC et al. (2019),"In this context, the concessionaire responsible for the distribution of electricity in the state of Mato Grosso do Sul (central-west Brazil) financed a research project (of which this study was a part) in 2016 to identify viable technical solutions to supply energy to the Pantanal.",p. 2,confirmada no PDF,"Multicriteria environmental analysis for choosing alternative sources of electricity in isolated areas: the case of the Pantanal, Brazil",Impact Assessment and Project Appraisal,https://doi.org/10.1080/14615517.2019.1583922,blanc2019multicriteria,""
OPO-01,5,PAULA et al. (2018),"The Federal Government has the interest of supplying electric energy for all citizens, so it created normative resolution n° 488 of 2012, so that all distributors presented the plan to universalize the electric power supply service until 2016.",resumo,confirmada no resumo indexado,Study of the OPEX benchmarking methodology of Pantanal Sul-Mato-Grossense,2018 Simposio Brasileiro de Sistemas Eletricos (SBSE),https://doi.org/10.1109/sbse.2018.8395799,paula2018study,""
OPO-02,1,SALAS et al. (2023),"The massive electrification of this region with 2001 SPSs is started in the second half of 2021 and will end in 2022, so the installation of twenty-three SPS prototypes with energy storage systems, reported in this work, aimed to define the best SPS technological solution to meet the universalization program.",p. 3,confirmada no PDF,Off-grid Photovoltaic Systems Implementation for Electrification of Remote Areas: Experiences and Lessons Learned in the Pantanal Sul-Mato-Grossense Region of Brazil,Brazilian Archives of Biology and Technology,https://doi.org/10.1590/1678-4324-2023210482,salas2023off,""
OPO-02,2,BLANC et al. (2019),"The SEI results showed that solar power generation systems that are small and have a lower environmental impact were the most viable for use throughout the Pantanal. Despite its environmental feasibility, this supply alternative requires additional technical and economic assessments.",p. 9,confirmada no PDF,"Multicriteria environmental analysis for choosing alternative sources of electricity in isolated areas: the case of the Pantanal, Brazil",Impact Assessment and Project Appraisal,https://doi.org/10.1080/14615517.2019.1583922,blanc2019multicriteria,""
OPO-02,3,PEREIRA et al. (2020),Photovoltaic energy systems are sustainable options for residential off-grid electrification in remote areas.,resumo,confirmada no resumo indexado,Transport Route Planning for Operation and Maintenance of Off-grid Photovoltaic Energy Systems in the Pantanal of Mato Grosso do Sul,"2020 IEEE PES Transmission and Distribution Conference and Exhibition - Latin America, T and D LA 2020",https://doi.org/10.1109/tdla47668.2020.9326099,pereira2020transport,""
OPO-02,4,SALAS et al. (2023),The massive electrification of this region with 2001 SPSs is started in the second half of 2021,p. 3,confirmada no PDF,Off-grid Photovoltaic Systems Implementation for Electrification of Remote Areas: Experiences and Lessons Learned in the Pantanal Sul-Mato-Grossense Region of Brazil,Brazilian Archives of Biology and Technology,https://doi.org/10.1590/1678-4324-2023210482,salas2023off,""
OPO-02,5,BLANC et al. (2019),(2019) Multicriteria environmental analysis for choosing alternative sources of electricity in isolated areas,p. 1,confirmada no PDF,"Multicriteria environmental analysis for choosing alternative sources of electricity in isolated areas: the case of the Pantanal, Brazil",Impact Assessment and Project Appraisal,https://doi.org/10.1080/14615517.2019.1583922,blanc2019multicriteria,""
OPO-03,1,GIRARD et al. (2025),"Proposals to extend the Hidrovia through the Pantanal are largely motivated by the need to export agricultural commodities, particularly soybeans that are produced in the uplands of Brazil's Mato Grosso state to ports in Argentina, from which they can be exported to other countries.",p. 4,confirmada no PDF,Expansion of fluvial transport of commodities through the Pantanal floodplains of Brazil: Potential impacts and interference by climate change,Conservation Science and Practice,https://doi.org/10.1111/csp2.13126,girard2025expansion,""
OPO-03,2,GONÇALVES; COSTA (2020),"Esse projeto da Hidrovia prevê um tráfego muito intenso de embarcações de carga, pois pretende-se escoar 1/3 da produção agrícola do estado do Mato Grosso.",p. 15 (p. 331 da revista),confirmada no PDF,"A apropriação da natureza e a reinvenção do capital nas áreas protegidas do Pantanal Transfronteiriço: o caso do Parque Nacional Otuquis (Bolívia), Parque Nacional do Pantanal Mato-Grossense (Brasil) e o Parque Nacional Río Negro (Paraguai)",ENTRE-LUGAR,https://doi.org/10.30612/el.v11i22.10601,goncalves2020apropriacao,""
OPO-03,3,BAIGÚN; MINOTTI (2021),"This would enable the large-scale shipping of soybeans, one of the principal products of the state of Mato Grosso [118,119].",p. 7,confirmada no PDF,"Conserving the Paraguay-Paraná Fluvial Corridor in the XXI Century: Conflicts, Threats, and Challenges",Sustainability,https://doi.org/10.3390/su13095198,baigun2021conserving,""
OPO-03,4,BAIGÚN; MINOTTI (2021),Strong lobbying from the agricultural sector has resurrected the extension of the Hidrova to the Pantanal.,p. 7,confirmada no PDF,"Conserving the Paraguay-Paraná Fluvial Corridor in the XXI Century: Conflicts, Threats, and Challenges",Sustainability,https://doi.org/10.3390/su13095198,baigun2021conserving,""
OPO-03,5,GIRARD et al. (2025),The proposed expansion of the Paraguay River Hidrovia through the Pantanal floodplains of Brazil will negatively impact biodiversity,p. 1,confirmada no PDF,Expansion of fluvial transport of commodities through the Pantanal floodplains of Brazil: Potential impacts and interference by climate change,Conservation Science and Practice,https://doi.org/10.1111/csp2.13126,girard2025expansion,""
OPO-04,1,FIGUEIREDO et al. (2021),"planning for new SHP locations and designs needs to consider how the resultant hydrological modifications may negatively affect migratory fishes and other aquatic animals, not only by producing barriers and directing most of the flow through turbines, but also altering downstream hydrology. Such planning should be conducted at the scale of entire river basins to minimize negative impacts on migratory populations",p. 11,confirmada no PDF,Hydropeaking by Small Hydropower Facilities Affects Flow Regimes on Tributaries to the Pantanal Wetland of Brazil,Frontiers in Environmental Science,https://doi.org/10.3389/fenvs.2021.577286,figueiredo2021hydropeaking,""
OPO-04,2,ZANATTA; MACIEL (2020),"a Agencia Nacional de Águas (ANA) a contratar o “Estudo de Avaliação dos Efeitos da Implantação de Empreendimentos Hidrelétricos na Região Hidrográfica do Rio Paraguai”, a ser concluído em maio de 2020, e determinar, em setembro de 2018, a suspensão temporária da emissão de autorizações para implantar novas hidrelétricas na bacia hidrográfica do Paraguai até a conclusão do estudo citado.",p. 9,confirmada no PDF,Pantanal ameaçado: as contradições em torno das narrativas para produção de energia hídrica,Revista Brasileira de Meio Ambiente,https://doi.org/10.66205/rvbma.v8i1.275,zanatta2020pantanal,""
OPO-04,3,ZANATTA; MACIEL (2021),"dos Efeitos da Implantação de Empreendimentos Hidrelétricos na Região Hidrográfica do Rio Paraguai”, a ser concluído em maio de 2020, e determinar, em setembro de 2018, a suspensão temporária da emissão de autorizações para implantar novas hidrelétricas na Bacia Hidrográfica do Paraguai até que o estudo citado acima seja concluído.",p. 14,confirmada no PDF,Pantanal ameaçado: a construção de represas e a insignificância da energia hídrica produzida,Interações (Campo Grande),https://doi.org/10.20435/inter.v22i2.2811,zanatta2021pantanal,""
OPO-04,4,FIGUEIREDO et al. (2021),"Collischonn, W., Paz, A. R., Melo, M. M. M., and Jardim, P. F. (2019). Potenciais impactos de barragens sobre o regime hidrológico nos rios da RH Paraguai. Elaboração de Estudos de Avaliação dos Efeitos da Implantação de Empreendimentos Hidrelétricos na Região Hidrográﬁca do Rio Paraguai.",p. 12,confirmada no PDF,Hydropeaking by Small Hydropower Facilities Affects Flow Regimes on Tributaries to the Pantanal Wetland of Brazil,Frontiers in Environmental Science,https://doi.org/10.3389/fenvs.2021.577286,figueiredo2021hydropeaking,""
OPO-04,5,FIGUEIREDO et al. (2021),"Funding was provided by the Brazilian National Water Agency (Case 062/ANA/2016), the Foundation for Research Support in the State of Mato Grosso (FAPEMAT Case 0249639/2017)",p. 12,confirmada no PDF,Hydropeaking by Small Hydropower Facilities Affects Flow Regimes on Tributaries to the Pantanal Wetland of Brazil,Frontiers in Environmental Science,https://doi.org/10.3389/fenvs.2021.577286,figueiredo2021hydropeaking,""
OPO-05,1,CÁCERES et al. (2012),"Experimentar a construção de túneis amplos que passem sob a rodovia, para que sejam usados como passadouros de fauna, aliados à instalação de cercas-guia, nos trechos com maiores freqüências de atropelamentos. Pontes já existentes deveriam ser adequadas a esses propósitos, já que matas de galeria são corredores naturais de fauna.",p. 12,confirmada no PDF,"Variação espacial e sazonal de atropelamentos de mamíferos no bioma cerrado, rodovia BR 262, Sudoeste do Brasil",Mastozoología Neotropical,"",caceres2012variacao,""
OPO-05,2,ABRA et al. (2026),"Based on these results, a large-scale mitigation plan was developed incorporating 170 km of fencing, 44 existing bridges, 22 existing underpasses, 10 new wildlife underpasses, seven artificial canopy bridges, six speed traps, eight jump-outs, and 36 rumble strips.",p. 2,confirmada no PDF,From roadkill monitoring to evidence-based wildlife mitigation in the Brazilian Pantanal,Global Ecology and Conservation,https://doi.org/10.1016/j.gecco.2026.e04347,abra2026from,""
OPO-05,3,BANHOS et al. (2020),"However, we also documented the species using underpasses, demonstrating that these structures could help to reduce the risk of roadkill for giant armadillos.",resumo,confirmada no resumo indexado,Highways are a threat for giant armadillos that underpasses can mitigate,Biotropica,https://doi.org/10.1111/btp.12778,banhos2020highways,""
OPO-05,4,SOUZA et al. (2015),"Mitigation measures, such as speed reduction, can be tied to inundation patterns with the use of automated depth gauges.",p. 11,confirmada no PDF,Spatiotemporal variation in human-wildlife conflicts along highway BR-262 in the Brazilian Pantanal,Wetlands Ecology and Management,https://doi.org/10.1007/s11273-014-9372-4,souza2015spatiotemporal,""
OPO-05,5,CÁCERES et al. (2012),Sugerimos que medidas mitigadoras sejam executadas nos trechos monitorados mais relevantes da BR 262,p. 12,confirmada no PDF,"Variação espacial e sazonal de atropelamentos de mamíferos no bioma cerrado, rodovia BR 262, Sudoeste do Brasil",Mastozoología Neotropical,"",caceres2012variacao,""
OPO-06,1,CAMPOS; PEDROLLO (2023),"Rivers that already have dams near the entrance to the Pantanal, and which naturally have low SSC, such as the Correntes, Itiquira, Jauru MT, Juba and Sepotuba rivers (Ponte de Pedra, Itiquira, Jauru dams, respectively), are rivers that can be strategic for the implementation of new dams.",p. 14,confirmada no PDF,Modelling and assessing how small hydropower facilities affect sediment transport by using fuzzy inference systems,Journal of Hydrology,https://doi.org/10.1016/j.jhydrol.2023.129374,campos2023modelling,""
OPO-06,2,OLIVEIRA et al. (2020),"Based on the results of these two studies, we recommend no future hydropower development on four river systems presently lacking dams in their mainstem reaches within the uplands – the Cabaçal, Sepotuba, Cuiabá, and Taquari/Coxim rivers.",p. 17,confirmada no PDF,Further Development of Small Hydropower Facilities May Alter Nutrient Transport to the Pantanal Wetland of Brazil,Frontiers in Environmental Science,https://doi.org/10.3389/fenvs.2020.577793,oliveira2020further,""
OPO-06,3,CRUZ et al. (2021),An analysis of energy production versus water quality impacts suggests that SHPs on the smaller tributaries are favorable compared to the conventional SHP in terms of water quality impacts.,resumo,confirmada no resumo indexado,"Water quality impacts of small hydroelectric power plants in a tributary to the Pantanal floodplain, Brazil",River Research and Applications,https://doi.org/10.1002/rra.3766,cruz2021water,""
OPO-06,4,CRUZ et al. (2021),SHPs on the smaller tributaries are favorable compared to the conventional SHP in terms of water quality impacts,resumo,confirmada no resumo indexado,"Water quality impacts of small hydroelectric power plants in a tributary to the Pantanal floodplain, Brazil",River Research and Applications,https://doi.org/10.1002/rra.3766,cruz2021water,""
OPO-06,5,OLIVEIRA et al. (2020),we recommend no future hydropower development on four river systems presently lacking dams,p. 17,confirmada no PDF,Further Development of Small Hydropower Facilities May Alter Nutrient Transport to the Pantanal Wetland of Brazil,Frontiers in Environmental Science,https://doi.org/10.3389/fenvs.2020.577793,oliveira2020further,""
OPO-07,1,JARDIM et al. (2020),"To avoid this type of impact, an operating rule could be studied for the Manso dam that would mutually optimize urban flood reduction, power generation and maintaining connectivity between the river and the floodplain, especially in times where these connections are most important for fauna.",p. 12,confirmada no PDF,A Modeling Assessment of Large-Scale Hydrologic Alteration in South American Pantanal Due to Upstream Dam Operation,Frontiers in Environmental Science,https://doi.org/10.3389/fenvs.2020.567450,jardim2020modeling,""
OPO-07,2,FANTIN‐CRUZ et al. (2015),"The adoption of the dam operation standards proposed here, which are designed to better maintain the natural flow variability of the river, can reduce its environmental impacts while still meeting the demand for hydroelectric power generation.",p. 10,confirmada no PDF,"Effects of a diversion hydropower facility on the hydrological regime of the Correntes River, a tributary to the Pantanal floodplain, Brazil",Journal of Hydrology,https://doi.org/10.1016/j.jhydrol.2015.10.045,fantincruz2015effects,""
OPO-07,3,JARDIM et al. (2020),"The dam is located on the Manso River (Figure 1), one of the major rivers that form the Cuiabá River",p. 4,confirmada no PDF,A Modeling Assessment of Large-Scale Hydrologic Alteration in South American Pantanal Due to Upstream Dam Operation,Frontiers in Environmental Science,https://doi.org/10.3389/fenvs.2020.567450,jardim2020modeling,""
OPO-07,4,FANTIN‐CRUZ et al. (2015),The study site is the Ponte de Pedra hydroelectric dam and reservoir on the Correntes River,p. 2,confirmada no PDF,"Effects of a diversion hydropower facility on the hydrological regime of the Correntes River, a tributary to the Pantanal floodplain, Brazil",Journal of Hydrology,https://doi.org/10.1016/j.jhydrol.2015.10.045,fantincruz2015effects,""
OPO-08,1,GIRARD et al. (2025),"The most recent project is presented as a set of channel improvement works to improve navigability. In addition, it also entails the modernization of port facilities in the Brazilian Pantanal, including those at Cáceres, Corumbá, Ladário, Porto Esperança, and Porto Murtinho (Baigún & Minotti, 2021).",p. 4,confirmada no PDF (variação de extração),Expansion of fluvial transport of commodities through the Pantanal floodplains of Brazil: Potential impacts and interference by climate change,Conservation Science and Practice,https://doi.org/10.1111/csp2.13126,girard2025expansion,""
OPO-08,2,WANTZEN et al. (2024),"Recently (2022−2023), preliminary licenses were issued for the construction of port facilities upriver of the Pantanal near C´aceres (Mato Grosso state) and within the Pantanal at Porto Esperança (Mato Grosso do Sul state).",p. 3,confirmada no PDF,"The end of an entire biome? World's largest wetland, the Pantanal, is menaced by the Hidrovia project which is uncertain to sustainably support large-scale navigation",Science of the Total Environment,https://doi.org/10.1016/j.scitotenv.2023.167751,wantzen2024end,""
OPO-08,3,WANTZEN et al. (2024),near C´aceres (Mato Grosso state) and within the Pantanal at Porto Esperança (Mato Grosso do Sul state),p. 3,confirmada no PDF,"The end of an entire biome? World's largest wetland, the Pantanal, is menaced by the Hidrovia project which is uncertain to sustainably support large-scale navigation",Science of the Total Environment,https://doi.org/10.1016/j.scitotenv.2023.167751,wantzen2024end,""
OPO-08,4,GIRARD et al. (2025),"including those at Cáceres, Corumbá, Ladário, Porto Esperança, and Porto Murtinho",p. 4,confirmada no PDF (variação de extração),Expansion of fluvial transport of commodities through the Pantanal floodplains of Brazil: Potential impacts and interference by climate change,Conservation Science and Practice,https://doi.org/10.1111/csp2.13126,girard2025expansion,""
OPO-08,5,GIRARD et al. (2025),It is important to note that the original Hidrovia project in the Pantanal has undergone several changes since it was proposed in 1990.,p. 4,confirmada no PDF,Expansion of fluvial transport of commodities through the Pantanal floodplains of Brazil: Potential impacts and interference by climate change,Conservation Science and Practice,https://doi.org/10.1111/csp2.13126,girard2025expansion,""
OPO-09,1,WANTZEN et al. (2024),The most viable alternative solution could be the use of a multimodal transport system including railroads and highways to compensate for the lack of a waterway in this section.,p. 7,confirmada no PDF,"The end of an entire biome? World's largest wetland, the Pantanal, is menaced by the Hidrovia project which is uncertain to sustainably support large-scale navigation",Science of the Total Environment,https://doi.org/10.1016/j.scitotenv.2023.167751,wantzen2024end,""
OPO-09,2,WANTZEN et al. (2024),"To conserve the Paraguay River and the Pantanal, no dredging, widening or straightening of the channel should take place within the Pantanal upriver the confluence of the Apa River (or at least Corumb´a).",p. 7,confirmada no PDF,"The end of an entire biome? World's largest wetland, the Pantanal, is menaced by the Hidrovia project which is uncertain to sustainably support large-scale navigation",Science of the Total Environment,https://doi.org/10.1016/j.scitotenv.2023.167751,wantzen2024end,""
OPO-09,3,WANTZEN et al. (2024),Further studies should analyze how this alternative transport approach could be implemented with the lowest socio-environmental impact possible.,p. 7,confirmada no PDF,"The end of an entire biome? World's largest wetland, the Pantanal, is menaced by the Hidrovia project which is uncertain to sustainably support large-scale navigation",Science of the Total Environment,https://doi.org/10.1016/j.scitotenv.2023.167751,wantzen2024end,""
OPO-09,4,WANTZEN et al. (2024),"suggest alternative, less impactful modes of transport of commodities, e.g., via railway.",p. 2,confirmada no PDF,"The end of an entire biome? World's largest wetland, the Pantanal, is menaced by the Hidrovia project which is uncertain to sustainably support large-scale navigation",Science of the Total Environment,https://doi.org/10.1016/j.scitotenv.2023.167751,wantzen2024end,""
FRA-01,1,OLIVEIRA; BOURLEGAT (2019),"A maior preocupação dos gestores públicos para manter o funcionamento da EPP tem sido sua infraestrutura de acesso, uma vez que ela fica comprometida durante o período das cheias. Para tentar garantir o tráfego de automóveis e caminhões, a maior atenção tem sido na manutenção do leito e das pontes de madeira",p. 9 (impressa 710),confirmada no PDF,Estrada-Parque Pantanal e comunidades locais na potencialização do turismo e do desenvolvimento sustentável,Revista Brasileira de Ecoturismo (RBEcotur),https://doi.org/10.34024/rbecotur.2019.v12.6719,oliveira2019estrada,""
FRA-01,2,OLIPHANT et al. (2020),"For example, in 2018 the Transpantaneira Highway flooded and made Porto Jofre inaccessible by car for months.",p. 8,confirmada no PDF,Michigan Sustainability Case: Rural Electrification: Which Infrastructure Is Best for the Brazilian Pantanal?,Sustainability The Journal of Record,https://doi.org/10.1089/sus.2020.0005,oliphant2020michigan,""
FRA-01,3,OLIVEIRA; BOURLEGAT (2019),A maior preocupação dos gestores públicos para manter o funcionamento da EPP tem sido sua infraestrutura de acesso,p. 9 (impressa 710),confirmada no PDF,Estrada-Parque Pantanal e comunidades locais na potencialização do turismo e do desenvolvimento sustentável,Revista Brasileira de Ecoturismo (RBEcotur),https://doi.org/10.34024/rbecotur.2019.v12.6719,oliveira2019estrada,""
FRA-01,4,OLIPHANT et al. (2020),road conditions during the wet season make travel along the Transpantaneira Highway nearly impossible,p. 8,confirmada no PDF,Michigan Sustainability Case: Rural Electrification: Which Infrastructure Is Best for the Brazilian Pantanal?,Sustainability The Journal of Record,https://doi.org/10.1089/sus.2020.0005,oliphant2020michigan,""
FRA-01,5,OLIVEIRA; BOURLEGAT (2019),"sua infraestrutura de acesso, uma vez que ela fica comprometida durante o período das cheias",p. 9 (impressa 710),confirmada no PDF,Estrada-Parque Pantanal e comunidades locais na potencialização do turismo e do desenvolvimento sustentável,Revista Brasileira de Ecoturismo (RBEcotur),https://doi.org/10.34024/rbecotur.2019.v12.6719,oliveira2019estrada,""
FRA-02,1,PEREIRA et al. (2022),"The total population registered in the Pantanal-MS was 3,438 people, representing 2,001 families. These families are represented in Fig. 2 by the dispersed points and are not supplied by any electrical utility company. The usual form of electricity generation is through diesel and gasoline generator sets, in unsafe conditions and with a high environmental impact, limited to two or 4 h of operation per day",p. 2,confirmada no PDF,Quasi-dynamic operation and maintenance plan for photovoltaic systems in remote areas: The framework of Pantanal-MS,Renewable Energy,https://doi.org/10.1016/j.renene.2021.08.119,pereira2022quasi,""
FRA-02,2,SALAS et al. (2023),"Current, the primary sources of electricity in the region are small diesel generators that operate inefficiently and are housed poorly in most cases. These generators run at night for short periods or when the owners of farms visit the workers in the main house.",p. 5,confirmada no PDF,Off-grid Photovoltaic Systems Implementation for Electrification of Remote Areas: Experiences and Lessons Learned in the Pantanal Sul-Mato-Grossense Region of Brazil,Brazilian Archives of Biology and Technology,https://doi.org/10.1590/1678-4324-2023210482,salas2023off,""
FRA-02,3,OLIPHANT et al. (2020),"When Porto Jofre came to the attention of João Oliveira, almost all the town’s buildings relied entirely on diesel generators to meet their electricity needs. To purchase the diesel fuel Porto Jofre residents had to drive three hours each way to Poconé.",p. 4,confirmada no PDF (variação de extração),Michigan Sustainability Case: Rural Electrification: Which Infrastructure Is Best for the Brazilian Pantanal?,Sustainability The Journal of Record,https://doi.org/10.1089/sus.2020.0005,oliphant2020michigan,""
FRA-02,4,SALAS et al. (2023),"Current, the primary sources of electricity in the region are small diesel generators that operate inefficiently and are housed poorly in most cases.",p. 5,confirmada no PDF,Off-grid Photovoltaic Systems Implementation for Electrification of Remote Areas: Experiences and Lessons Learned in the Pantanal Sul-Mato-Grossense Region of Brazil,Brazilian Archives of Biology and Technology,https://doi.org/10.1590/1678-4324-2023210482,salas2023off,""
FRA-02,5,OLIPHANT et al. (2020),"When Porto Jofre came to the attention of João Oliveira, almost all the town’s buildings relied entirely on diesel generators",p. 4,confirmada no PDF,Michigan Sustainability Case: Rural Electrification: Which Infrastructure Is Best for the Brazilian Pantanal?,Sustainability The Journal of Record,https://doi.org/10.1089/sus.2020.0005,oliphant2020michigan,""
FRA-03,1,PEREIRA et al. (2020),"However, planning Operation and Maintenance (OM) activities for this kind of system is a challenge in the Pantanal of Mato Grosso do Sul (Pantanal-MS), due to the environmental complexity of this region, marked by seasonality and access restrictions.",resumo,confirmada no resumo indexado,Transport Route Planning for Operation and Maintenance of Off-grid Photovoltaic Energy Systems in the Pantanal of Mato Grosso do Sul,"2020 IEEE PES Transmission and Distribution Conference and Exhibition - Latin America, T and D LA 2020",https://doi.org/10.1109/tdla47668.2020.9326099,pereira2020transport,""
FRA-03,2,OLIPHANT et al. (2020),"Wetland environments were more expensive to build on, and there was only a small window of time when the land was dry enough for building in the wetland. If the window were missed, the project would be delayed by weeks, and costs would increase.",p. 9,confirmada no PDF,Michigan Sustainability Case: Rural Electrification: Which Infrastructure Is Best for the Brazilian Pantanal?,Sustainability The Journal of Record,https://doi.org/10.1089/sus.2020.0005,oliphant2020michigan,""
FRA-03,3,PAULA et al. (2018),"the Pantanal Sul-Mato-Grossense is a remote region with high restrictions such: difficulty of access, environmental reserves, low population density and with unique characteristics, such as flooded areas most of the year.",resumo,confirmada no resumo indexado,Study of the OPEX benchmarking methodology of Pantanal Sul-Mato-Grossense,2018 Simposio Brasileiro de Sistemas Eletricos (SBSE),https://doi.org/10.1109/sbse.2018.8395799,paula2018study,""
FRA-03,4,BLANC et al. (2019),"The energy supply to this region is complex not only due to technical aspects but also, and primarily, because of environmental issues such as large areas under environmental preservation and seasonal flooding.",p. 2,confirmada no PDF,"Multicriteria environmental analysis for choosing alternative sources of electricity in isolated areas: the case of the Pantanal, Brazil",Impact Assessment and Project Appraisal,https://doi.org/10.1080/14615517.2019.1583922,blanc2019multicriteria,""
FRA-03,5,BLANC et al. (2019),because of environmental issues such as large areas under environmental preservation and seasonal flooding,p. 2,confirmada no PDF,"Multicriteria environmental analysis for choosing alternative sources of electricity in isolated areas: the case of the Pantanal, Brazil",Impact Assessment and Project Appraisal,https://doi.org/10.1080/14615517.2019.1583922,blanc2019multicriteria,""
FRA-04,1,GONÇALVES; COSTA (2020),"Atualmente, o projeto Hidrovia Paraguai Paraná Trecho 1: Cáceres- Corumbá encontra-se paralisado pela Justiça Federal, graças a uma ação da Promotoria de Justiça do Meio Ambiente de Mato Grosso.",p. 15 (p. 331 da revista),confirmada no PDF,"A apropriação da natureza e a reinvenção do capital nas áreas protegidas do Pantanal Transfronteiriço: o caso do Parque Nacional Otuquis (Bolívia), Parque Nacional do Pantanal Mato-Grossense (Brasil) e o Parque Nacional Río Negro (Paraguai)",ENTRE-LUGAR,https://doi.org/10.30612/el.v11i22.10601,goncalves2020apropriacao,""
FRA-04,2,BAIGÚN; MINOTTI (2021),"These sections have narrow and winding channels, with several passages between or with rocky outcrops, making navigation more difficult for larger vessels and convoys.",p. 7,confirmada no PDF,"Conserving the Paraguay-Paraná Fluvial Corridor in the XXI Century: Conflicts, Threats, and Challenges",Sustainability,https://doi.org/10.3390/su13095198,baigun2021conserving,""
FRA-04,3,SCHULZ et al. (2018),"the plans to build a waterway in the Pantanal wetland, as evidenced by the fact that almost two thirds of respondents opposed it.",p. 12,confirmada no PDF,Value landscapes and their impact on public water policy preferences,Global Environmental Change,https://doi.org/10.1016/j.gloenvcha.2018.09.015,schulz2018value,""
FRA-04,4,GIRARD et al. (2025),"Within the Pantanal, the mean depth of the navigation channel between the Brazilian cities of Corumbá and Cáceres is only ∼2 m.",p. 4,confirmada no PDF (variação de extração),Expansion of fluvial transport of commodities through the Pantanal floodplains of Brazil: Potential impacts and interference by climate change,Conservation Science and Practice,https://doi.org/10.1111/csp2.13126,girard2025expansion,""
FRA-04,5,GIRARD et al. (2025),the mean depth of the navigation channel between the Brazilian cities of Corumbá and Cáceres,p. 4,confirmada no PDF (variação de extração),Expansion of fluvial transport of commodities through the Pantanal floodplains of Brazil: Potential impacts and interference by climate change,Conservation Science and Practice,https://doi.org/10.1111/csp2.13126,girard2025expansion,""
FRA-05,1,SALAS et al. (2023),"The first type was landfill roads (exclusively made of sand), which cause instability of the vehicles during the dry season and require maximum attention. The second type was dirt roads covered by native vegetation where no indication of a path. The third type was wet grassland and muddy terrain, where the team came across several flooded areas.",p. 8,confirmada no PDF,Off-grid Photovoltaic Systems Implementation for Electrification of Remote Areas: Experiences and Lessons Learned in the Pantanal Sul-Mato-Grossense Region of Brazil,Brazilian Archives of Biology and Technology,https://doi.org/10.1590/1678-4324-2023210482,salas2023off,""
FRA-05,2,OLIVEIRA; BOURLEGAT (2019),"As 74 pontes de madeira na EPP, que cruzam corixos, rios e vazantes, suportam diversas naturezas de carga, sendo submetidas a enchentes, queimadas e ao desgaste natural pelo uso. A manutenção dessas pontes tem representado gastos constantes aos cofres públicos.",p. 9 (impressa 710),confirmada no PDF,Estrada-Parque Pantanal e comunidades locais na potencialização do turismo e do desenvolvimento sustentável,Revista Brasileira de Ecoturismo (RBEcotur),https://doi.org/10.34024/rbecotur.2019.v12.6719,oliveira2019estrada,""
FRA-05,3,SOUZA et al. (2019),"In Aquidauana, BR419 and MS170 are important unpaved roads into the rural Pantanal region",p. 1,confirmada no PDF,Conspicuous roadside avifauna's seasonal variation in ecotone and wetland environments within the pantanal's Aquidauana Region,Ornitología Neotropical,https://doi.org/10.58843/ornneo.v30i0.422,souza2019conspicuous,""
FRA-05,4,SALAS et al. (2023),The second type was dirt roads covered by native vegetation where no indication of a path.,p. 8,confirmada no PDF,Off-grid Photovoltaic Systems Implementation for Electrification of Remote Areas: Experiences and Lessons Learned in the Pantanal Sul-Mato-Grossense Region of Brazil,Brazilian Archives of Biology and Technology,https://doi.org/10.1590/1678-4324-2023210482,salas2023off,""
FRA-05,5,OLIVEIRA; BOURLEGAT (2019),A manutenção dessas pontes tem representado gastos constantes aos cofres públicos.,p. 9 (impressa 710),confirmada no PDF,Estrada-Parque Pantanal e comunidades locais na potencialização do turismo e do desenvolvimento sustentável,Revista Brasileira de Ecoturismo (RBEcotur),https://doi.org/10.34024/rbecotur.2019.v12.6719,oliveira2019estrada,""
FRA-06,1,SOUZA FILHO (2013),"os estudos ambientais a respeito da divisão de quedas da bacia são raros e os EIAs de cada empreendimento são elaborados abordando um período de tempo muito pequeno para que o conhecimento da variabilidade de longo termo seja seguro. Alem disso, não é incomum a dispensa de realização de EIAs em PCHs.",p. 8-9,não localizada pelo conferidor,As barragens na bacia do rio Paraguai e a possível influência sobre a descarga fluvial e o transporte de sedimentos,Boletim de Geografia,https://doi.org/10.4025/bolgeogr.v31i1.13638,filho2013barragens,""
FRA-06,2,CALHEIROS et al. (2018),"Observa-se que, para a implantação dos empreendimentos, inexiste planejamento na bacia hidrográfica no tocante à questão ecológica, às populações pré-existentes e suas atividades socioeconômicas.",p. 1,confirmada no PDF,Hidrelétricas nos rios formadores do pantanal: ameaças à conservação e às relações socioambientais e econômicas pantaneiras tradicionais,Revista Ibero-Americana de Ciências Ambientais,https://doi.org/10.6008/cbpc2179-6858.2018.001.0009,calheiros2018hidreletricas,""
FRA-06,3,CALHEIROS et al. (2018),responsável pela maior parte da água que supre todo o sistema da Bacia do Alto Paraguai/Pantanal mato- grossense,p. 1,confirmada no PDF,Hidrelétricas nos rios formadores do pantanal: ameaças à conservação e às relações socioambientais e econômicas pantaneiras tradicionais,Revista Ibero-Americana de Ciências Ambientais,https://doi.org/10.6008/cbpc2179-6858.2018.001.0009,calheiros2018hidreletricas,""
FRA-06,4,SOUZA FILHO (2013),Em 2010 existiam 26 Usinas Hidrelétricas e Pequenas Centrais Hidrelétricas em operação,p. 1,confirmada no PDF,As barragens na bacia do rio Paraguai e a possível influência sobre a descarga fluvial e o transporte de sedimentos,Boletim de Geografia,https://doi.org/10.4025/bolgeogr.v31i1.13638,filho2013barragens,""
FRA-07,1,ABRA et al. (2026),"These fences were designed with a height of less than 1.5 m. Over the years, however, they received little or no maintenance. As a result, many sections developed holes and gaps between the bottom of the fence and the ground, while several fence posts had fallen and portions of the mesh were damaged or torn.",p. 4,confirmada no PDF,From roadkill monitoring to evidence-based wildlife mitigation in the Brazilian Pantanal,Global Ecology and Conservation,https://doi.org/10.1016/j.gecco.2026.e04347,abra2026from,""
FRA-07,2,SOUZA et al. (2015),Mitigation measures tied to seasonal flood pulse variation along the causeway may reduce the high rate of wild animal mortality and loss of biodiversity.,p. 1,confirmada no PDF,Spatiotemporal variation in human-wildlife conflicts along highway BR-262 in the Brazilian Pantanal,Wetlands Ecology and Management,https://doi.org/10.1007/s11273-014-9372-4,souza2015spatiotemporal,""
FRA-07,3,SOUZA et al. (2015),"At the lowest elevations, during seasonal wetland inundation the causeway embankment is sought for refuge, increasing collision probability.",p. 1,confirmada no PDF,Spatiotemporal variation in human-wildlife conflicts along highway BR-262 in the Brazilian Pantanal,Wetlands Ecology and Management,https://doi.org/10.1007/s11273-014-9372-4,souza2015spatiotemporal,""
FRA-07,4,SOUZA et al. (2015),"The rate of roadkill incidents was 1 every 6.2 km, a tenfold increase since 2002",p. 1,confirmada no PDF,Spatiotemporal variation in human-wildlife conflicts along highway BR-262 in the Brazilian Pantanal,Wetlands Ecology and Management,https://doi.org/10.1007/s11273-014-9372-4,souza2015spatiotemporal,""
FRA-07,5,SOUZA et al. (2015),"Fischer et al. (2004) reported an eightfold increase in mortality from 1992 to 2002 along 1,350 km of federal roads in the Pantanal region that included BR-262. Calculations based on their reported results indicate an estimated single animal collision every 61 km.",p. 7,confirmada no PDF,Spatiotemporal variation in human-wildlife conflicts along highway BR-262 in the Brazilian Pantanal,Wetlands Ecology and Management,https://doi.org/10.1007/s11273-014-9372-4,souza2015spatiotemporal,""
FRA-08,1,OLIVEIRA et al. (2024),"The rapid reservoirs siltation is a common problem of the enterprises in the region, such as the hydropower plants of Itiquira and Ponte de Pedra and the SHP São Lourenço",p. 10,confirmada no PDF,Isolated and Cumulative Water Quality Effects of two Small Hydropower Plants of a Pantanal Tributary,Revista Brasileira de Ciência Tecnologia e Inovação,https://doi.org/10.18554/rbcti.v9i2.8145,oliveira2024isolated,""
FRA-08,2,FANTIN‐CRUZ et al. (2020),"In fact, since its construction in 2000, the Itiquira reservoir has largely filled in with sediment, as is evident in the satellite imagery.",p. 15,confirmada no PDF,Further Development of Small Hydropower Facilities Will Significantly Reduce Sediment Transport to the Pantanal Wetland of Brazil,Frontiers in Environmental Science,https://doi.org/10.3389/fenvs.2020.577748,fantincruz2020further,""
FRA-08,3,FANTIN‐CRUZ et al. (2020),"Carvalho et al. (2000), using Churchill’s trap efficiency model, estimated a lifetime of only 8–12 years",p. 15,confirmada no PDF,Further Development of Small Hydropower Facilities Will Significantly Reduce Sediment Transport to the Pantanal Wetland of Brazil,Frontiers in Environmental Science,https://doi.org/10.3389/fenvs.2020.577748,fantincruz2020further,""
FRA-08,4,OLIVEIRA et al. (2024),The rapid reservoirs siltation is a common problem of the enterprises in the region,p. 10,confirmada no PDF,Isolated and Cumulative Water Quality Effects of two Small Hydropower Plants of a Pantanal Tributary,Revista Brasileira de Ciência Tecnologia e Inovação,https://doi.org/10.18554/rbcti.v9i2.8145,oliveira2024isolated,""
FRA-08,5,OLIVEIRA et al. (2024),"Changes in river water quality caused by a diversion hydropower dam bordering the Pantanal floodplain. Hydrobiologia (The Hague. Print), v. 768, p. 223-238, 2015b.",p. 13,confirmada no PDF,Isolated and Cumulative Water Quality Effects of two Small Hydropower Plants of a Pantanal Tributary,Revista Brasileira de Ciência Tecnologia e Inovação,https://doi.org/10.18554/rbcti.v9i2.8145,oliveira2024isolated,""
FRA-09,1,OLIVEIRA; BOURLEGAT (2019),"A precariedade da comunicação, sinais de telefonia e internet, também tem sido um fator limitante da atividade turística e dos mecanismos de gestão, assim como os serviços básicos destinados aos moradores das comunidades locais.",p. 9 (impressa 710),confirmada no PDF,Estrada-Parque Pantanal e comunidades locais na potencialização do turismo e do desenvolvimento sustentável,Revista Brasileira de Ecoturismo (RBEcotur),https://doi.org/10.34024/rbecotur.2019.v12.6719,oliveira2019estrada,""
FRA-09,2,SALAS et al. (2023),"due to the lack of telephone coverage, the teams acquired satellite phones, but even so, the communication difficulty remained as a result of the instability of the signal in the region.",p. 10,confirmada no PDF,Off-grid Photovoltaic Systems Implementation for Electrification of Remote Areas: Experiences and Lessons Learned in the Pantanal Sul-Mato-Grossense Region of Brazil,Brazilian Archives of Biology and Technology,https://doi.org/10.1590/1678-4324-2023210482,salas2023off,""
FRA-09,3,SALAS et al. (2023),Another obstacle encountered was the difficulty of technical support due to limited communication. Table 1 shows that this issue affected 67% of the installations.,p. 10,confirmada no PDF,Off-grid Photovoltaic Systems Implementation for Electrification of Remote Areas: Experiences and Lessons Learned in the Pantanal Sul-Mato-Grossense Region of Brazil,Brazilian Archives of Biology and Technology,https://doi.org/10.1590/1678-4324-2023210482,salas2023off,""
FRA-09,4,SALAS et al. (2023),the communication difficulty remained as a result of the instability of the signal in the region,p. 10,confirmada no PDF,Off-grid Photovoltaic Systems Implementation for Electrification of Remote Areas: Experiences and Lessons Learned in the Pantanal Sul-Mato-Grossense Region of Brazil,Brazilian Archives of Biology and Technology,https://doi.org/10.1590/1678-4324-2023210482,salas2023off,""
FRA-09,5,SALAS et al. (2023),Difficulty receiving technical support during commissioning There was no 3G/4G signal for communication. 2G coverage is spatially and temporally limited near to Corumbá city 65%,p. 8,confirmada no PDF,Off-grid Photovoltaic Systems Implementation for Electrification of Remote Areas: Experiences and Lessons Learned in the Pantanal Sul-Mato-Grossense Region of Brazil,Brazilian Archives of Biology and Technology,https://doi.org/10.1590/1678-4324-2023210482,salas2023off,""
FRA-10,1,PEREIRA et al. (2022),"The number of unoccupied buildings is relatively high and reflects the range of difficulties for human life in these regions due to several factors, including the problems of inaccessibility and mobility, unavailability of consumer goods, limited access to health services and education, and lack of electricity and basic sanitation.",p. 2,confirmada no PDF,Quasi-dynamic operation and maintenance plan for photovoltaic systems in remote areas: The framework of Pantanal-MS,Renewable Energy,https://doi.org/10.1016/j.renene.2021.08.119,pereira2022quasi,""
FRA-10,2,OLIVEIRA; BOURLEGAT (2019),"Na maioria das residências, o consumo de água é proveniente do rio Miranda. A água é bombeada para as caixas d’água e ali tratada com cloro. Como inexiste serviço de saneamento básico, os dejetos são lançados in natura no rio por parte das habitações.",p. 11 (impressa 712),confirmada no PDF,Estrada-Parque Pantanal e comunidades locais na potencialização do turismo e do desenvolvimento sustentável,Revista Brasileira de Ecoturismo (RBEcotur),https://doi.org/10.34024/rbecotur.2019.v12.6719,oliveira2019estrada,""
FRA-10,3,OLIVEIRA; BOURLEGAT (2019),"Como inexiste serviço de saneamento básico, os dejetos são lançados in natura no rio por parte das habitações. A coleta de lixo é realizada uma vez por semana pela prefeitura de Corumbá.",p. 11 (impressa 712),confirmada no PDF,Estrada-Parque Pantanal e comunidades locais na potencialização do turismo e do desenvolvimento sustentável,Revista Brasileira de Ecoturismo (RBEcotur),https://doi.org/10.34024/rbecotur.2019.v12.6719,oliveira2019estrada,""
FRA-10,4,OLIVEIRA; BOURLEGAT (2019),"A coleta de lixo só foi disponibilizada, mediante Termo de Ajustamento de Conduta firmado entre o Ministério Público Federal do estado de Mato Grosso do Sul e Prefeitura de Corumbá.",p. 12 (impressa 713),confirmada no PDF,Estrada-Parque Pantanal e comunidades locais na potencialização do turismo e do desenvolvimento sustentável,Revista Brasileira de Ecoturismo (RBEcotur),https://doi.org/10.34024/rbecotur.2019.v12.6719,oliveira2019estrada,""
FRA-10,5,OLIVEIRA; BOURLEGAT (2019),Essa coletividade do Porto da Manga também não usufrui de infraestrutura adequada de saneamento básico e nem para oferta de água potável.,p. 12 (impressa 713),confirmada no PDF,Estrada-Parque Pantanal e comunidades locais na potencialização do turismo e do desenvolvimento sustentável,Revista Brasileira de Ecoturismo (RBEcotur),https://doi.org/10.34024/rbecotur.2019.v12.6719,oliveira2019estrada,""
AME-01,1,CALHEIROS et al. (2018),"Há 116 empreendimentos que estão em processo de análise atualmente, em especial no Pantanal Norte, em Mato Grosso, responsável pelo suprimento da maior parte da água de todo o sistema Bacia do Alto Paraguai/Pantanal mato-grossense.",p. 2,confirmada no PDF,Hidrelétricas nos rios formadores do pantanal: ameaças à conservação e às relações socioambientais e econômicas pantaneiras tradicionais,Revista Ibero-Americana de Ciências Ambientais,https://doi.org/10.6008/cbpc2179-6858.2018.001.0009,calheiros2018hidreletricas,""
AME-01,2,POMPEU (2025),"the influence of small hydropower to Pantanal´s surface water cover is relatively low and relatively stable up to 35,000 kW. This is apparently a tipping point at which more dams could affect the Pantanal even more negatively",p. 9,confirmada no PDF,Cross-Boundary Drivers of Water Cover Reduction in the Pantanal Wetland and Implications for its Conservation,Wetlands,https://doi.org/10.1007/s13157-025-01916-w,pompeu2025cross,""
AME-01,3,CAMPOS; PEDROLLO (2023),"6 cascade SHPs are being considered for this river. These facilities are relatively close to the beginning of the Pantanal wetland, and therefore, would cause a high reduction in the SSC that enters the wetland",p. 14,confirmada no PDF,Modelling and assessing how small hydropower facilities affect sediment transport by using fuzzy inference systems,Journal of Hydrology,https://doi.org/10.1016/j.jhydrol.2023.129374,campos2023modelling,""
AME-01,4,OLIVEIRA et al. (2024),"The proliferation of hydropower plants in the Pantanal, recognized as the largest floodplain on Earth (Junk; Cunha, 2005), presents significant environmental challenges.",p. 2,confirmada no PDF,Isolated and Cumulative Water Quality Effects of two Small Hydropower Plants of a Pantanal Tributary,Revista Brasileira de Ciência Tecnologia e Inovação,https://doi.org/10.18554/rbcti.v9i2.8145,oliveira2024isolated,""
AME-01,5,SILVA et al. (2015),"In the whole Upper Paraguay River Basin, there are 44 hydroelectric power plants (UHE) and small hydropower plants (PCH) in operation and 91 more are planned (Fig. 2).",p. 7,confirmada no PDF,"Biodiversity and its drivers and pressures of change in the wetlands of the Upper Paraguay–Guaporé Ecotone, Mato Grosso (Brazil)",Land Use Policy,https://doi.org/10.1016/j.landusepol.2015.04.004,silva2015biodiversity,""
AME-02,1,JARDIM et al. (2020),"Average peak outflows during the years 2003 to 2015 are 64% lower in the altered scenario than in the reference scenario. This result suggests that despite high flows along the main river within the Pantanal (downstream of Cuiabá) are relatively less altered by Manso dam operation, the river-floodplain interaction seems to be severely impacted, at least along the reach between Cuiabá and Barão de Melgaço.",p. 11,confirmada no PDF,A Modeling Assessment of Large-Scale Hydrologic Alteration in South American Pantanal Due to Upstream Dam Operation,Frontiers in Environmental Science,https://doi.org/10.3389/fenvs.2020.567450,jardim2020modeling,""
AME-02,2,JARDIM et al. (2020),"Our results show that Manso dam has a regulation effect that decreases high flows, increases low flows and reduces lateral connectivity. The decrease in high flows is more pronounced in the region upstream of the Pantanal floodplain, but not limited to, while increase in low flows extends into Pantanal.",p. 1,confirmada no PDF,A Modeling Assessment of Large-Scale Hydrologic Alteration in South American Pantanal Due to Upstream Dam Operation,Frontiers in Environmental Science,https://doi.org/10.3389/fenvs.2020.567450,jardim2020modeling,""
AME-02,3,JARDIM et al. (2020),"Our results show that Manso dam has a regulation effect that decreases high flows, increases low flows and reduces lateral connectivity.",p. 1,confirmada no PDF,A Modeling Assessment of Large-Scale Hydrologic Alteration in South American Pantanal Due to Upstream Dam Operation,Frontiers in Environmental Science,https://doi.org/10.3389/fenvs.2020.567450,jardim2020modeling,""
AME-02,4,JARDIM et al. (2020),despite high flows along the main river within the Pantanal (downstream of Cuiabá) are relatively less altered by Manso dam operation,p. 11,confirmada no PDF,A Modeling Assessment of Large-Scale Hydrologic Alteration in South American Pantanal Due to Upstream Dam Operation,Frontiers in Environmental Science,https://doi.org/10.3389/fenvs.2020.567450,jardim2020modeling,""
AME-02,5,JARDIM et al. (2020),"the river-floodplain interaction seems to be severely impacted, at least along the reach between Cuiabá and Barão de Melgaço.",p. 11,confirmada no PDF,A Modeling Assessment of Large-Scale Hydrologic Alteration in South American Pantanal Due to Upstream Dam Operation,Frontiers in Environmental Science,https://doi.org/10.3389/fenvs.2020.567450,jardim2020modeling,""
AME-03,1,OLIVEIRA et al. (2020),"However, model predictions for hydropower facilities that may be built in the future, many on rivers with higher discharge and sediment loads, point to significant reductions in overall TN (8%) and TP (29%) transport, with potential negative consequences for river and floodplain productivity.",p. 1,confirmada no PDF,Further Development of Small Hydropower Facilities May Alter Nutrient Transport to the Pantanal Wetland of Brazil,Frontiers in Environmental Science,https://doi.org/10.3389/fenvs.2020.577793,oliveira2020further,""
AME-03,2,FANTIN‐CRUZ et al. (2020),Comparison of the SSC-discharge relationships for the Cuiabá River before and after construction shows that damming the Manso River reduced suspended sediment transport downstream in the Cuiabá River at the city of Cuiabá by ∼60% (Supplementary Figure S3).,p. 9,confirmada no PDF,Further Development of Small Hydropower Facilities Will Significantly Reduce Sediment Transport to the Pantanal Wetland of Brazil,Frontiers in Environmental Science,https://doi.org/10.3389/fenvs.2020.577748,fantincruz2020further,""
AME-03,3,SOUZA FILHO (2013),"Em 2010 existiam 26 Usinas Hidrelétricas e Pequenas Centrais Hidrelétricas em operação e outras 96 já licenciadas. Quando concluídas, terão influência sobre 44% da descarga afluente do planalto e controlarão 52% da carga sedimentar afluente ao Pantanal.",p. 1,confirmada no PDF,As barragens na bacia do rio Paraguai e a possível influência sobre a descarga fluvial e o transporte de sedimentos,Boletim de Geografia,https://doi.org/10.4025/bolgeogr.v31i1.13638,filho2013barragens,""
AME-03,4,CAMPOS; PEDROLLO (2023),"6 cascade SHPs are being considered for this river. These facilities are relatively close to the beginning of the Pantanal wetland, and therefore, would cause a high reduction in the SSC that enters the wetland",p. 14,confirmada no PDF,Modelling and assessing how small hydropower facilities affect sediment transport by using fuzzy inference systems,Journal of Hydrology,https://doi.org/10.1016/j.jhydrol.2023.129374,campos2023modelling,""
AME-03,5,FANTIN‐CRUZ et al. (2020),"Summing all of the riverine transport rates for inflows into the Pantanal indicates that future hydropower development would result in reductions of 62% of the suspended sediment transport from the uplands to the Pantanal (i.e., from 1.93 to 0.73 Mt y−1).",p. 12,confirmada no PDF,Further Development of Small Hydropower Facilities Will Significantly Reduce Sediment Transport to the Pantanal Wetland of Brazil,Frontiers in Environmental Science,https://doi.org/10.3389/fenvs.2020.577748,fantincruz2020further,""
AME-04,1,CRUZ et al. (2021),"Samples collected upstream and downstream of each set of facilities over a range of flows revealed that the conventional SHP reservoir significantly reduced pH, dissolved oxygen, total iron, suspended solids, and turbidity consistent with observations in many other reservoirs.",resumo,confirmada no resumo indexado,"Water quality impacts of small hydroelectric power plants in a tributary to the Pantanal floodplain, Brazil",River Research and Applications,https://doi.org/10.1002/rra.3766,cruz2021water,""
AME-04,2,OLIVEIRA et al. (2024),"However, the cumulative effect of the cascade system proved to be 15% greater than the sum of the individual effects of each project, indicating that this type of structural design tends to potentiate the individual changes.",p. 12,confirmada no PDF,Isolated and Cumulative Water Quality Effects of two Small Hydropower Plants of a Pantanal Tributary,Revista Brasileira de Ciência Tecnologia e Inovação,https://doi.org/10.18554/rbcti.v9i2.8145,oliveira2024isolated,""
AME-04,3,FIGUEIREDO et al. (2021),revealed differences at sub-daily scales attributable to hydropeaking by the hydropower facilities. Results showed statistically significant sub-daily HA in all 11 reaches containing hydropower facilities in all months.,p. 1 (resumo),confirmada no PDF,Hydropeaking by Small Hydropower Facilities Affects Flow Regimes on Tributaries to the Pantanal Wetland of Brazil,Frontiers in Environmental Science,https://doi.org/10.3389/fenvs.2021.577286,figueiredo2021hydropeaking,""
AME-04,4,OLIVEIRA et al. (2024),"However, the cumulative effect of the cascade system proved to be 15% greater than the sum of the individual effects of each project",p. 12,confirmada no PDF,Isolated and Cumulative Water Quality Effects of two Small Hydropower Plants of a Pantanal Tributary,Revista Brasileira de Ciência Tecnologia e Inovação,https://doi.org/10.18554/rbcti.v9i2.8145,oliveira2024isolated,""
AME-04,5,FIGUEIREDO et al. (2021),The greatest overall HA occurred in the Jauru River reach containing the six hydropower facilities (Jauru Cascade in Table 1: 423%),p. 10,confirmada no PDF,Hydropeaking by Small Hydropower Facilities Affects Flow Regimes on Tributaries to the Pantanal Wetland of Brazil,Frontiers in Environmental Science,https://doi.org/10.3389/fenvs.2021.577286,figueiredo2021hydropeaking,""
AME-05,1,WANTZEN et al. (2024),"Recently (2022−2023), preliminary licenses were issued for the construction of port facilities upriver of the Pantanal near Cáceres (Mato Grosso state) and within the Pantanal at Porto Esperança (Mato Grosso do Sul state).",p. 3,confirmada no PDF (variação de extração),"The end of an entire biome? World's largest wetland, the Pantanal, is menaced by the Hidrovia project which is uncertain to sustainably support large-scale navigation",Science of the Total Environment,https://doi.org/10.1016/j.scitotenv.2023.167751,wantzen2024end,""
AME-05,2,GIRARD et al. (2025),"Estimates have indicated that lowering the channel depth by as little as 25 cm could reduce wetland area by 4000 to 6000 km2 at low and high water, respectively, based on stage-flooded area relationships (Hamilton, 1999).",p. 4,confirmada no PDF,Expansion of fluvial transport of commodities through the Pantanal floodplains of Brazil: Potential impacts and interference by climate change,Conservation Science and Practice,https://doi.org/10.1111/csp2.13126,girard2025expansion,""
AME-05,3,GIRARD et al. (2025),"Just within the Pantanal, 21 critical reaches have been identified, 17 of which are upstream from Corumbá. These critical reaches would be dredged each year to allow navigation",p. 4,confirmada no PDF (variação de extração),Expansion of fluvial transport of commodities through the Pantanal floodplains of Brazil: Potential impacts and interference by climate change,Conservation Science and Practice,https://doi.org/10.1111/csp2.13126,girard2025expansion,""
AME-05,4,GIRARD et al. (2025),"These critical reaches would be dredged each year to allow navigation, maintaining channels 45 m wide and 1.8 m deep with a proposed over-dredging of 0.30 m.",p. 4,confirmada no PDF,Expansion of fluvial transport of commodities through the Pantanal floodplains of Brazil: Potential impacts and interference by climate change,Conservation Science and Practice,https://doi.org/10.1111/csp2.13126,girard2025expansion,""
AME-05,5,WANTZEN et al. (2024),"These river channel alterations would disconnect the river from its floodplain, shorten the inundation period, and shrink the wetland area",p. 2,confirmada no PDF,"The end of an entire biome? World's largest wetland, the Pantanal, is menaced by the Hidrovia project which is uncertain to sustainably support large-scale navigation",Science of the Total Environment,https://doi.org/10.1016/j.scitotenv.2023.167751,wantzen2024end,""
AME-06,1,CALHEIROS et al. (2018),"Os processos de assoreamento são evidentes na bacia do Alto Paraguai e com inúmeros focos de erosão expressivos, sendo os projetos de recuperação praticamente inexistentes, tornando significativamente menor o tempo de vida útil dos reservatórios e resultando em menor lucratividade para o setor; há registros de dragagem nos reservatórios do Sistema Itiquira por duas vezes",p. 14,confirmada no PDF,Hidrelétricas nos rios formadores do pantanal: ameaças à conservação e às relações socioambientais e econômicas pantaneiras tradicionais,Revista Ibero-Americana de Ciências Ambientais,https://doi.org/10.6008/cbpc2179-6858.2018.001.0009,calheiros2018hidreletricas,""
AME-06,2,CAMPOS; PEDROLLO (2023),"Although most of the occurrences indicate null alterations, negative low alterations, with are the second most frequent occurrences, can cause significant loss of sediment and nutrients downstream over time, and represent economic costs for the operation of these dams, which will have problems related to silting.",p. 8,confirmada no PDF,Modelling and assessing how small hydropower facilities affect sediment transport by using fuzzy inference systems,Journal of Hydrology,https://doi.org/10.1016/j.jhydrol.2023.129374,campos2023modelling,""
AME-06,3,FANTIN‐CRUZ et al. (2020),"The Coxim, upper Taquari, and Cuiabá rivers are particularly vulnerable to sediment trapping by future SHPs, which will likely result in serious problems of infilling above the dams.",p. 14,confirmada no PDF,Further Development of Small Hydropower Facilities Will Significantly Reduce Sediment Transport to the Pantanal Wetland of Brazil,Frontiers in Environmental Science,https://doi.org/10.3389/fenvs.2020.577748,fantincruz2020further,""
AME-06,4,CALHEIROS et al. (2018),"Os processos de assoreamento são evidentes na bacia do Alto Paraguai e com inúmeros focos de erosão expressivos, sendo os projetos de recuperação praticamente inexistentes, tornando significativamente menor o tempo de vida útil dos reservatórios e resultando em menor lucratividade para o setor",p. 14,confirmada no PDF,Hidrelétricas nos rios formadores do pantanal: ameaças à conservação e às relações socioambientais e econômicas pantaneiras tradicionais,Revista Ibero-Americana de Ciências Ambientais,https://doi.org/10.6008/cbpc2179-6858.2018.001.0009,calheiros2018hidreletricas,""
AME-06,5,CALHEIROS et al. (2018),"há registros de dragagem nos reservatórios do Sistema Itiquira por duas vezes, a um custo provavelmente elevado.",p. 14,confirmada no PDF,Hidrelétricas nos rios formadores do pantanal: ameaças à conservação e às relações socioambientais e econômicas pantaneiras tradicionais,Revista Ibero-Americana de Ciências Ambientais,https://doi.org/10.6008/cbpc2179-6858.2018.001.0009,calheiros2018hidreletricas,""
AME-07,1,ZANATTA; MACIEL (2020),"O conceito chave de “apagão” foi saturado pelos agentes discursivos (oficiais de governo, mídia, acadêmicos) para justificar a proliferação de empreendimentos hidrelétricos na BAP. E para sequestrar facilidades, como o Programa de Incentivo às Fontes Alternativas de Energia Elétrica (Proinfa)",p. 8,confirmada no PDF,Pantanal ameaçado: as contradições em torno das narrativas para produção de energia hídrica,Revista Brasileira de Meio Ambiente,https://doi.org/10.66205/rvbma.v8i1.275,zanatta2020pantanal,""
AME-07,2,ZANATTA; MACIEL (2021),"em que se oferece um pacote de benefícios para os empreendedores, como o financiamento pelo Banco Nacional de Desenvolvimento Social e Econômico (BNDES) de até 80% do empreendimento",p. 5,confirmada no PDF,Pantanal ameaçado: a construção de represas e a insignificância da energia hídrica produzida,Interações (Campo Grande),https://doi.org/10.20435/inter.v22i2.2811,zanatta2021pantanal,""
AME-07,3,ZANATTA; MACIEL (2021),"empreendimentos hidrelétricos implantados na Bacia e proporcionar facilidades, como as descritas no Programa de Incentivo às Fontes Alternativas de Energia Elétrica (PROINFA)",p. 5,confirmada no PDF,Pantanal ameaçado: a construção de represas e a insignificância da energia hídrica produzida,Interações (Campo Grande),https://doi.org/10.20435/inter.v22i2.2811,zanatta2021pantanal,""
AME-07,4,ZANATTA; MACIEL (2020),"Estes empreendimentos são autorizados a partir do argumento que eles são fontes limpas de geração de energia, causando impactos ambientais insignificantes.",p. 8,confirmada no PDF,Pantanal ameaçado: as contradições em torno das narrativas para produção de energia hídrica,Revista Brasileira de Meio Ambiente,https://doi.org/10.66205/rvbma.v8i1.275,zanatta2020pantanal,""
AME-07,5,ZANATTA; MACIEL (2021),"Ainda que responsáveis por irrisórios 0,24% da produção nacional, são os empreendimentos que mais oferecem ameaças para a BAP.",p. 11,confirmada no PDF,Pantanal ameaçado: a construção de represas e a insignificância da energia hídrica produzida,Interações (Campo Grande),https://doi.org/10.20435/inter.v22i2.2811,zanatta2021pantanal,""
AME-08,1,SOUZA et al. (2015),"Even with these dramatic increases and well publicized deaths of iconic species such as jaguar along BR-262, the Brazilian government plans further road development within the ecosystem and is yet to take action to mitigate these incidents even though monthly traffic along BR-262 more than doubled between 2002 and 2012",p. 3,confirmada no PDF,Spatiotemporal variation in human-wildlife conflicts along highway BR-262 in the Brazilian Pantanal,Wetlands Ecology and Management,https://doi.org/10.1007/s11273-014-9372-4,souza2015spatiotemporal,""
AME-08,2,SOUZA et al. (2019),"The 73 km segment of BR419 supports a community composed of many conspicuous species that could be at greater risk of wildlife-vehicle collisions caused mortality with road improvement, paving, and subsequent increased highway shipping and vehicle speeds.",p. 6,confirmada no PDF,Conspicuous roadside avifauna's seasonal variation in ecotone and wetland environments within the pantanal's Aquidauana Region,Ornitología Neotropical,https://doi.org/10.58843/ornneo.v30i0.422,souza2019conspicuous,""
AME-08,3,CASELLA; PARANHOS FILHO (2013),Roads that are paved increase the interest for agriculture and cattle ranching industries because of the easy transportation of products and agents for deforestation,p. 7,confirmada no PDF,The influence of highway BR262 on the loss of cerrado vegetation cover in southwestern Brazil,Oecologia Australis,https://doi.org/10.4257/oeco.2013.1701.07,casella2013influence,""
AME-08,4,SOUZA et al. (2015),the Brazilian government plans further road development within the ecosystem and is yet to take action to mitigate these incidents even though monthly traffic along BR-262 more than doubled between 2002 and 2012,p. 3,confirmada no PDF,Spatiotemporal variation in human-wildlife conflicts along highway BR-262 in the Brazilian Pantanal,Wetlands Ecology and Management,https://doi.org/10.1007/s11273-014-9372-4,souza2015spatiotemporal,""
AME-08,5,SOUZA et al. (2019),"could be at greater risk of wildlife-vehicle collisions caused mortality with road improvement, paving, and subsequent increased highway shipping and vehicle speeds.",p. 6,confirmada no PDF,Conspicuous roadside avifauna's seasonal variation in ecotone and wetland environments within the pantanal's Aquidauana Region,Ornitología Neotropical,https://doi.org/10.58843/ornneo.v30i0.422,souza2019conspicuous,""
AME-09,1,WANTZEN et al. (2024),"As noted above, the navigable sector downriver of Corumbá was impassable for long periods during the dry seasons of 2019–2022. To compensate for the cessation of river transport, the transport of minerals and grains shifted more to the BR-262 highway, where it damaged public infrastructure, making expensive repair necessary.",p. 6,confirmada no PDF (variação de extração),"The end of an entire biome? World's largest wetland, the Pantanal, is menaced by the Hidrovia project which is uncertain to sustainably support large-scale navigation",Science of the Total Environment,https://doi.org/10.1016/j.scitotenv.2023.167751,wantzen2024end,""
AME-09,2,WANTZEN et al. (2024),"the navigable sector downriver of Corumbá was impassable for long periods during the dry seasons of 2019–2022. To compensate for the cessation of river transport, the transport of minerals and grains shifted more to the BR-262 highway, where it damaged public infrastructure, making expensive repair necessary.",p. 6,confirmada no PDF (variação de extração),"The end of an entire biome? World's largest wetland, the Pantanal, is menaced by the Hidrovia project which is uncertain to sustainably support large-scale navigation",Science of the Total Environment,https://doi.org/10.1016/j.scitotenv.2023.167751,wantzen2024end,""
AME-10,1,SCHULZ et al. (2018),"Overall, 64.4% of respondents were opposed to the waterway and 33.6% were in favour (while 0.3% refused to answer and 1.7% did not know), which is in itself an interesting result with clear policy relevance.",p. 8,confirmada no PDF,Value landscapes and their impact on public water policy preferences,Global Environmental Change,https://doi.org/10.1016/j.gloenvcha.2018.09.015,schulz2018value,""
AME-10,2,SCHULZ et al. (2018),"Overall, 64.4% of respondents were opposed to the waterway and 33.6% were in favour",p. 8,confirmada no PDF,Value landscapes and their impact on public water policy preferences,Global Environmental Change,https://doi.org/10.1016/j.gloenvcha.2018.09.015,schulz2018value,""
AME-10,3,SCHULZ et al. (2018),"survey data collected in a representative household survey in the Upper Paraguay River Basin, Mato Grosso, between April and June 2016",p. 2,confirmada no PDF,Value landscapes and their impact on public water policy preferences,Global Environmental Change,https://doi.org/10.1016/j.gloenvcha.2018.09.015,schulz2018value,""
AME-10,4,SCHULZ et al. (2018),for or against the construction of the highly controversial Paraguay-Paraná Waterway across the Pantanal wetland,p. 1,confirmada no PDF,Value landscapes and their impact on public water policy preferences,Global Environmental Change,https://doi.org/10.1016/j.gloenvcha.2018.09.015,schulz2018value,""
AME-10,5,SCHULZ et al. (2018),"household survey in the Upper Paraguay River Basin, Mato Grosso, Brazil (n = 1067)",p. 1,confirmada no PDF,Value landscapes and their impact on public water policy preferences,Global Environmental Change,https://doi.org/10.1016/j.gloenvcha.2018.09.015,schulz2018value,""
