dimensao,arquivo,n_linhas,n_colunas,chave_detectada,chave_unica,anos_min_max,n_municipios_distintos,pct_celulas_na,colunas_na_maior_50pct,colunas,alerta
D1_PESM,d1_agropecuaria.csv,3525,30,id_municipio × ano,True,2000-2024,141,3.84,pesca_valor_brl (52.3%),id_municipio;municipio;grupo;pantanal_norte;ano;pam_valor_producao_brl;pam_area_colhida_ha;pam_n_produtos;rebanho_bovino;rebanho_total;ppm_valor_producao_brl;pevs_valor_brl;pesca_valor_brl;vbp_agro_total_brl;vbp_real_brl;sh_lavoura_vbp_pct;sh_pecuaria_vbp_pct;sh_florestal_vbp_pct;sh_pesca_vbp_pct;hhi_vbp;diversificacao_vbp;tipologia_agro;part_vbp_mt;area_colhida_por_hab;rebanho_bovino_por_1000_hab;sh_bovinos_rebanho_pct;produtividade_terra;vbp_var_pct;cagr_vbp_real;vbp_por_trabalhador_agro,
D1_PESM,d1_comex.csv,2080,20,id_municipio × ano,True,2000-2025,122,10.37,cagr_exp (54.8%),id_municipio;municipio;grupo;pantanal_norte;ano;exportacoes_fob_usd;exp_peso_kg;exp_n_produtos;exp_n_paises;hhi_exp;diversificacao_exp;sh_industria_exp_pct;sh_agro_exp_pct;importacoes_fob_usd;balanca_comercial_usd;exp_por_peso_usd_kg;part_exp_mt;exp_per_capita_usd;exp_var_pct;cagr_exp,
D1_PESM,d1_credito_rural.csv,1832,20,id_municipio × ano,True,2013-2025,141,2.84,,id_municipio;municipio;grupo;pantanal_norte;ano;credito_rural_brl;n_operacoes;area_financiada_ha;ticket_medio;sh_custeio_pct;sh_investimento_pct;sh_comercializacao_pct;sh_outros_pct;sh_familiar_pct;credito_real_brl;ticket_medio_real;credito_por_ha;n_operacoes_por_1000_hab;var_credito_pct;cagr_credito_rural_real,
D1_PESM,d1_emprego_rais.csv,3500,63,id_municipio × ano,True,2000-2024,141,21.24,remun_pesca_aquicultura (82.2%); remun_silvicultura (55.5%); remun_ind_madeira_papel (59.2%); real_remun_pesca_aquicultura (82.2%); real_remun_silvicultura (55.5%); real_remun_ind_madeira_papel (59.2%),id_municipio;municipio;grupo;pantanal_norte;ano;empregos_formais;remuneracao_media;remun_real_media;perc_medio_compl;perc_baixa_instr;perc_superior;perc_feminino;perc_estatutario;perc_micro_pequena;perc_grande_emp;sh_emp_outros;sh_emp_adm_publica;sh_emp_agro_lavoura_pec;sh_emp_alojamento_alimentacao;sh_emp_com_varejo;sh_emp_construcao;sh_emp_financeiro;sh_emp_ind_outras;sh_emp_transporte_logistica;sh_emp_pesca_aquicultura;sh_emp_ind_alimentos;sh_emp_silvicultura;sh_emp_com_atacado;sh_emp_saude;sh_emp_educacao;sh_emp_ind_madeira_papel;remun_outros;remun_adm_publica;remun_agro_lavoura_pec;remun_alojamento_alimentacao;remun_com_varejo;remun_construcao;remun_financeiro;remun_ind_outras;remun_transporte_logistica;remun_pesca_aquicultura;remun_ind_alimentos;remun_silvicultura;remun_com_atacado;remun_saude;remun_educacao;remun_ind_madeira_papel;real_remun_outros;real_remun_adm_publica;real_remun_agro_lavoura_pec;real_remun_alojamento_alimentacao;real_remun_com_varejo;real_remun_construcao;real_remun_financeiro;real_remun_ind_outras;real_remun_transporte_logistica;real_remun_pesca_aquicultura;real_remun_ind_alimentos;real_remun_silvicultura;real_remun_com_atacado;real_remun_saude;real_remun_educacao;real_remun_ind_madeira_papel,
D1_PESM,d1_empresas.csv,2256,16,id_municipio × ano,True,2006-2021,141,0.78,,id_municipio;municipio;grupo;pantanal_norte;ano;numero_empresas;pessoal_ocupado_total;empresas_por_1000_hab;pessoal_por_empresa;part_empresas_mt;var_empresas_pct;var_pessoal_pct;cagr_empresas;cagr_pessoal;razao_formalizacao;pib_real_por_pessoal,
D1_PESM,d1_mercado_trabalho.csv,2678,38,id_municipio × ano,True,2007-2025,141,0.87,,id_municipio;municipio;grupo;pantanal_norte;ano;fonte_caged;admissoes;desligamentos;saldo_anual;saldo_por_1000_hab;admissoes_por_1000_hab;taxa_admissao;taxa_desligamento;taxa_rotatividade;taxa_cresc_emprego;churning_bruto;salario_medio_admitidos;salario_real_admitidos;perc_adm_baixa_instr;perc_adm_medio_compl;perc_adm_superior;indice_qualif_entrada;perc_adm_feminino;amplitude_sazonal;meses_positivos;cv_saldo_mensal;saldo_setor_agro;saldo_setor_industria;saldo_setor_servicos;saldo_setor_publico;adm_setor_agro;adm_setor_industria;adm_setor_servicos;adm_setor_publico;sh_adm_agro;sh_adm_industria;sh_adm_servicos;sh_adm_publico,
D1_PESM,d1_painel_pesm.csv,3102,120,id_municipio × ano,True,2002-2023,141,20.62,importacoes_fob_usd (70.0%); diversificacao_exp (57.3%); cagr_exp (74.5%); credito_por_ha (60.9%); cagr_credito_bancario_real (55.3%); pesca_valor_brl (50.4%); credito_rural_por_vab_agro_pct (59.1%),id_municipio;municipio;grupo;pantanal_norte;ano;pib;vab_agro;vab_industria;vab_servicos;vab_adespss;impostos;pib_real;deflator_2010;sh_agro_pib;sh_ind_pib;sh_serv_pib;sh_adespss_pib;sh_agro_va;sh_ind_va;sh_serv_va;sh_adespss_va;lq_agro;lq_ind;lq_serv;lq_pub;lq_agro_scap;lq_ind_scap;lq_serv_scap;lq_pub_scap;hhi_va;diversificacao_va;tipologia;part_pib_mt;pop_total;pib_pc;pib_real_pc;pib_pc_rel_mt;pib_real_var_pct;cagr_pib_real_2010;vinculos_31dez;pib_por_trabalhador;pib_real_por_trabalhador;exportacoes_fob_usd;importacoes_fob_usd;balanca_comercial_usd;exp_n_produtos;exp_n_paises;exp_per_capita_usd;sh_agro_exp_pct;sh_industria_exp_pct;hhi_exp;diversificacao_exp;part_exp_mt;exp_var_pct;cagr_exp;credito_rural_brl;credito_real_brl;n_operacoes;area_financiada_ha;sh_custeio_pct;sh_investimento_pct;sh_familiar_pct;credito_por_ha;cagr_credito_rural_real;credito_bancario_total;credito_bancario_real_brl;depositos_total;depositos_real_brl;razao_credito_depositos;credito_per_capita;depositos_per_capita;cagr_credito_bancario_real;remuneracao_media;remun_real_media;perc_superior;perc_feminino;perc_micro_pequena;admissoes;desligamentos;saldo_anual;saldo_por_1000_hab;taxa_rotatividade;churning_bruto;taxa_cresc_emprego;salario_real_admitidos;indice_qualif_entrada;perc_adm_feminino;meses_positivos;amplitude_sazonal;saldo_setor_agro;saldo_setor_industria;saldo_setor_servicos;pam_valor_producao_brl;ppm_valor_producao_brl;pevs_valor_brl;pesca_valor_brl;vbp_agro_total_brl;vbp_real_brl;sh_lavoura_vbp_pct;sh_pecuaria_vbp_pct;sh_florestal_vbp_pct;sh_pesca_vbp_pct;hhi_vbp;tipologia_agro;rebanho_bovino;sh_bovinos_rebanho_pct;part_vbp_mt;cagr_vbp_real;vbp_por_trabalhador_agro;numero_empresas;pessoal_ocupado_total;pessoal_por_empresa;empresas_por_1000_hab;part_empresas_mt;cagr_empresas;cagr_pessoal;razao_formalizacao;pib_real_por_pessoal;credito_bancario_por_pib_pct;credito_rural_por_vab_agro_pct,
D1_PESM,d1_pib_vab.csv,3102,50,id_municipio × ano,True,2002-2023,141,5.92,,id_municipio;municipio;grupo;pantanal_norte;ano;pib;vab_agro;vab_industria;vab_servicos;vab_adespss;vab_total;impostos;deflator_2010;pib_real;vab_agro_real;vab_ind_real;vab_serv_real;vab_adespss_real;impostos_real;sh_agro_pib;sh_ind_pib;sh_serv_pib;sh_adespss_pib;sh_impostos_pib;sh_agro_va;sh_ind_va;sh_serv_va;sh_adespss_va;hhi_va;diversificacao_va;tipologia;lq_agro;lq_ind;lq_serv;lq_pub;lq_agro_scap;lq_ind_scap;lq_serv_scap;lq_pub_scap;part_pib_mt;pop_total;pib_pc;pib_real_pc;pib_pc_rel_mt;pib_real_var_pct;cagr_pib_real_periodo;cagr_pib_real_2010;vinculos_31dez;pib_por_trabalhador;pib_real_por_trabalhador,
D1_PESM,d1_sistema_bancario.csv,2051,21,id_municipio × ano,True,2000-2024,93,3.5,,id_municipio;municipio;grupo;pantanal_norte;ano;credito_bancario_total;depositos_poupanca;depositos_prazo;depositos_vista;depositos_total;sh_poupanca_dep_pct;sh_prazo_dep_pct;sh_vista_dep_pct;razao_credito_depositos;credito_real_brl;depositos_real_brl;credito_per_capita;depositos_per_capita;var_credito_pct;var_depositos_pct;cagr_credito_bancario_real,
D2_AEISM,d2_bioeconomia.csv,3500,13,id_municipio × ano,True,2000-2024,141,6.72,especie_aquicola_principal (55.3%),id_municipio;municipio;grupo;subgrupo;pantanal_norte;ano;valor_bioeconomia_brl2024;valor_extrativismo_brl2024;valor_silvicultura_brl2024;valor_aquicultura_brl2024;n_produtos_extrativismo;produto_extrativismo_principal;especie_aquicola_principal,
D2_AEISM,d2_comercio_exterior.csv,1985,16,id_municipio × ano,True,2000-2024,121,1.25,,id_municipio;municipio;grupo;subgrupo;pantanal_norte;ano;valor_exp_fob_usd;valor_imp_fob_usd;balanca_comercial_usd;peso_exp_kg;valor_usd_por_kg_exp;n_produtos_exp;n_destinos_exp;sh4_principal_exp;part_sh4_principal_exp;flag_zpe_caceres,
D2_AEISM,d2_ig_ativos.csv,141,12,id_municipio (estatica),True,,141,0.0,,id_municipio;municipio;grupo;subgrupo;pantanal_norte;ano_referencia_uc_ti;n_ucs;area_uc_ha;n_tis;area_ti_ha;area_protegida_total_ha;flag_cobertura_ig_pantanal,
D2_AEISM,d2_painel_aeism.csv,3525,27,id_municipio × ano,True,2000-2024,141,4.76,,id_municipio;municipio;grupo;subgrupo;pantanal_norte;ano;valor_exp_fob_usd;valor_imp_fob_usd;balanca_comercial_usd;valor_usd_por_kg_exp;n_produtos_exp;n_destinos_exp;part_sh4_principal_exp;flag_zpe_caceres;valor_bioeconomia_brl2024;valor_extrativismo_brl2024;valor_silvicultura_brl2024;valor_aquicultura_brl2024;n_produtos_extrativismo;n_ucs;area_uc_ha;n_tis;area_ti_ha;area_protegida_total_ha;flag_cobertura_ig_pantanal;flag_estatico_uc_ti;flag_estatico_ig,
D3_PSDM,d3_assistencia_social.csv,1692,16,id_municipio × ano,True,2013-2024,141,9.39,n_beneficiarios_bpc (50.1%); perc_pop_bpc (50.1%); valor_total_bpc_real (50.1%),id_municipio;municipio;grupo;subgrupo;pantanal_norte;ano;n_beneficiarios_bf;valor_medio_bf_real;perc_pop_bf;n_beneficiarios_bpc;perc_pop_bpc;total_beneficiarios;perc_pop_total_assist;transf_pc_real;valor_total_bf_real;valor_total_bpc_real,
D3_PSDM,d3_demografico.csv,3645,19,id_municipio × ano,True,2000-2025,141,1.17,,id_municipio;municipio;grupo;subgrupo;pantanal_norte;ano;populacao;cagr_pop_2000_2025;cagr_pop_2010_2025;cagr_pop_2010_2022;pop_total_censo;pop_urbana;pop_rural;taxa_urbanizacao;sh_pop_branca;sh_pop_preta;sh_pop_parda;sh_pop_amarela;sh_pop_indigena,
D3_PSDM,d3_educacao_infraestrutura.csv,2538,25,id_municipio × ano,True,2007-2024,141,8.67,,id_municipio;municipio;grupo;subgrupo;pantanal_norte;ano;n_escolas_total;n_escolas_publicas;perc_agua_pub;perc_energia_pub;perc_esgoto_pub;perc_internet;perc_biblioteca;perc_lab_info;n_docentes;perc_docentes_superior;perc_docentes_especial;tdi_ef_anos_iniciais;tdi_ef_anos_finais;tdi_em;taxa_aprovacao_ef_anos_iniciais;taxa_aprovacao_ef_anos_finais;taxa_abandono_ef_anos_iniciais;taxa_abandono_ef_anos_finais;taxa_abandono_em,
D3_PSDM,d3_educacao_qualidade.csv,1410,38,id_municipio × ano,True,2005-2023,141,46.26,ideb_todos_1_4_ (72.8%); taxa_aprovacao_todos_1_4_ (60.8%); nota_saeb_matematica_todos_1_4_ (72.8%); nota_saeb_lingua_portuguesa_todos_1_4_ (72.8%); media_lp_12ano (80.9%); media_mt_12ano (80.9%); media_lp_4ano (96.5%); media_mt_4ano (96.5%); media_lp_14ano (100.0%); media_mt_14ano (100.0%); perc_nivel_adequado_lp_12ano (80.9%); perc_nivel_adequado_mt_12ano (80.9%); perc_nivel_adequado_lp_4ano (96.5%); perc_nivel_adequado_mt_4ano (96.5%); perc_nivel_adequado_lp_14ano (98.2%); perc_nivel_adequado_mt_14ano (98.2%),id_municipio;municipio;grupo;subgrupo;pantanal_norte;ano;ideb_finais;ideb_iniciais;ideb_todos_1_4_;taxa_aprovacao_finais;taxa_aprovacao_iniciais;taxa_aprovacao_todos_1_4_;nota_saeb_matematica_finais;nota_saeb_matematica_iniciais;nota_saeb_matematica_todos_1_4_;nota_saeb_lingua_portuguesa_finais;nota_saeb_lingua_portuguesa_iniciais;nota_saeb_lingua_portuguesa_todos_1_4_;media_lp_5ano;media_lp_9ano;media_mt_5ano;media_mt_9ano;media_lp_12ano;media_mt_12ano;media_lp_4ano;media_mt_4ano;media_lp_14ano;media_mt_14ano;perc_nivel_adequado_lp_5ano;perc_nivel_adequado_lp_9ano;perc_nivel_adequado_mt_5ano;perc_nivel_adequado_mt_9ano;perc_nivel_adequado_lp_12ano;perc_nivel_adequado_mt_12ano;perc_nivel_adequado_lp_4ano;perc_nivel_adequado_mt_4ano;perc_nivel_adequado_lp_14ano;perc_nivel_adequado_mt_14ano,
D3_PSDM,d3_idhm.csv,512,12,id_municipio × ano,True,1970-2010,141,5.09,,id_municipio;municipio;grupo;subgrupo;pantanal_norte;ano;idhm;classifica_idhm;var_idhm_2000_2010;gini;taxa_pobreza_pct;taxa_ext_pobreza_pct,
D3_PSDM,d3_painel_psdm.csv,3645,43,id_municipio × ano,True,2000-2025,141,45.05,perc_pop_bf (53.6%); perc_pop_bpc (76.8%); transf_pc_real (53.6%); idhm (92.7%); classifica_idhm (92.7%); gini (92.7%); taxa_pobreza_pct (92.7%); taxa_ext_pobreza_pct (92.7%); ideb_iniciais (62.7%); ideb_finais (63.7%); taxa_aprovacao_iniciais (62.0%); taxa_aprovacao_finais (61.9%); perc_docentes_superior (53.6%); n_estabelecimentos (84.5%); n_hospitais (84.5%); n_ubs (84.5%); leitos_totais (84.5%); leitos_sus_total (84.5%); leitos_sus_per_1000 (84.5%); estab_per_10k (84.5%); beneficiarios_ans (92.3%); perc_cobertura_ans (92.3%),id_municipio;municipio;grupo;subgrupo;pantanal_norte;ano;populacao;cagr_pop_2010_2025;cagr_pop_2010_2022;sh_pop_branca;sh_pop_preta;sh_pop_parda;sh_pop_indigena;perc_pop_bf;perc_pop_bpc;transf_pc_real;idhm;classifica_idhm;gini;taxa_pobreza_pct;taxa_ext_pobreza_pct;ideb_iniciais;ideb_finais;taxa_aprovacao_iniciais;taxa_aprovacao_finais;n_escolas_total;perc_internet;perc_docentes_superior;tdi_ef_anos_iniciais;taxa_abandono_ef_anos_iniciais;tmi;tmi_suavizado;perc_cesareas;perc_prenatal_adequado;n_estabelecimentos;n_hospitais;n_ubs;leitos_totais;leitos_sus_total;leitos_sus_per_1000;estab_per_10k;beneficiarios_ans;perc_cobertura_ans,
D3_PSDM,d3_saude_infraestrutura.csv,564,15,id_municipio × ano,True,2010-2023,141,6.67,,id_municipio;municipio;grupo;subgrupo;pantanal_norte;ano;n_estabelecimentos;n_hospitais;n_ubs;leitos_totais;leitos_sus_total;leitos_sus_per_1000;estab_per_10k;beneficiarios_ans;perc_cobertura_ans,
D3_PSDM,d3_saude_mortalidade.csv,3218,17,id_municipio × ano,True,2000-2022,141,1.05,,id_municipio;municipio;grupo;subgrupo;pantanal_norte;ano;n_obitos;obitos_infantis;obitos_causas_ext;n_nascidos_vivos;tmi;tmi_suavizado;taxa_mort_ext_100k;perc_baixo_peso;perc_cesareas;perc_prenatal_adequado;perc_apgar5_baixo,
D4_PAM,d4_areas_protegidas.csv,141,16,id_municipio (estatica),True,,141,0.0,,id_municipio;municipio;grupo;subgrupo;pantanal_norte;ano_referencia_areas;area_municipio_km2;n_ucs;area_uc_ha;area_uc_pi_ha;area_uc_us_ha;perc_territorio_uc;n_tis;area_ti_ha;perc_territorio_ti;perc_territorio_protegido,
D4_PAM,d4_car.csv,141,13,id_municipio (estatica),True,,141,0.0,,id_municipio;municipio;grupo;subgrupo;pantanal_norte;ano_referencia_car;area_municipio_km2;n_imoveis_car;n_imoveis_conformes;perc_imoveis_conformes;area_reserva_legal_ha;perc_arl_sobre_municipio;area_consolidada_ha,
D4_PAM,d4_desmatamento.csv,3384,15,id_municipio × ano,True,2000-2023,141,0.28,,id_municipio;municipio;grupo;subgrupo;pantanal_norte;ano;area_municipio_km2;area_desmatada_acum_km2;perc_desmatado_acum;incremento_desmat_km2;veg_natural_km2;perc_veg_natural_remanescente;desmat_amazonia_km2;desmat_cerrado_km2;desmat_pantanal_km2,
D4_PAM,d4_painel_pam.csv,3384,34,id_municipio × ano,True,2000-2023,141,7.77,frp_medio (95.8%); risco_fogo_medio (95.8%),id_municipio;municipio;grupo;subgrupo;pantanal_norte;ano;area_municipio_km2;area_desmatada_acum_km2;perc_desmatado_acum;incremento_desmat_km2;perc_veg_natural_remanescente;desmat_amazonia_km2;desmat_cerrado_km2;desmat_pantanal_km2;n_focos;densidade_focos_por_1000km2;frp_medio;risco_fogo_medio;perc_natural;perc_agropecuaria;perc_urbano;perc_agua;taxa_antropizacao;n_ucs;perc_territorio_uc;n_tis;perc_territorio_ti;perc_territorio_protegido;n_imoveis_car;perc_imoveis_conformes;area_reserva_legal_ha;perc_arl_sobre_municipio;flag_estatico_areas_protegidas;flag_estatico_car,
D4_PAM,d4_queimadas.csv,3076,11,id_municipio × ano,True,2003-2024,141,16.51,frp_medio (90.8%); risco_fogo_medio (90.8%),id_municipio;municipio;grupo;subgrupo;pantanal_norte;ano;n_focos;densidade_focos_por_1000km2;frp_medio;risco_fogo_medio;area_municipio_km2,
D4_PAM,d4_uso_terra.csv,3102,16,id_municipio × ano,True,2000-2021,141,0.0,,id_municipio;municipio;grupo;subgrupo;pantanal_norte;ano;area_total_mapbiomas_km2;area_natural_km2;area_agropecuaria_km2;area_urbano_km2;area_agua_km2;perc_natural;perc_agropecuaria;perc_urbano;perc_agua;taxa_antropizacao,
D5_PIM,d5_energia.csv,141,25,id_municipio (estatica),True,,141,0.0,,id_municipio;municipio;grupo;subgrupo;pantanal_norte;ano_referencia_energia;populacao;consumo_total_kwh;consumo_per_capita_kwh;n_consumidores;consumo_residencial_kwh;consumo_industrial_kwh;consumo_comercial_kwh;consumo_rural_kwh;consumo_poder_publico_kwh;consumo_servico_publico_kwh;consumo_iluminacao_publica_kwh;sh_consumo_residencial;sh_consumo_industrial;sh_consumo_comercial;sh_consumo_rural;ano_referencia_acesso;domicilios_total;domicilios_com_energia;perc_domic_com_energia,
D5_PIM,d5_painel_pim.csv,3807,24,id_municipio × ano,True,1996-2022,141,12.75,idx_coleta_esgoto (86.4%); idx_trat_esgoto (86.2%),id_municipio;municipio;grupo;subgrupo;pantanal_norte;ano;idx_atend_agua_total;idx_atend_agua_urb;idx_coleta_esgoto;idx_trat_esgoto;idx_perda_distrib;consumo_total_kwh;consumo_per_capita_kwh;sh_consumo_residencial;sh_consumo_industrial;sh_consumo_comercial;sh_consumo_rural;perc_domic_com_energia;km_total;perc_pavimentado;densidade_km_por_100km2;densidade_km_por_1000hab;flag_snapshot_energia;flag_estatico_rodovias,
D5_PIM,d5_rodovias.csv,141,16,id_municipio (estatica),True,,141,0.0,,id_municipio;municipio;grupo;subgrupo;pantanal_norte;area_municipio_km2;populacao;km_total;km_pavimentado;perc_pavimentado;km_arterial;km_expressa;km_coletora;n_segmentos;densidade_km_por_100km2;densidade_km_por_1000hab,
D5_PIM,d5_saneamento.csv,2390,15,id_municipio × ano,True,1996-2022,141,23.63,idx_coleta_esgoto (78.3%); idx_trat_esgoto (78.1%); extensao_rede_esgoto_km (76.8%); pop_atendida_esgoto (76.6%),id_municipio;municipio;grupo;subgrupo;pantanal_norte;ano;idx_atend_agua_total;idx_atend_agua_urb;idx_coleta_esgoto;idx_trat_esgoto;idx_perda_distrib;extensao_rede_agua_km;extensao_rede_esgoto_km;pop_atendida_agua;pop_atendida_esgoto,
D6_PGPM,d6_financas.csv,4407,26,id_municipio × ano,True,1989-2023,141,31.07,despesa_total_real (65.7%); despesa_pc_real (65.7%); desp_saude_real (65.7%); desp_saude_pc_real (65.7%); perc_desp_saude (65.7%); desp_educacao_real (65.7%); desp_educacao_pc_real (65.7%); perc_desp_educacao (65.7%); despesa_total_nom (65.7%),id_municipio;municipio;grupo;subgrupo;pantanal_norte;ano;populacao;receita_total_real;receita_pc_real;receita_propria_real;receita_propria_pc_real;autonomia_fiscal_pct;fpm_real;fpm_pc_real;dep_fpm_pct;dep_transferencias_pct;despesa_total_real;despesa_pc_real;desp_saude_real;desp_saude_pc_real;perc_desp_saude;desp_educacao_real;desp_educacao_pc_real;perc_desp_educacao;receita_total_nom;despesa_total_nom,
D6_PGPM,d6_ifdm.csv,1551,16,id_municipio × ano,True,2013-2023,141,0.0,,id_municipio;municipio;grupo;subgrupo;pantanal_norte;ano;ifdm_geral;ifdm_emprego_renda;ifdm_educacao;ifdm_saude;classifica_ifdm;geral_rank_uf;emprego_renda_rank_uf;educacao_rank_uf;saude_rank_uf;geral_rank_br,
D6_PGPM,d6_painel_pgpm.csv,3384,28,id_municipio × ano,True,2000-2023,141,26.27,despesa_total_real (55.3%); despesa_pc_real (55.3%); desp_saude_pc_real (55.3%); perc_desp_saude (55.3%); desp_educacao_pc_real (55.3%); perc_desp_educacao (55.3%); ifdm_geral (54.2%); ifdm_emprego_renda (54.2%); ifdm_educacao (54.2%); ifdm_saude (54.2%); classifica_ifdm (54.2%); geral_rank_uf (54.2%),id_municipio;municipio;grupo;subgrupo;pantanal_norte;ano;populacao;receita_total_real;receita_pc_real;receita_propria_real;receita_propria_pc_real;autonomia_fiscal_pct;fpm_real;fpm_pc_real;dep_fpm_pct;dep_transferencias_pct;despesa_total_real;despesa_pc_real;desp_saude_pc_real;perc_desp_saude;desp_educacao_pc_real;perc_desp_educacao;ifdm_geral;ifdm_emprego_renda;ifdm_educacao;ifdm_saude;classifica_ifdm;geral_rank_uf,
painel_mestre,municipios_ref.csv,141,4,id_municipio (estatica),True,,141,0.0,,id_municipio;municipio;grupo;pantanal_norte,
painel_mestre,painel_municipios_mt.csv,3645,24,id_municipio × ano,True,2000-2025,141,37.89,idhm (92.7%); adh_idhm_r (92.7%); adh_idhm_l (92.7%); adh_idhm_e (92.7%); gini (92.7%); taxa_pobreza_pct (92.7%); taxa_ext_pobreza_pct (92.7%),id_municipio;municipio;grupo;pantanal_norte;ano;populacao;pib;vab_agro;vab_industria;vab_servicos;exportacoes_fob_usd;credito_rural_brl;n_operacoes_credito;idhm;adh_idhm_r;adh_idhm_l;adh_idhm_e;gini;taxa_pobreza_pct;taxa_ext_pobreza_pct;desmatado_km2;vegetacao_natural_km2;area_total_km2;perc_desmatado,
painel_mestre,painel_pantanal_norte.csv,337,24,id_municipio × ano,True,2000-2025,13,38.16,exportacoes_fob_usd (53.4%); idhm (92.6%); adh_idhm_r (92.6%); adh_idhm_l (92.6%); adh_idhm_e (92.6%); gini (92.6%); taxa_pobreza_pct (92.6%); taxa_ext_pobreza_pct (92.6%),id_municipio;municipio;grupo;pantanal_norte;ano;populacao;pib;vab_agro;vab_industria;vab_servicos;exportacoes_fob_usd;credito_rural_brl;n_operacoes_credito;idhm;adh_idhm_r;adh_idhm_l;adh_idhm_e;gini;taxa_pobreza_pct;taxa_ext_pobreza_pct;desmatado_km2;vegetacao_natural_km2;area_total_km2;perc_desmatado,
