id_municipio,municipio,grupo,subgrupo,pantanal_norte,ano_referencia_uc_ti,n_ucs,area_uc_ha,n_tis,area_ti_ha,area_protegida_total_ha,flag_cobertura_ig_pantanal
5100102,Acorizal,resto_mt,Demais MT,FALSE,2019,0,0,0,0,0,FALSE
5100201,Água Boa,resto_mt,Demais MT,FALSE,2019,0,0,2,1255.8228213609386,1255.8228213609386,FALSE
5100250,Alta Floresta,resto_mt,Demais MT,FALSE,2019,2,13032.551107833684,0,0,13032.551107833684,FALSE
5100300,Alto Araguaia,resto_mt,Demais MT,FALSE,2019,0,0,0,0,0,FALSE
5100359,Alto Boa Vista,resto_mt,Demais MT,FALSE,2019,0,0,1,117234.26562039174,117234.26562039174,FALSE
5100409,Alto Garças,resto_mt,Demais MT,FALSE,2019,0,0,0,0,0,FALSE
5100508,Alto Paraguai,resto_mt,Demais MT,FALSE,2019,1,42305.42439293897,1,79.24754791738135,42384.67194085635,FALSE
5100607,Alto Taquari,resto_mt,Demais MT,FALSE,2019,1,163.2024110604711,0,0,163.2024110604711,FALSE
5100805,Apiacás,resto_mt,Demais MT,FALSE,2019,3,988920.2620073142,2,1457910.128402046,2446830.39040936,FALSE
5101001,Araguaiana,resto_mt,Demais MT,FALSE,2019,1,855.8705090976625,0,0,855.8705090976625,FALSE
5101209,Araguainha,resto_mt,Demais MT,FALSE,2019,0,0,0,0,0,FALSE
5101258,Araputanga,resto_mt,Demais MT,FALSE,2019,0,0,0,0,0,FALSE
5101308,Arenápolis,resto_mt,Demais MT,FALSE,2019,0,0,0,0,0,FALSE
5101407,Aripuanã,resto_mt,Demais MT,FALSE,2019,2,44950.23120217756,6,653456.5755632805,698406.8067654581,FALSE
5101605,Barão de Melgaço,pantanal_norte,Pantanal-13,TRUE,2019,2,47368.0042583568,2,30045.3569158589,77413.36117421571,TRUE
5101704,Barra do Bugres,resto_mt,Demais MT,FALSE,2019,0,0,2,31624.571001261927,31624.571001261927,FALSE
5101803,Barra do Garças,resto_mt,Demais MT,FALSE,2019,1,10159.826100495791,2,199608.22223962136,209768.04834011715,FALSE
5101852,Bom Jesus do Araguaia,resto_mt,Demais MT,FALSE,2019,0,0,1,8490.424461322462,8490.424461322462,FALSE
5101902,Brasnorte,resto_mt,Demais MT,FALSE,2019,0,0,9,569548.1595241664,569548.1595241664,FALSE
5102504,Cáceres,pantanal_norte,Pantanal-13,TRUE,2019,4,117221.90784840264,1,105.71118274488748,117327.61903114752,TRUE
5102603,Campinápolis,resto_mt,Demais MT,FALSE,2019,1,1.7163556882865727,3,233162.92234010078,233164.63869578906,FALSE
5102637,Campo Novo do Parecis,resto_mt,Demais MT,FALSE,2019,0,0,4,279082.5554181304,279082.5554181304,FALSE
5102678,Campo Verde,resto_mt,Demais MT,FALSE,2019,1,3976.9972706698895,0,0,3976.9972706698895,FALSE
5102686,Campos de Júlio,resto_mt,Demais MT,FALSE,2019,0,0,4,20697.988397063993,20697.988397063993,FALSE
5102694,Canabrava do Norte,resto_mt,Demais MT,FALSE,2019,0,0,1,5351.0436530752895,5351.0436530752895,FALSE
5102702,Canarana,resto_mt,Demais MT,FALSE,2019,0,0,4,231115.1901891882,231115.1901891882,FALSE
5102793,Carlinda,resto_mt,Demais MT,FALSE,2019,0,0,0,0,0,FALSE
5102850,Castanheira,resto_mt,Demais MT,FALSE,2019,0,0,2,17.41748654919453,17.41748654919453,FALSE
5103007,Chapada dos Guimarães,resto_mt,Demais MT,FALSE,2019,3,152973.54309250566,0,0,152973.54309250566,FALSE
5103056,Cláudia,resto_mt,Demais MT,FALSE,2019,1,20.96194853681326,0,0,20.96194853681326,FALSE
5103106,Cocalinho,resto_mt,Demais MT,FALSE,2019,3,285276.38004557055,5,146929.93780458235,432206.3178501529,FALSE
5103205,Colíder,resto_mt,Demais MT,FALSE,2019,1,13.537448285293578,0,0,13.537448285293578,FALSE
5103254,Colniza,resto_mt,Demais MT,FALSE,2019,11,383138.7784907495,3,709872.2878730339,1093011.0663637833,FALSE
5103304,Comodoro,resto_mt,Demais MT,FALSE,2019,0,0,5,1363391.9097840309,1363391.9097840309,FALSE
5103353,Confresa,resto_mt,Demais MT,FALSE,2019,0,0,1,22238.607180067444,22238.607180067444,FALSE
5103361,Conquista D'Oeste,resto_mt,Demais MT,FALSE,2019,0,0,5,125981.54759650948,125981.54759650948,FALSE
5103379,Cotriguaçu,resto_mt,Demais MT,FALSE,2019,5,255715.9437052371,2,169438.93615491,425154.87986014714,FALSE
5103403,Cuiabá,polo_metropolitano,Polo Metropolitano,FALSE,2019,8,209678.091375278,1,2.4160551905632017,209680.50743046854,FALSE
5103437,Curvelândia,pantanal_norte,Pantanal-13,TRUE,2019,0,0,0,0,0,TRUE
5103452,Denise,resto_mt,Demais MT,FALSE,2019,0,0,1,3.587403088842053,3.587403088842053,FALSE
5103502,Diamantino,resto_mt,Demais MT,FALSE,2019,1,28594.879450475197,2,2722.4856221069535,31317.36507258215,FALSE
5103601,Dom Aquino,resto_mt,Demais MT,FALSE,2019,0,0,0,0,0,FALSE
5103700,Feliz Natal,resto_mt,Demais MT,FALSE,2019,0,0,1,521818.83440551226,521818.83440551226,FALSE
5103809,Figueirópolis D'Oeste,resto_mt,Demais MT,FALSE,2019,0,0,0,0,0,FALSE
5103858,Gaúcha do Norte,resto_mt,Demais MT,FALSE,2019,0,0,4,827752.9592386618,827752.9592386618,FALSE
5103908,General Carneiro,resto_mt,Demais MT,FALSE,2019,0,0,3,95797.85751174258,95797.85751174258,FALSE
5103957,Glória D'Oeste,pantanal_norte,Pantanal-13,TRUE,2019,0,0,0,0,0,TRUE
5104104,Guarantã do Norte,resto_mt,Demais MT,FALSE,2019,0,0,1,58600.361027596045,58600.361027596045,FALSE
5104203,Guiratinga,resto_mt,Demais MT,FALSE,2019,0,0,0,0,0,FALSE
5104500,Indiavaí,resto_mt,Demais MT,FALSE,2019,0,0,0,0,0,FALSE
5104526,Ipiranga do Norte,resto_mt,Demais MT,FALSE,2019,0,0,0,0,0,FALSE
5104542,Itanhangá,resto_mt,Demais MT,FALSE,2019,0,0,0,0,0,FALSE
5104559,Itaúba,resto_mt,Demais MT,FALSE,2019,0,0,0,0,0,FALSE
5104609,Itiquira,pantanal_norte,Pantanal-13,TRUE,2019,0,0,0,0,0,TRUE
5104807,Jaciara,resto_mt,Demais MT,FALSE,2019,0,0,0,0,0,FALSE
5104906,Jangada,resto_mt,Demais MT,FALSE,2019,0,0,0,0,0,FALSE
5105002,Jauru,resto_mt,Demais MT,FALSE,2019,0,0,0,0,0,FALSE
5105101,Juara,resto_mt,Demais MT,FALSE,2019,0,0,4,268883.4216348353,268883.4216348353,FALSE
5105150,Juína,resto_mt,Demais MT,FALSE,2019,0,0,7,1622268.8211382786,1622268.8211382786,FALSE
5105176,Juruena,resto_mt,Demais MT,FALSE,2019,0,0,0,0,0,FALSE
5105200,Juscimeira,pantanal_norte,Pantanal-13,TRUE,2019,0,0,1,21.34295812191814,21.34295812191814,TRUE
5105234,Lambari D'Oeste,pantanal_norte,Pantanal-13,TRUE,2019,0,0,0,0,0,TRUE
5105259,Lucas do Rio Verde,resto_mt,Demais MT,FALSE,2019,0,0,0,0,0,FALSE
5105309,Luciara,resto_mt,Demais MT,FALSE,2019,0,0,5,34853.40259953669,34853.40259953669,FALSE
5105507,Vila Bela da Santíssima Trindade,resto_mt,Demais MT,FALSE,2019,1,158501.54582240363,3,17726.467994619365,176228.013817023,FALSE
5105580,Marcelândia,resto_mt,Demais MT,FALSE,2019,1,14.358674893081188,2,143550.11801478235,143564.47668967542,FALSE
5105606,Matupá,resto_mt,Demais MT,FALSE,2019,0,0,3,107218.23565422323,107218.23565422323,FALSE
5105622,Mirassol D'Oeste,pantanal_norte,Pantanal-13,TRUE,2019,0,0,0,0,0,TRUE
5105903,Nobres,resto_mt,Demais MT,FALSE,2019,3,79701.65848306716,1,35024.744345678046,114726.40282874521,FALSE
5106000,Nortelândia,resto_mt,Demais MT,FALSE,2019,0,0,0,0,0,FALSE
5106109,Nossa Senhora do Livramento,pantanal_norte,Pantanal-13,TRUE,2019,0,0,0,0,0,TRUE
5106158,Nova Bandeirantes,resto_mt,Demais MT,FALSE,2019,1,61824.749328161706,1,314.2000892765467,62138.949417438256,FALSE
5106174,Nova Nazaré,resto_mt,Demais MT,FALSE,2019,0,0,3,180472.53684594107,180472.53684594107,FALSE
5106182,Nova Lacerda,resto_mt,Demais MT,FALSE,2019,0,0,6,80905.75593479206,80905.75593479206,FALSE
5106190,Nova Santa Helena,resto_mt,Demais MT,FALSE,2019,0,0,0,0,0,FALSE
5106208,Nova Brasilândia,resto_mt,Demais MT,FALSE,2019,1,78615.88715808943,0,0,78615.88715808943,FALSE
5106216,Nova Canaã do Norte,resto_mt,Demais MT,FALSE,2019,0,0,1,1298.7996632849693,1298.7996632849693,FALSE
5106224,Nova Mutum,resto_mt,Demais MT,FALSE,2019,0,0,1,134.28090784645082,134.28090784645082,FALSE
5106232,Nova Olímpia,resto_mt,Demais MT,FALSE,2019,0,0,0,0,0,FALSE
5106240,Nova Ubiratã,resto_mt,Demais MT,FALSE,2019,1,102738.08076028634,1,29357.508457383727,132095.58921767006,FALSE
5106257,Nova Xavantina,resto_mt,Demais MT,FALSE,2019,0,0,3,3881.2888259997044,3881.2888259997044,FALSE
5106265,Novo Mundo,resto_mt,Demais MT,FALSE,2019,3,49786.805374217285,0,0,49786.805374217285,FALSE
5106273,Novo Horizonte do Norte,resto_mt,Demais MT,FALSE,2019,0,0,0,0,0,FALSE
5106281,Novo São Joaquim,resto_mt,Demais MT,FALSE,2019,0,0,2,11843.615205280083,11843.615205280083,FALSE
5106299,Paranaíta,resto_mt,Demais MT,FALSE,2019,0,0,1,0.19129727247655393,0.19129727247655393,FALSE
5106307,Paranatinga,resto_mt,Demais MT,FALSE,2019,2,3595.005320004054,5,405279.2313098681,408874.2366298722,FALSE
5106315,Novo Santo Antônio,resto_mt,Demais MT,FALSE,2019,3,248827.17731314525,1,0.02986133083738386,248827.2071744761,FALSE
5106372,Pedra Preta,resto_mt,Demais MT,FALSE,2019,0,0,1,11.0043467288699,11.0043467288699,FALSE
5106422,Peixoto de Azevedo,resto_mt,Demais MT,FALSE,2019,0,0,4,625355.5997723286,625355.5997723286,FALSE
5106455,Planalto da Serra,resto_mt,Demais MT,FALSE,2019,1,86.89704730388438,1,1725.421222050861,1812.3182693547453,FALSE
5106505,Poconé,pantanal_norte,Pantanal-13,TRUE,2019,3,196689.42687653343,2,17.56223798253513,196706.98911451595,TRUE
5106653,Pontal do Araguaia,resto_mt,Demais MT,FALSE,2019,0,0,0,0,0,FALSE
5106703,Ponte Branca,resto_mt,Demais MT,FALSE,2019,0,0,0,0,0,FALSE
5106752,Pontes e Lacerda,resto_mt,Demais MT,FALSE,2019,1,87971.63091894242,2,12572.064650025224,100543.69556896764,FALSE
5106778,Porto Alegre do Norte,resto_mt,Demais MT,FALSE,2019,0,0,2,67424.38834470054,67424.38834470054,FALSE
5106802,Porto dos Gaúchos,resto_mt,Demais MT,FALSE,2019,0,0,0,0,0,FALSE
5106828,Porto Esperidião,pantanal_norte,Pantanal-13,TRUE,2019,1,32909.88452871342,1,22875.543090230727,55785.427618944144,TRUE
5106851,Porto Estrela,resto_mt,Demais MT,FALSE,2019,1,26506.19155253166,0,0,26506.19155253166,FALSE
5107008,Poxoréu,resto_mt,Demais MT,FALSE,2019,0,0,2,55702.87977197534,55702.87977197534,FALSE
5107040,Primavera do Leste,resto_mt,Demais MT,FALSE,2019,0,0,1,4.493890690786101,4.493890690786101,FALSE
5107065,Querência,resto_mt,Demais MT,FALSE,2019,0,0,2,728950.8762892776,728950.8762892776,FALSE
5107107,São José dos Quatro Marcos,resto_mt,Demais MT,FALSE,2019,0,0,0,0,0,FALSE
5107156,Reserva do Cabaçal,resto_mt,Demais MT,FALSE,2019,0,0,1,28.074762612469936,28.074762612469936,FALSE
5107180,Ribeirão Cascalheira,resto_mt,Demais MT,FALSE,2019,1,20.022136654254886,1,166864.13743645736,166884.15957311162,FALSE
5107198,Ribeirãozinho,resto_mt,Demais MT,FALSE,2019,0,0,0,0,0,FALSE
5107206,Rio Branco,resto_mt,Demais MT,FALSE,2019,0,0,0,0,0,FALSE
5107248,Santa Carmem,resto_mt,Demais MT,FALSE,2019,0,0,0,0,0,FALSE
5107263,Santo Afonso,resto_mt,Demais MT,FALSE,2019,0,0,0,0,0,FALSE
5107297,São José do Povo,resto_mt,Demais MT,FALSE,2019,0,0,0,0,0,FALSE
5107305,São José do Rio Claro,resto_mt,Demais MT,FALSE,2019,0,0,0,0,0,FALSE
5107354,São José do Xingu,resto_mt,Demais MT,FALSE,2019,0,0,2,133149.19133516026,133149.19133516026,FALSE
5107404,São Pedro da Cipa,resto_mt,Demais MT,FALSE,2019,0,0,0,0,0,FALSE
5107578,Rondolândia,resto_mt,Demais MT,FALSE,2019,2,5485.866022122342,7,618011.1808916804,623497.0469138027,FALSE
5107602,Rondonópolis,pantanal_norte,Pantanal-13,TRUE,2019,1,6428.423849748266,1,9533.027352989451,15961.451202737717,TRUE
5107701,Rosário Oeste,resto_mt,Demais MT,FALSE,2019,2,273199.253926834,0,0,273199.253926834,FALSE
5107743,Santa Cruz do Xingu,resto_mt,Demais MT,FALSE,2019,1,95125.59366727,1,55578.77577849729,150704.3694457673,FALSE
5107750,Salto do Céu,resto_mt,Demais MT,FALSE,2019,0,0,0,0,0,FALSE
5107768,Santa Rita do Trivelato,resto_mt,Demais MT,FALSE,2019,2,47603.845810165665,1,698.4307339898705,48302.27654415554,FALSE
5107776,Santa Terezinha,resto_mt,Demais MT,FALSE,2019,0,0,2,119527.87237385519,119527.87237385519,FALSE
5107792,Santo Antônio do Leste,resto_mt,Demais MT,FALSE,2019,0,0,2,51827.84750379597,51827.84750379597,FALSE
5107800,Santo Antônio do Leverger,pantanal_norte,Pantanal-13,TRUE,2019,4,5443.361806212603,1,29004.526384518736,34447.88819073134,TRUE
5107859,São Félix do Araguaia,resto_mt,Demais MT,FALSE,2019,0,0,5,276563.163117548,276563.163117548,FALSE
5107875,Sapezal,resto_mt,Demais MT,FALSE,2019,0,0,6,482505.1181643708,482505.1181643708,FALSE
5107883,Serra Nova Dourada,resto_mt,Demais MT,FALSE,2019,0,0,1,38.789549938964846,38.789549938964846,FALSE
5107909,Sinop,resto_mt,Demais MT,FALSE,2019,2,179.10618134900477,0,0,179.10618134900477,FALSE
5107925,Sorriso,resto_mt,Demais MT,FALSE,2019,2,4714.938640971959,0,0,4714.938640971959,FALSE
5107941,Tabaporã,resto_mt,Demais MT,FALSE,2019,0,0,1,111640.45738188268,111640.45738188268,FALSE
5107958,Tangará da Serra,resto_mt,Demais MT,FALSE,2019,0,0,6,591840.9521210133,591840.9521210133,FALSE
5108006,Tapurah,resto_mt,Demais MT,FALSE,2019,0,0,0,0,0,FALSE
5108055,Terra Nova do Norte,resto_mt,Demais MT,FALSE,2019,1,115.1151249802828,0,0,115.1151249802828,FALSE
5108105,Tesouro,resto_mt,Demais MT,FALSE,2019,0,0,1,30.109514919882827,30.109514919882827,FALSE
5108204,Torixoréu,resto_mt,Demais MT,FALSE,2019,0,0,0,0,0,FALSE
5108303,União do Sul,resto_mt,Demais MT,FALSE,2019,0,0,1,624.9208621102374,624.9208621102374,FALSE
5108352,Vale de São Domingos,resto_mt,Demais MT,FALSE,2019,0,0,1,1.7420873662948608,1.7420873662948608,FALSE
5108402,Várzea Grande,polo_metropolitano,Polo Metropolitano,FALSE,2019,0,0,0,0,0,FALSE
5108501,Vera,resto_mt,Demais MT,FALSE,2019,0,0,0,0,0,FALSE
5108600,Vila Rica,resto_mt,Demais MT,FALSE,2019,0,0,0,0,0,FALSE
5108808,Nova Guarita,resto_mt,Demais MT,FALSE,2019,0,0,0,0,0,FALSE
5108857,Nova Marilândia,resto_mt,Demais MT,FALSE,2019,0,0,0,0,0,FALSE
5108907,Nova Maringá,resto_mt,Demais MT,FALSE,2019,1,519.0150457462788,2,13183.818635499765,13702.833681246044,FALSE
5108956,Nova Monte Verde,resto_mt,Demais MT,FALSE,2019,0,0,0,0,0,FALSE
