id_municipio,municipio,grupo,subgrupo,pantanal_norte,ano_referencia_areas,area_municipio_km2,n_ucs,area_uc_ha,area_uc_pi_ha,area_uc_us_ha,perc_territorio_uc,n_tis,area_ti_ha,perc_territorio_ti,perc_territorio_protegido
5100102,Acorizal,resto_mt,Demais MT,FALSE,2019,1013.82825,0,0,0,0,0,0,0,0,0
5100201,Água Boa,resto_mt,Demais MT,FALSE,2019,7504.70975,0,0,0,0,0,2,1255.8228213609386,0.17,0.17
5100250,Alta Floresta,resto_mt,Demais MT,FALSE,2019,9006.11428,2,13032.551107833684,13027.161556336308,5.389551497375546,1.45,0,0,0,1.45
5100300,Alto Araguaia,resto_mt,Demais MT,FALSE,2019,5504.45764,0,0,0,0,0,0,0,0,0
5100359,Alto Boa Vista,resto_mt,Demais MT,FALSE,2019,2242.55948,0,0,0,0,0,1,117234.26562039174,52.28,52.28
5100409,Alto Garças,resto_mt,Demais MT,FALSE,2019,3773.9521,0,0,0,0,0,0,0,0,0
5100508,Alto Paraguai,resto_mt,Demais MT,FALSE,2019,1851.0719,1,42305.42439293897,0,42305.42439293897,22.85,1,79.24754791738135,0.04,22.9
5100607,Alto Taquari,resto_mt,Demais MT,FALSE,2019,1436.42551,1,163.2024110604711,163.2024110604711,0,0.11,0,0,0,0.11
5100805,Apiacás,resto_mt,Demais MT,FALSE,2019,20364.58875,3,988920.2620073142,988818.0412555707,102.22075174355508,48.56,2,1457910.128402046,71.59,100
5101001,Araguaiana,resto_mt,Demais MT,FALSE,2019,6409.19522,1,855.8705090976625,855.8705090976625,0,0.13,0,0,0,0.13
5101209,Araguainha,resto_mt,Demais MT,FALSE,2019,687.88847,0,0,0,0,0,0,0,0,0
5101258,Araputanga,resto_mt,Demais MT,FALSE,2019,1594.55144,0,0,0,0,0,0,0,0,0
5101308,Arenápolis,resto_mt,Demais MT,FALSE,2019,413.06821,0,0,0,0,0,0,0,0,0
5101407,Aripuanã,resto_mt,Demais MT,FALSE,2019,25044.78932,2,44950.23120217756,8593.468512809979,36356.76268936758,1.79,6,653456.5755632805,26.09,27.89
5101605,Barão de Melgaço,pantanal_norte,Pantanal-13,TRUE,2019,11448.69456,2,47368.0042583568,47302.33247971892,65.67177863787916,4.14,2,30045.3569158589,2.62,6.76
5101704,Barra do Bugres,resto_mt,Demais MT,FALSE,2019,6049.81985,0,0,0,0,0,2,31624.571001261927,5.23,5.23
5101803,Barra do Garças,resto_mt,Demais MT,FALSE,2019,9125.18385,1,10159.826100495791,10159.826100495791,0,1.11,2,199608.22223962136,21.87,22.99
5101852,Bom Jesus do Araguaia,resto_mt,Demais MT,FALSE,2019,4263.7716199999995,0,0,0,0,0,1,8490.424461322462,1.99,1.99
5101902,Brasnorte,resto_mt,Demais MT,FALSE,2019,15985.285619999999,0,0,0,0,0,9,569548.1595241664,35.63,35.63
5102504,Cáceres,pantanal_norte,Pantanal-13,TRUE,2019,24324.642509999998,4,117221.90784840264,117221.90784840264,0,4.82,1,105.71118274488748,0,4.82
5102603,Campinápolis,resto_mt,Demais MT,FALSE,2019,5974.259840000001,1,1.7163556882865727,1.7163556882865727,0,0,3,233162.92234010078,39.03,39.03
5102637,Campo Novo do Parecis,resto_mt,Demais MT,FALSE,2019,9428.94014,0,0,0,0,0,4,279082.5554181304,29.6,29.6
5102678,Campo Verde,resto_mt,Demais MT,FALSE,2019,5421.22013,1,3976.9972706698895,0,3976.9972706698895,0.73,0,0,0,0.73
5102686,Campos de Júlio,resto_mt,Demais MT,FALSE,2019,6798.59104,0,0,0,0,0,4,20697.988397063993,3.04,3.04
5102694,Canabrava do Norte,resto_mt,Demais MT,FALSE,2019,3439.40107,0,0,0,0,0,1,5351.0436530752895,1.56,1.56
5102702,Canarana,resto_mt,Demais MT,FALSE,2019,10870.96131,0,0,0,0,0,4,231115.1901891882,21.26,21.26
5102793,Carlinda,resto_mt,Demais MT,FALSE,2019,2387.48013,0,0,0,0,0,0,0,0,0
5102850,Castanheira,resto_mt,Demais MT,FALSE,2019,3889.56728,0,0,0,0,0,2,17.41748654919453,0,0
5103007,Chapada dos Guimarães,resto_mt,Demais MT,FALSE,2019,6388.20423,3,152973.54309250566,12513.489815845918,140460.05327665975,23.95,0,0,0,23.95
5103056,Cláudia,resto_mt,Demais MT,FALSE,2019,3850.6553,1,20.96194853681326,20.96194853681326,0,0.01,0,0,0,0.01
5103106,Cocalinho,resto_mt,Demais MT,FALSE,2019,16547.02174,3,285276.38004557055,24973.3816332798,260302.99841229073,17.24,5,146929.93780458235,8.88,26.12
5103205,Colíder,resto_mt,Demais MT,FALSE,2019,3032.59843,1,13.537448285293578,13.537448285293578,0,0,0,0,0,0
5103254,Colniza,resto_mt,Demais MT,FALSE,2019,27951.16004,11,383138.7784907495,283938.1100591259,99200.6684316236,13.71,3,709872.2878730339,25.4,39.1
5103304,Comodoro,resto_mt,Demais MT,FALSE,2019,21720.160799999998,0,0,0,0,0,5,1363391.9097840309,62.77,62.77
5103353,Confresa,resto_mt,Demais MT,FALSE,2019,5794.01001,0,0,0,0,0,1,22238.607180067444,3.84,3.84
5103361,Conquista D'Oeste,resto_mt,Demais MT,FALSE,2019,2684.1417,0,0,0,0,0,5,125981.54759650948,46.94,46.94
5103379,Cotriguaçu,resto_mt,Demais MT,FALSE,2019,9483.19267,5,255715.9437052371,253836.41527378786,1879.5284314492253,26.97,2,169438.93615491,17.87,44.83
5103403,Cuiabá,polo_metropolitano,Polo Metropolitano,FALSE,2019,3270.03225,8,209678.091375278,21765.5302056857,187912.56116959229,64.12,1,2.4160551905632017,0,64.12
5103437,Curvelândia,pantanal_norte,Pantanal-13,TRUE,2019,358.79068,0,0,0,0,0,0,0,0,0
5103452,Denise,resto_mt,Demais MT,FALSE,2019,1278.1028900000001,0,0,0,0,0,1,3.587403088842053,0,0
5103502,Diamantino,resto_mt,Demais MT,FALSE,2019,8314.624,1,28594.879450475197,0,28594.879450475197,3.44,2,2722.4856221069535,0.33,3.77
5103601,Dom Aquino,resto_mt,Demais MT,FALSE,2019,2195.90917,0,0,0,0,0,0,0,0,0
5103700,Feliz Natal,resto_mt,Demais MT,FALSE,2019,11450.58691,0,0,0,0,0,1,521818.83440551226,45.57,45.57
5103809,Figueirópolis D'Oeste,resto_mt,Demais MT,FALSE,2019,885.88088,0,0,0,0,0,0,0,0,0
5103858,Gaúcha do Norte,resto_mt,Demais MT,FALSE,2019,16898.69521,0,0,0,0,0,4,827752.9592386618,48.98,48.98
5103908,General Carneiro,resto_mt,Demais MT,FALSE,2019,3718.76064,0,0,0,0,0,3,95797.85751174258,25.76,25.76
5103957,Glória D'Oeste,pantanal_norte,Pantanal-13,TRUE,2019,852.08996,0,0,0,0,0,0,0,0,0
5104104,Guarantã do Norte,resto_mt,Demais MT,FALSE,2019,4740.38757,0,0,0,0,0,1,58600.361027596045,12.36,12.36
5104203,Guiratinga,resto_mt,Demais MT,FALSE,2019,5037.0386,0,0,0,0,0,0,0,0,0
5104500,Indiavaí,resto_mt,Demais MT,FALSE,2019,604.7893200000001,0,0,0,0,0,0,0,0,0
5104526,Ipiranga do Norte,resto_mt,Demais MT,FALSE,2019,3437.12846,0,0,0,0,0,0,0,0,0
5104542,Itanhangá,resto_mt,Demais MT,FALSE,2019,2938.7113,0,0,0,0,0,0,0,0,0
5104559,Itaúba,resto_mt,Demais MT,FALSE,2019,4632.0151,0,0,0,0,0,0,0,0,0
5104609,Itiquira,pantanal_norte,Pantanal-13,TRUE,2019,8704.20405,0,0,0,0,0,0,0,0,0
5104807,Jaciara,resto_mt,Demais MT,FALSE,2019,2408.09555,0,0,0,0,0,0,0,0,0
5104906,Jangada,resto_mt,Demais MT,FALSE,2019,1295.97242,0,0,0,0,0,0,0,0,0
5105002,Jauru,resto_mt,Demais MT,FALSE,2019,1309.04055,0,0,0,0,0,0,0,0,0
5105101,Juara,resto_mt,Demais MT,FALSE,2019,22750.78884,0,0,0,0,0,4,268883.4216348353,11.82,11.82
5105150,Juína,resto_mt,Demais MT,FALSE,2019,26196.43324,0,0,0,0,0,7,1622268.8211382786,61.93,61.93
5105176,Juruena,resto_mt,Demais MT,FALSE,2019,2818.03539,0,0,0,0,0,0,0,0,0
5105200,Juscimeira,pantanal_norte,Pantanal-13,TRUE,2019,2695.00356,0,0,0,0,0,1,21.34295812191814,0.01,0.01
5105234,Lambari D'Oeste,pantanal_norte,Pantanal-13,TRUE,2019,1769.8909600000002,0,0,0,0,0,0,0,0,0
5105259,Lucas do Rio Verde,resto_mt,Demais MT,FALSE,2019,3655.63979,0,0,0,0,0,0,0,0,0
5105309,Luciara,resto_mt,Demais MT,FALSE,2019,4148.76082,0,0,0,0,0,5,34853.40259953669,8.4,8.4
5105507,Vila Bela da Santíssima Trindade,resto_mt,Demais MT,FALSE,2019,13481.36455,1,158501.54582240363,158501.54582240363,0,11.76,3,17726.467994619365,1.31,13.07
5105580,Marcelândia,resto_mt,Demais MT,FALSE,2019,12267.61848,1,14.358674893081188,14.358674893081188,0,0,2,143550.11801478235,11.7,11.7
5105606,Matupá,resto_mt,Demais MT,FALSE,2019,5160.38035,0,0,0,0,0,3,107218.23565422323,20.78,20.78
5105622,Mirassol D'Oeste,pantanal_norte,Pantanal-13,TRUE,2019,1076.41515,0,0,0,0,0,0,0,0,0
5105903,Nobres,resto_mt,Demais MT,FALSE,2019,3770.52642,3,79701.65848306716,8760.285981227738,70941.37250183942,21.14,1,35024.744345678046,9.29,30.43
5106000,Nortelândia,resto_mt,Demais MT,FALSE,2019,1352.8320899999999,0,0,0,0,0,0,0,0,0
5106109,Nossa Senhora do Livramento,pantanal_norte,Pantanal-13,TRUE,2019,5430.49191,0,0,0,0,0,0,0,0,0
5106158,Nova Bandeirantes,resto_mt,Demais MT,FALSE,2019,9546.42875,1,61824.749328161706,61824.749328161706,0,6.48,1,314.2000892765467,0.03,6.51
5106174,Nova Nazaré,resto_mt,Demais MT,FALSE,2019,4027.82764,0,0,0,0,0,3,180472.53684594107,44.81,44.81
5106182,Nova Lacerda,resto_mt,Demais MT,FALSE,2019,4723.0552800000005,0,0,0,0,0,6,80905.75593479206,17.13,17.13
5106190,Nova Santa Helena,resto_mt,Demais MT,FALSE,2019,2337.52289,0,0,0,0,0,0,0,0,0
5106208,Nova Brasilândia,resto_mt,Demais MT,FALSE,2019,3290.52793,1,78615.88715808943,0,78615.88715808943,23.89,0,0,0,23.89
5106216,Nova Canaã do Norte,resto_mt,Demais MT,FALSE,2019,5960.61802,0,0,0,0,0,1,1298.7996632849693,0.22,0.22
5106224,Nova Mutum,resto_mt,Demais MT,FALSE,2019,9549.24383,0,0,0,0,0,1,134.28090784645082,0.01,0.01
5106232,Nova Olímpia,resto_mt,Demais MT,FALSE,2019,1362.37565,0,0,0,0,0,0,0,0,0
5106240,Nova Ubiratã,resto_mt,Demais MT,FALSE,2019,12680.75001,1,102738.08076028634,102738.08076028634,0,8.1,1,29357.508457383727,2.32,10.42
5106257,Nova Xavantina,resto_mt,Demais MT,FALSE,2019,5521.2615,0,0,0,0,0,3,3881.2888259997044,0.7,0.7
5106265,Novo Mundo,resto_mt,Demais MT,FALSE,2019,5783.74584,3,49786.805374217285,45718.59061250492,4068.2147617123605,8.61,0,0,0,8.61
5106273,Novo Horizonte do Norte,resto_mt,Demais MT,FALSE,2019,890.44969,0,0,0,0,0,0,0,0,0
5106281,Novo São Joaquim,resto_mt,Demais MT,FALSE,2019,5023.52056,0,0,0,0,0,2,11843.615205280083,2.36,2.36
5106299,Paranaíta,resto_mt,Demais MT,FALSE,2019,4798.89,0,0,0,0,0,1,0.19129727247655393,0,0
5106307,Paranatinga,resto_mt,Demais MT,FALSE,2019,24183.37302,2,3595.005320004054,3595.005320004054,0,0.15,5,405279.2313098681,16.76,16.91
5106315,Novo Santo Antônio,resto_mt,Demais MT,FALSE,2019,4373.07505,3,248827.17731314525,240345.28172660904,8481.895586536208,56.9,1,0.02986133083738386,0,56.9
5106372,Pedra Preta,resto_mt,Demais MT,FALSE,2019,4009.85086,0,0,0,0,0,1,11.0043467288699,0,0
5106422,Peixoto de Azevedo,resto_mt,Demais MT,FALSE,2019,14411.64886,0,0,0,0,0,4,625355.5997723286,43.39,43.39
5106455,Planalto da Serra,resto_mt,Demais MT,FALSE,2019,2453.85718,1,86.89704730388438,0,86.89704730388438,0.04,1,1725.421222050861,0.7,0.74
5106505,Poconé,pantanal_norte,Pantanal-13,TRUE,2019,17211.92155,3,196689.42687653343,196689.42687653343,0,11.43,2,17.56223798253513,0,11.43
5106653,Pontal do Araguaia,resto_mt,Demais MT,FALSE,2019,2741.37953,0,0,0,0,0,0,0,0,0
5106703,Ponte Branca,resto_mt,Demais MT,FALSE,2019,694.63236,0,0,0,0,0,0,0,0,0
5106752,Pontes e Lacerda,resto_mt,Demais MT,FALSE,2019,8622.01458,1,87971.63091894242,87971.63091894242,0,10.2,2,12572.064650025224,1.46,11.66
5106778,Porto Alegre do Norte,resto_mt,Demais MT,FALSE,2019,3982.42614,0,0,0,0,0,2,67424.38834470054,16.93,16.93
5106802,Porto dos Gaúchos,resto_mt,Demais MT,FALSE,2019,6999.60524,0,0,0,0,0,0,0,0,0
5106828,Porto Esperidião,pantanal_norte,Pantanal-13,TRUE,2019,5804.50187,1,32909.88452871342,32909.88452871342,0,5.67,1,22875.543090230727,3.94,9.61
5106851,Porto Estrela,resto_mt,Demais MT,FALSE,2019,2060.8914,1,26506.19155253166,26506.19155253166,0,12.86,0,0,0,12.86
5107008,Poxoréu,resto_mt,Demais MT,FALSE,2019,6933.95278,0,0,0,0,0,2,55702.87977197534,8.03,8.03
5107040,Primavera do Leste,resto_mt,Demais MT,FALSE,2019,5464.72028,0,0,0,0,0,1,4.493890690786101,0,0
5107065,Querência,resto_mt,Demais MT,FALSE,2019,17816.0819,0,0,0,0,0,2,728950.8762892776,40.92,40.92
5107107,São José dos Quatro Marcos,resto_mt,Demais MT,FALSE,2019,1285.92494,0,0,0,0,0,0,0,0,0
5107156,Reserva do Cabaçal,resto_mt,Demais MT,FALSE,2019,1336.90689,0,0,0,0,0,1,28.074762612469936,0.02,0.02
5107180,Ribeirão Cascalheira,resto_mt,Demais MT,FALSE,2019,11356.844939999999,1,20.022136654254886,20.022136654254886,0,0,1,166864.13743645736,14.69,14.69
5107198,Ribeirãozinho,resto_mt,Demais MT,FALSE,2019,618.19219,0,0,0,0,0,0,0,0,0
5107206,Rio Branco,resto_mt,Demais MT,FALSE,2019,532.17225,0,0,0,0,0,0,0,0,0
5107248,Santa Carmem,resto_mt,Demais MT,FALSE,2019,3828.71477,0,0,0,0,0,0,0,0,0
5107263,Santo Afonso,resto_mt,Demais MT,FALSE,2019,1169.43767,0,0,0,0,0,0,0,0,0
5107297,São José do Povo,resto_mt,Demais MT,FALSE,2019,440.9974,0,0,0,0,0,0,0,0,0
5107305,São José do Rio Claro,resto_mt,Demais MT,FALSE,2019,4563.67268,0,0,0,0,0,0,0,0,0
5107354,São José do Xingu,resto_mt,Demais MT,FALSE,2019,7461.71293,0,0,0,0,0,2,133149.19133516026,17.84,17.84
5107404,São Pedro da Cipa,resto_mt,Demais MT,FALSE,2019,344.17919,0,0,0,0,0,0,0,0,0
5107578,Rondolândia,resto_mt,Demais MT,FALSE,2019,12669.67156,2,5485.866022122342,235.82292715955973,5250.043094962782,0.43,7,618011.1808916804,48.78,49.21
5107602,Rondonópolis,pantanal_norte,Pantanal-13,TRUE,2019,4711.25792,1,6428.423849748266,6428.423849748266,0,1.36,1,9533.027352989451,2.02,3.39
5107701,Rosário Oeste,resto_mt,Demais MT,FALSE,2019,7179.03578,2,273199.253926834,2211.180491042961,270988.073435791,38.06,0,0,0,38.06
5107743,Santa Cruz do Xingu,resto_mt,Demais MT,FALSE,2019,5619.89249,1,95125.59366727,95125.59366727,0,16.93,1,55578.77577849729,9.89,26.82
5107750,Salto do Céu,resto_mt,Demais MT,FALSE,2019,1777.58606,0,0,0,0,0,0,0,0,0
5107768,Santa Rita do Trivelato,resto_mt,Demais MT,FALSE,2019,4745.72261,2,47603.845810165665,0,47603.845810165665,10.03,1,698.4307339898705,0.15,10.18
5107776,Santa Terezinha,resto_mt,Demais MT,FALSE,2019,6448.1717100000005,0,0,0,0,0,2,119527.87237385519,18.54,18.54
5107792,Santo Antônio do Leste,resto_mt,Demais MT,FALSE,2019,3606.82669,0,0,0,0,0,2,51827.84750379597,14.37,14.37
5107800,Santo Antônio do Leverger,pantanal_norte,Pantanal-13,TRUE,2019,9422.50319,4,5443.361806212603,346.95148136972193,5096.410324842882,0.58,1,29004.526384518736,3.08,3.66
5107859,São Félix do Araguaia,resto_mt,Demais MT,FALSE,2019,16853.134299999998,0,0,0,0,0,5,276563.163117548,16.41,16.41
5107875,Sapezal,resto_mt,Demais MT,FALSE,2019,13625.03177,0,0,0,0,0,6,482505.1181643708,35.41,35.41
5107883,Serra Nova Dourada,resto_mt,Demais MT,FALSE,2019,1495.2963,0,0,0,0,0,1,38.789549938964846,0.03,0.03
5107909,Sinop,resto_mt,Demais MT,FALSE,2019,3954.62188,2,179.10618134900477,179.10618134900477,0,0.05,0,0,0,0.05
5107925,Sorriso,resto_mt,Demais MT,FALSE,2019,9357.313549999999,2,4714.938640971959,10.959734212648868,4703.97890675931,0.5,0,0,0,0.5
5107941,Tabaporã,resto_mt,Demais MT,FALSE,2019,8211.51813,0,0,0,0,0,1,111640.45738188268,13.6,13.6
5107958,Tangará da Serra,resto_mt,Demais MT,FALSE,2019,11526.2533,0,0,0,0,0,6,591840.9521210133,51.35,51.35
5108006,Tapurah,resto_mt,Demais MT,FALSE,2019,4487.5046999999995,0,0,0,0,0,0,0,0,0
5108055,Terra Nova do Norte,resto_mt,Demais MT,FALSE,2019,2566.46432,1,115.1151249802828,115.1151249802828,0,0.04,0,0,0,0.04
5108105,Tesouro,resto_mt,Demais MT,FALSE,2019,4257.36166,0,0,0,0,0,1,30.109514919882827,0.01,0.01
5108204,Torixoréu,resto_mt,Demais MT,FALSE,2019,2399.77922,0,0,0,0,0,0,0,0,0
5108303,União do Sul,resto_mt,Demais MT,FALSE,2019,4586.31652,0,0,0,0,0,1,624.9208621102374,0.14,0.14
5108352,Vale de São Domingos,resto_mt,Demais MT,FALSE,2019,1901.6041599999999,0,0,0,0,0,1,1.7420873662948608,0,0
5108402,Várzea Grande,polo_metropolitano,Polo Metropolitano,FALSE,2019,942.88829,0,0,0,0,0,0,0,0,0
5108501,Vera,resto_mt,Demais MT,FALSE,2019,2954.5132,0,0,0,0,0,0,0,0,0
5108600,Vila Rica,resto_mt,Demais MT,FALSE,2019,7453.68615,0,0,0,0,0,0,0,0,0
5108808,Nova Guarita,resto_mt,Demais MT,FALSE,2019,1073.57631,0,0,0,0,0,0,0,0,0
5108857,Nova Marilândia,resto_mt,Demais MT,FALSE,2019,1941.89259,0,0,0,0,0,0,0,0,0
5108907,Nova Maringá,resto_mt,Demais MT,FALSE,2019,11552.6838,1,519.0150457462788,0,519.0150457462788,0.04,2,13183.818635499765,1.14,1.19
5108956,Nova Monte Verde,resto_mt,Demais MT,FALSE,2019,5248.0563,0,0,0,0,0,0,0,0,0
