id_municipio,municipio,grupo,subgrupo,pantanal_norte,ano_referencia_car,area_municipio_km2,n_imoveis_car,n_imoveis_conformes,perc_imoveis_conformes,area_reserva_legal_ha,perc_arl_sobre_municipio,area_consolidada_ha
5100102,Acorizal,resto_mt,Demais MT,FALSE,2024,1013.82825,475,5,1.1,24033.3253,23.71,32874.5525
5100201,Água Boa,resto_mt,Demais MT,FALSE,2024,7504.70975,1953,26,1.3,297766.1976,39.68,520215.1474
5100250,Alta Floresta,resto_mt,Demais MT,FALSE,2024,9006.11428,3369,63,1.9,452309.9849,50.22,431803.7343
5100300,Alto Araguaia,resto_mt,Demais MT,FALSE,2024,5504.45764,1216,14,1.2,212914.9477,38.68,269109.1735
5100359,Alto Boa Vista,resto_mt,Demais MT,FALSE,2024,2242.55948,363,2,0.6,65807.1809,29.34,75616.8897
5100409,Alto Garças,resto_mt,Demais MT,FALSE,2024,3773.9521,525,18,3.4,123688.1049,32.77,223066.4965
5100508,Alto Paraguai,resto_mt,Demais MT,FALSE,2024,1851.0719,657,10,1.5,80917.314,43.71,83332.2479
5100607,Alto Taquari,resto_mt,Demais MT,FALSE,2024,1436.42551,400,39,9.8,29718.9878,20.69,116603.1188
5100805,Apiacás,resto_mt,Demais MT,FALSE,2024,20364.58875,1726,32,1.9,814655.8962,40,175892.302
5101001,Araguaiana,resto_mt,Demais MT,FALSE,2024,6409.19522,449,15,3.3,207382.1581,32.36,277598.2452
5101209,Araguainha,resto_mt,Demais MT,FALSE,2024,687.88847,114,3,2.6,25395.6429,36.92,20799.6758
5101258,Araputanga,resto_mt,Demais MT,FALSE,2024,1594.55144,796,3,0.4,44531.1825,27.93,124687.6617
5101308,Arenápolis,resto_mt,Demais MT,FALSE,2024,413.06821,283,2,0.7,7932.4549,19.2,23879.4857
5101407,Aripuanã,resto_mt,Demais MT,FALSE,2024,25044.78932,2538,51,2,1153782.0915,46.07,266964.7878
5101605,Barão de Melgaço,pantanal_norte,Pantanal-13,TRUE,2024,11448.69456,705,7,1,653864.2678,57.11,215444.6169
5101704,Barra do Bugres,resto_mt,Demais MT,FALSE,2024,6049.81985,1078,19,1.8,238362.2259,39.4,288625.4041
5101803,Barra do Garças,resto_mt,Demais MT,FALSE,2024,9125.18385,1046,8,0.8,231401.3411,25.36,380061.7378
5101852,Bom Jesus do Araguaia,resto_mt,Demais MT,FALSE,2024,4263.7716199999995,1175,6,0.5,172095.4278,40.36,225013.673
5101902,Brasnorte,resto_mt,Demais MT,FALSE,2024,15985.285619999999,2738,119,4.3,810280.6398,50.69,689529.3077
5102504,Cáceres,pantanal_norte,Pantanal-13,TRUE,2024,24324.642509999998,4731,40,0.8,980816.0108,40.32,704232.2331
5102603,Campinápolis,resto_mt,Demais MT,FALSE,2024,5974.259840000001,878,3,0.3,140402.1587,23.5,226827.5403
5102637,Campo Novo do Parecis,resto_mt,Demais MT,FALSE,2024,9428.94014,671,123,18.3,195822.4387,20.77,496680.1868
5102678,Campo Verde,resto_mt,Demais MT,FALSE,2024,5421.22013,1743,88,5,111106.3216,20.49,361210.1807
5102686,Campos de Júlio,resto_mt,Demais MT,FALSE,2024,6798.59104,897,189,21.1,277652.635,40.84,303642.2094
5102694,Canabrava do Norte,resto_mt,Demais MT,FALSE,2024,3439.40107,1144,4,0.3,164240.8522,47.75,306673.1925
5102702,Canarana,resto_mt,Demais MT,FALSE,2024,10870.96131,1345,89,6.6,336153.7279,30.92,488556.1929
5102793,Carlinda,resto_mt,Demais MT,FALSE,2024,2387.48013,1975,14,0.7,77417.2272,32.43,140048.325
5102850,Castanheira,resto_mt,Demais MT,FALSE,2024,3889.56728,1325,9,0.7,164742.6181,42.35,193054.9202
5103007,Chapada dos Guimarães,resto_mt,Demais MT,FALSE,2024,6388.20423,2415,13,0.5,236694.737,37.05,278670.0105
5103056,Cláudia,resto_mt,Demais MT,FALSE,2024,3850.6553,1921,165,8.6,241343.0519,62.68,141149.0454
5103106,Cocalinho,resto_mt,Demais MT,FALSE,2024,16547.02174,808,19,2.4,866162.7039,52.35,533924.6484
5103205,Colíder,resto_mt,Demais MT,FALSE,2024,3032.59843,3051,17,0.6,95241.9668,31.41,232316.6109
5103254,Colniza,resto_mt,Demais MT,FALSE,2024,27951.16004,3340,50,1.5,1477082.5593,52.85,338881.1785
5103304,Comodoro,resto_mt,Demais MT,FALSE,2024,21720.160799999998,2228,38,1.7,526465.282,24.24,384054.0299
5103353,Confresa,resto_mt,Demais MT,FALSE,2024,5794.01001,3642,24,0.7,261672.7592,45.16,574635.1597
5103361,Conquista D'Oeste,resto_mt,Demais MT,FALSE,2024,2684.1417,381,2,0.5,107306.8807,39.98,90566.2944
5103379,Cotriguaçu,resto_mt,Demais MT,FALSE,2024,9483.19267,1933,19,1,449456.3098,47.4,173121.4884
5103403,Cuiabá,polo_metropolitano,Polo Metropolitano,FALSE,2024,3270.03225,2141,21,1,87194.5488,26.66,101219.26
5103437,Curvelândia,pantanal_norte,Pantanal-13,TRUE,2024,358.79068,370,7,1.9,6646.2213,18.52,26359.6305
5103452,Denise,resto_mt,Demais MT,FALSE,2024,1278.1028900000001,452,11,2.4,28334.2663,22.17,81187.4878
5103502,Diamantino,resto_mt,Demais MT,FALSE,2024,8314.624,1706,101,5.9,316442.0969,38.06,537232.8608
5103601,Dom Aquino,resto_mt,Demais MT,FALSE,2024,2195.90917,1028,11,1.1,67507.1454,30.74,132026.3901
5103700,Feliz Natal,resto_mt,Demais MT,FALSE,2024,11450.58691,1239,127,10.3,416318.5244,36.36,171793.4595
5103809,Figueirópolis D'Oeste,resto_mt,Demais MT,FALSE,2024,885.88088,833,5,0.6,11405.0411,12.87,70623.9544
5103858,Gaúcha do Norte,resto_mt,Demais MT,FALSE,2024,16898.69521,1357,88,6.5,447390.6842,26.47,413577.1181
5103908,General Carneiro,resto_mt,Demais MT,FALSE,2024,3718.76064,537,9,1.7,93664.1526,25.19,186968.4919
5103957,Glória D'Oeste,pantanal_norte,Pantanal-13,TRUE,2024,852.08996,543,8,1.5,17014.3136,19.97,58240.1482
5104104,Guarantã do Norte,resto_mt,Demais MT,FALSE,2024,4740.38757,2605,8,0.3,205831.6771,43.42,219040.3446
5104203,Guiratinga,resto_mt,Demais MT,FALSE,2024,5037.0386,1187,15,1.3,199835.2679,39.67,227894.1174
5104500,Indiavaí,resto_mt,Demais MT,FALSE,2024,604.7893200000001,247,1,0.4,7321.5786,12.11,34187.5929
5104526,Ipiranga do Norte,resto_mt,Demais MT,FALSE,2024,3437.12846,1062,92,8.7,132544.2707,38.56,274636.9356
5104542,Itanhangá,resto_mt,Demais MT,FALSE,2024,2938.7113,1304,34,2.6,120408.8576,40.97,135732.7282
5104559,Itaúba,resto_mt,Demais MT,FALSE,2024,4632.0151,437,33,7.6,309700.2868,66.86,157079.8482
5104609,Itiquira,pantanal_norte,Pantanal-13,TRUE,2024,8704.20405,969,14,1.4,269958.87559999997,31.01,556824.4618
5104807,Jaciara,resto_mt,Demais MT,FALSE,2024,2408.09555,826,16,1.9,61113.4408,25.38,155650.6412
5104906,Jangada,resto_mt,Demais MT,FALSE,2024,1295.97242,601,4,0.7,45141.4082,34.83,60726.7416
5105002,Jauru,resto_mt,Demais MT,FALSE,2024,1309.04055,1162,7,0.6,21642.7696,16.53,117615.4048
5105101,Juara,resto_mt,Demais MT,FALSE,2024,22750.78884,3017,59,2,1164402.8612,51.18,635417.3871
5105150,Juína,resto_mt,Demais MT,FALSE,2024,26196.43324,3979,64,1.6,565180.5552,21.57,367842.9932
5105176,Juruena,resto_mt,Demais MT,FALSE,2024,2818.03539,1237,6,0.5,185905.2909,65.97,112778.281
5105200,Juscimeira,pantanal_norte,Pantanal-13,TRUE,2024,2695.00356,1309,15,1.1,70495.7318,26.16,153461.802
5105234,Lambari D'Oeste,pantanal_norte,Pantanal-13,TRUE,2024,1769.8909600000002,569,21,3.7,73788.0817,41.69,113884.6144
5105259,Lucas do Rio Verde,resto_mt,Demais MT,FALSE,2024,3655.63979,1438,304,21.1,114766.1927,31.39,269507.3019
5105309,Luciara,resto_mt,Demais MT,FALSE,2024,4148.76082,321,6,1.9,152426.4111,36.74,197342.0543
5105507,Vila Bela da Santíssima Trindade,resto_mt,Demais MT,FALSE,2024,13481.36455,2777,18,0.6,654517.0008,48.55,734189.3253
5105580,Marcelândia,resto_mt,Demais MT,FALSE,2024,12267.61848,1810,53,2.9,782578.7084,63.79,304003.4323
5105606,Matupá,resto_mt,Demais MT,FALSE,2024,5160.38035,1604,5,0.3,257234.2421,49.85,185030.5721
5105622,Mirassol D'Oeste,pantanal_norte,Pantanal-13,TRUE,2024,1076.41515,1300,24,1.8,28162.4277,26.16,91647.4367
5105903,Nobres,resto_mt,Demais MT,FALSE,2024,3770.52642,943,12,1.3,168889.5938,44.79,174898.0294
5106000,Nortelândia,resto_mt,Demais MT,FALSE,2024,1352.8320899999999,546,6,1.1,61117.9485,45.18,63569.306899999996
5106109,Nossa Senhora do Livramento,pantanal_norte,Pantanal-13,TRUE,2024,5430.49191,1915,12,0.6,183101.8396,33.72,189755.28280000002
5106158,Nova Bandeirantes,resto_mt,Demais MT,FALSE,2024,9546.42875,3147,12,0.4,604317.2258,63.3,292362.6715
5106174,Nova Nazaré,resto_mt,Demais MT,FALSE,2024,4027.82764,411,7,1.7,65813.6071,16.34,102258.5057
5106182,Nova Lacerda,resto_mt,Demais MT,FALSE,2024,4723.0552800000005,981,11,1.1,167107.9426,35.38,215979.3351
5106190,Nova Santa Helena,resto_mt,Demais MT,FALSE,2024,2337.52289,710,8,1.1,101390.81,43.38,105142.9482
5106208,Nova Brasilândia,resto_mt,Demais MT,FALSE,2024,3290.52793,754,4,0.5,140105.9468,42.58,167016.411
5106216,Nova Canaã do Norte,resto_mt,Demais MT,FALSE,2024,5960.61802,2644,19,0.7,300582.9817,50.43,302582.483
5106224,Nova Mutum,resto_mt,Demais MT,FALSE,2024,9549.24383,1864,331,17.8,436095.962,45.67,566796.1084
5106232,Nova Olímpia,resto_mt,Demais MT,FALSE,2024,1362.37565,454,9,2,58556.158,42.98,101264.8619
5106240,Nova Ubiratã,resto_mt,Demais MT,FALSE,2024,12680.75001,2398,160,6.7,714191.962,56.32,539788.2142
5106257,Nova Xavantina,resto_mt,Demais MT,FALSE,2024,5521.2615,2162,7,0.3,230225.0882,41.7,401961.05329999997
5106265,Novo Mundo,resto_mt,Demais MT,FALSE,2024,5783.74584,2684,4,0.1,337796.5388,58.4,327182.4697
5106273,Novo Horizonte do Norte,resto_mt,Demais MT,FALSE,2024,890.44969,865,12,1.4,25701.959899999998,28.86,55858.426
5106281,Novo São Joaquim,resto_mt,Demais MT,FALSE,2024,5023.52056,1140,19,1.7,149699.3831,29.8,317081.7707
5106299,Paranaíta,resto_mt,Demais MT,FALSE,2024,4798.89,2007,15,0.7,213784.1327,44.55,195541.4338
5106307,Paranatinga,resto_mt,Demais MT,FALSE,2024,24183.37302,2291,32,1.4,1230534.6078,50.88,993574.7818
5106315,Novo Santo Antônio,resto_mt,Demais MT,FALSE,2024,4373.07505,748,13,1.7,301943.3667,69.05,71059.194
5106372,Pedra Preta,resto_mt,Demais MT,FALSE,2024,4009.85086,1189,10,0.8,133431.5054,33.28,238915.6615
5106422,Peixoto de Azevedo,resto_mt,Demais MT,FALSE,2024,14411.64886,3281,19,0.6,519352.1009,36.04,401315.8099
5106455,Planalto da Serra,resto_mt,Demais MT,FALSE,2024,2453.85718,475,1,0.2,94024.2055,38.32,126175.3415
5106505,Poconé,pantanal_norte,Pantanal-13,TRUE,2024,17211.92155,2255,28,1.2,941744.2069,54.71,339248.7635
5106653,Pontal do Araguaia,resto_mt,Demais MT,FALSE,2024,2741.37953,527,6,1.1,95588.4576,34.87,129283.179
5106703,Ponte Branca,resto_mt,Demais MT,FALSE,2024,694.63236,190,0,0,17456.4853,25.13,22896.4541
5106752,Pontes e Lacerda,resto_mt,Demais MT,FALSE,2024,8622.01458,2541,24,0.9,334410.9409,38.79,450808.6684
5106778,Porto Alegre do Norte,resto_mt,Demais MT,FALSE,2024,3982.42614,1278,6,0.5,122814.8197,30.84,248446.2447
5106802,Porto dos Gaúchos,resto_mt,Demais MT,FALSE,2024,6999.60524,1242,96,7.7,414931.51410000003,59.28,257225.7054
5106828,Porto Esperidião,pantanal_norte,Pantanal-13,TRUE,2024,5804.50187,1720,20,1.2,168262.0533,28.99,338869.6245
5106851,Porto Estrela,resto_mt,Demais MT,FALSE,2024,2060.8914,525,8,1.5,49350.345199999996,23.95,77448.9963
5107008,Poxoréu,resto_mt,Demais MT,FALSE,2024,6933.95278,2173,19,0.9,216955.0012,31.29,354203.7345
5107040,Primavera do Leste,resto_mt,Demais MT,FALSE,2024,5464.72028,971,118,12.2,120463.2597,22.04,428021.4943
5107065,Querência,resto_mt,Demais MT,FALSE,2024,17816.0819,2100,152,7.2,600462.3028000001,33.7,520252.38539999997
5107107,São José dos Quatro Marcos,resto_mt,Demais MT,FALSE,2024,1285.92494,1862,34,1.8,16918.646099999998,13.16,96835.8998
5107156,Reserva do Cabaçal,resto_mt,Demais MT,FALSE,2024,1336.90689,511,20,3.9,64408.0827,48.18,46535.3623
5107180,Ribeirão Cascalheira,resto_mt,Demais MT,FALSE,2024,11356.844939999999,1710,35,2,478846.1672,42.16,424658.8321
5107198,Ribeirãozinho,resto_mt,Demais MT,FALSE,2024,618.19219,261,4,1.5,11641.9725,18.83,35891.1212
5107206,Rio Branco,resto_mt,Demais MT,FALSE,2024,532.17225,426,3,0.7,13993.4974,26.3,33150.4667
5107248,Santa Carmem,resto_mt,Demais MT,FALSE,2024,3828.71477,849,146,17.2,252711.7422,66,141800.1165
5107263,Santo Afonso,resto_mt,Demais MT,FALSE,2024,1169.43767,563,4,0.7,31413.2055,26.86,84284.51670000001
5107297,São José do Povo,resto_mt,Demais MT,FALSE,2024,440.9974,471,3,0.6,11026.1365,25,37705.1232
5107305,São José do Rio Claro,resto_mt,Demais MT,FALSE,2024,4563.67268,1267,54,4.3,215189.4668,47.15,231387.4249
5107354,São José do Xingu,resto_mt,Demais MT,FALSE,2024,7461.71293,604,6,1,254647.50400000002,34.13,410935.3165
5107404,São Pedro da Cipa,resto_mt,Demais MT,FALSE,2024,344.17919,190,2,1.1,8637.2331,25.1,16667.2676
5107578,Rondolândia,resto_mt,Demais MT,FALSE,2024,12669.67156,643,26,4,448786.5353,35.42,133947.1004
5107602,Rondonópolis,pantanal_norte,Pantanal-13,TRUE,2024,4711.25792,2505,33,1.3,105278.0245,22.35,329208.15380000003
5107701,Rosário Oeste,resto_mt,Demais MT,FALSE,2024,7179.03578,1779,22,1.2,326962.7014,45.54,298908.951
5107743,Santa Cruz do Xingu,resto_mt,Demais MT,FALSE,2024,5619.89249,623,40,6.4,398627.2944,70.93,190960.2792
5107750,Salto do Céu,resto_mt,Demais MT,FALSE,2024,1777.58606,723,7,1,46593.027500000004,26.21,102466.3352
5107768,Santa Rita do Trivelato,resto_mt,Demais MT,FALSE,2024,4745.72261,557,76,13.6,192252.6986,40.51,244467.363
5107776,Santa Terezinha,resto_mt,Demais MT,FALSE,2024,6448.1717100000005,1028,9,0.9,329174.0892,51.05,266285.2916
5107792,Santo Antônio do Leste,resto_mt,Demais MT,FALSE,2024,3606.82669,259,21,8.1,101806.3223,28.23,224970.4464
5107800,Santo Antônio do Leverger,pantanal_norte,Pantanal-13,TRUE,2024,9422.50319,1827,18,1,471259.2191,50.01,494604.5778
5107859,São Félix do Araguaia,resto_mt,Demais MT,FALSE,2024,16853.134299999998,1842,32,1.7,783218.2737,46.47,628191.314
5107875,Sapezal,resto_mt,Demais MT,FALSE,2024,13625.03177,694,71,10.2,267744.7965,19.65,503526.46390000003
5107883,Serra Nova Dourada,resto_mt,Demais MT,FALSE,2024,1495.2963,1387,5,0.4,96221.553,64.35,133824.3848
5107909,Sinop,resto_mt,Demais MT,FALSE,2024,3954.62188,2436,276,11.3,153633.84,38.85,227024.1066
5107925,Sorriso,resto_mt,Demais MT,FALSE,2024,9357.313549999999,2699,320,11.9,269998.0359,28.85,689254.8492
5107941,Tabaporã,resto_mt,Demais MT,FALSE,2024,8211.51813,1920,101,5.3,438305.43450000003,53.38,368410.471
5107958,Tangará da Serra,resto_mt,Demais MT,FALSE,2024,11526.2533,2269,219,9.7,211451.4717,18.35,387390.5828
5108006,Tapurah,resto_mt,Demais MT,FALSE,2024,4487.5046999999995,1180,83,7,239290.43660000002,53.32,329314.8396
5108055,Terra Nova do Norte,resto_mt,Demais MT,FALSE,2024,2566.46432,2262,5,0.2,76145.7859,29.67,227235.7612
5108105,Tesouro,resto_mt,Demais MT,FALSE,2024,4257.36166,536,3,0.6,164178.7755,38.56,181510.4308
5108204,Torixoréu,resto_mt,Demais MT,FALSE,2024,2399.77922,537,1,0.2,71864.8288,29.95,122605.4364
5108303,União do Sul,resto_mt,Demais MT,FALSE,2024,4586.31652,742,78,10.5,295878.1383,64.51,106524.3614
5108352,Vale de São Domingos,resto_mt,Demais MT,FALSE,2024,1901.6041599999999,844,4,0.5,86701.0721,45.59,93200.5243
5108402,Várzea Grande,polo_metropolitano,Polo Metropolitano,FALSE,2024,942.88829,435,16,3.7,20400.8873,21.64,26450.9136
5108501,Vera,resto_mt,Demais MT,FALSE,2024,2954.5132,1114,132,11.8,126748.20820000001,42.9,171567.8786
5108600,Vila Rica,resto_mt,Demais MT,FALSE,2024,7453.68615,2684,11,0.4,412818.5175,55.38,498316.9533
5108808,Nova Guarita,resto_mt,Demais MT,FALSE,2024,1073.57631,1098,2,0.2,25745.5466,23.98,94096.9697
5108857,Nova Marilândia,resto_mt,Demais MT,FALSE,2024,1941.89259,619,17,2.7,66312.3077,34.15,100027.7724
5108907,Nova Maringá,resto_mt,Demais MT,FALSE,2024,11552.6838,1234,122,9.9,792848.6065999999,68.63,310227.681
5108956,Nova Monte Verde,resto_mt,Demais MT,FALSE,2024,5248.0563,1479,17,1.1,336521.4533,64.12,209669.6833
