id_municipio,municipio,grupo,subgrupo,pantanal_norte,ano_referencia_energia,populacao,consumo_total_kwh,consumo_per_capita_kwh,n_consumidores,consumo_residencial_kwh,consumo_industrial_kwh,consumo_comercial_kwh,consumo_rural_kwh,consumo_poder_publico_kwh,consumo_servico_publico_kwh,consumo_iluminacao_publica_kwh,sh_consumo_residencial,sh_consumo_industrial,sh_consumo_comercial,sh_consumo_rural,ano_referencia_acesso,domicilios_total,domicilios_com_energia,perc_domic_com_energia
5100102,Acorizal,resto_mt,Demais MT,FALSE,2023,5014,33319777.7853,6645.3,4101,4724416.139,24074052.11,696638.0893,1993269.447,645652,488147,697603,14.2,72.3,2.1,6,2026,1741,1719,98.74
5100201,Água Boa,resto_mt,Demais MT,FALSE,2023,29219,83663268.722,2863.3,14066,34224268.12,9217428.942,17757704.04,14978185.67,3502553.848,1959453.935,2023674.167,40.9,11,21.2,17.9,2026,6422,6326,98.51
5100250,Alta Floresta,resto_mt,Demais MT,FALSE,2023,58613,162058832.791,2764.9,32270,69332069.35,21414496.77,37766174.2,16680487.2,7632406.32,2707007.951,6526191,42.8,13.2,23.3,10.3,2026,15142,15087,99.64
5100300,Alto Araguaia,resto_mt,Demais MT,FALSE,2023,17193,63288817.5078,3681.1,8958,11702532.53,37546708.16,5473593.705,3622289.996,2092931.05,838517.0668,2012245,18.5,59.3,8.6,5.7,2026,5133,4961,96.65
5100359,Alto Boa Vista,resto_mt,Demais MT,FALSE,2023,5715,9603589.050999999,1680.4,3176,5698644.75,11806,1286959.557,1544148.744,873014,73392,115624,59.3,0.1,13.4,16.1,2026,1467,1252,85.34
5100409,Alto Garças,resto_mt,Demais MT,FALSE,2023,13052,41800567.6437,3202.6,6219,10542571.67,701797.6997,4963212.984,22828730.91,974161.38,715683,1074410,25.2,1.7,11.9,54.6,2026,3420,3356,98.13
5100508,Alto Paraguai,resto_mt,Demais MT,FALSE,2023,8009,13163989.7002,1643.6,4398,5837460.956,163253.5152,1071568.667,4113854.1,1039068.462,198929,739855,44.3,1.2,8.1,31.3,2026,3090,2602,84.21
5100607,Alto Taquari,resto_mt,Demais MT,FALSE,2023,10904,23971748.412,2198.4,4948,7360020,392346.75,4480077.849,7659443.536,1340798.277,461030,2278032,30.7,1.6,18.7,32,2026,2393,2389,99.83
5100805,Apiacás,resto_mt,Demais MT,FALSE,2023,8590,16495603.325,1920.3,4624,7766683.65,1125642.125,2510749.04,3098950.147,1090246.363,139517,763815,47.1,6.8,15.2,18.8,2026,2464,2400,97.4
5101001,Araguaiana,resto_mt,Demais MT,FALSE,2023,3795,8144576.2147,2146.1,2562,2964518.915,289635,477947.1667,3524645.133,426744,190982,270104,36.4,3.6,5.9,43.3,2026,1087,1067,98.16
5101209,Araguainha,resto_mt,Demais MT,FALSE,2023,1010,1635684,1619.5,800,752020,3241,133741,229676,196976,164532,155498,46,0.2,8.2,14,2026,387,375,96.9
5101258,Araputanga,resto_mt,Demais MT,FALSE,2023,14786,62936796.923,4256.5,9654,16962804.19,30235849.17,5234150.943,5667654.365,1650751.782,1150817.473,2034769,27,48,8.3,9,2026,4831,4769,98.72
5101308,Arenápolis,resto_mt,Demais MT,FALSE,2023,10576,21936232.8341,2074.2,6300,12254395.44,246772.567,3624897.681,1551402.543,2417814.555,457197.0481,1383753,55.9,1.1,16.5,7.1,2026,3273,3236,98.87
5101407,Aripuanã,resto_mt,Demais MT,FALSE,2023,24626,58177851.144,2362.5,13027,26502137.35,6513176.97,9510957.239,8041610.946,2985057.018,1531384.621,3093527,45.6,11.2,16.3,13.8,2026,5372,5051,94.02
5101605,Barão de Melgaço,pantanal_norte,Pantanal-13,TRUE,2023,7253,10973808.572,1513,4280,4701261.945,19945.046,1088470.303,3608172.583,631382.445,308401.25,616175,42.8,0.2,9.9,32.9,2026,2222,2082,93.7
5101704,Barra do Bugres,resto_mt,Demais MT,FALSE,2023,29403,91485217.42300001,3111.4,17131,29285732.94,37590441.77,10462771.77,5495222.84,4084240.36,2136192.743,2430615,32,41.1,11.4,6,2026,9407,9327,99.15
5101803,Barra do Garças,resto_mt,Demais MT,FALSE,2023,69210,197362693.868,2851.6,41340,80680540.94,46559363.03,41118541.65,8443312.059,9285188.346,8064605.843,3211142,40.9,23.6,20.8,4.3,2026,17780,17568,98.81
5101852,Bom Jesus do Araguaia,resto_mt,Demais MT,FALSE,2023,7280,20900067.717,2870.9,4347,7646656.889,37123,3321463.396,8421125.432,698971,17971,756757,36.6,0.2,15.9,40.3,2026,1536,1484,96.61
5101902,Brasnorte,resto_mt,Demais MT,FALSE,2023,17004,49750005.576,2925.8,8716,16169815.08,4232710.46,7495185.171,17361447.58,2381798.285,450245,1658804,32.5,8.5,15.1,34.9,2026,4393,4016,91.42
5102504,Cáceres,pantanal_norte,Pantanal-13,TRUE,2023,89681,210872379.099,2351.4,50285,104349588.3,23915742.81,34667599.93,19821597.93,18113922.59,2360298.539,7643629,49.5,11.3,16.4,9.4,2026,25306,25071,99.07
5102603,Campinápolis,resto_mt,Demais MT,FALSE,2023,15347,20815177.796,1356.3,6486,8909691.012,2043313.068,1537903.787,5841910.073,1731928.856,31232,719199,42.8,9.8,7.4,28.1,2026,2910,2246,77.18
5102637,Campo Novo do Parecis,resto_mt,Demais MT,FALSE,2023,45899,174988209.878,3812.5,20472,53537586.97,32006962.79,25064828.6,52887760.45,5129768.495,2117642.573,4243660,30.6,18.3,14.3,30.2,2026,8397,8387,99.88
5102678,Campo Verde,resto_mt,Demais MT,FALSE,2023,44585,180779090.714,4054.7,22400,40714190.82,45834292.38,39598741.54,40336762.23,3400254.269,5213717.475,5681132,22.5,25.4,21.9,22.3,2026,9432,9176,97.29
5102686,Campos de Júlio,resto_mt,Demais MT,FALSE,2023,8822,43245095.6555,4902,3877,10030057,2899917.182,6752310.345,21501527.39,1084260,318047.7385,658976,23.2,6.7,15.6,49.7,2026,1504,1472,97.87
5102694,Canabrava do Norte,resto_mt,Demais MT,FALSE,2023,4485,8977078.727,2001.6,2806,3773521,1494749.6,507436.9,2087004.227,670881,32725,410761,42,16.7,5.7,23.2,2026,1407,1337,95.02
5102702,Canarana,resto_mt,Demais MT,FALSE,2023,25858,80907569.804,3128.9,12840,32089836.34,2597455.369,18423849.04,20173801.26,2544830.88,2190704.915,2887092,39.7,3.2,22.8,24.9,2026,5655,5508,97.4
5102793,Carlinda,resto_mt,Demais MT,FALSE,2023,10332,18351588.8165,1776.2,6067,5899737.75,616065.2162,3920744.725,6282993.033,897275.3947,206669.6976,528103,32.1,3.4,21.4,34.2,2026,3399,3330,97.97
5102850,Castanheira,resto_mt,Demais MT,FALSE,2023,7506,16100062.881000001,2145,4498,4876331.083,1114741.162,1579736.583,6396336.053,762424,341152,1029342,30.3,6.9,9.8,39.7,2026,2513,2285,90.93
5103007,Chapada dos Guimarães,resto_mt,Demais MT,FALSE,2023,18990,58081231.956,3058.5,16788,25604588.42,4568820.09,11122115.69,8094651.036,1691938.66,3527179.06,3471939,44.1,7.9,19.1,13.9,2026,5538,5383,97.2
5103056,Cláudia,resto_mt,Demais MT,FALSE,2023,9593,30367017.338099997,3165.5,6702,11616659.12,4724301.554,4653424.948,6895849.209,1251694.794,286560.7131,938527,38.3,15.6,15.3,22.7,2026,3366,3218,95.6
5103106,Cocalinho,resto_mt,Demais MT,FALSE,2023,6220,42462205.6307,6826.7,3824,6161890.583,27241053,1212593,6096807.281,908387.7667,242093,599381,14.5,64.2,2.9,14.4,2026,1702,1609,94.54
5103205,Colíder,resto_mt,Demais MT,FALSE,2023,31370,98949437.04100001,3154.3,17756,33232477.11,32202004.42,15204196.73,10135193.77,4043298.079,994845.932,3137421,33.6,32.5,15.4,10.2,2026,9947,9887,99.4
5103254,Colniza,resto_mt,Demais MT,FALSE,2023,25766,48136228.467,1868.2,14064,22501049.18,3126410.701,8311320.564,8626331.77,2285562.252,640159,2645395,46.7,6.5,17.3,17.9,2026,7640,5490,71.86
5103304,Comodoro,resto_mt,Demais MT,FALSE,2023,18238,35908694.1646,1968.9,11460,13567198.73,1345640.254,6547548.431,11284312.86,1326334.964,558157.9256,1279501,37.8,3.7,18.2,31.4,2026,5466,5022,91.88
5103353,Confresa,resto_mt,Demais MT,FALSE,2023,35075,97411668.011,2777.2,19652,35989180.96,23636379.95,18196602.09,12308965.17,3508817.224,1247269.617,2524453,36.9,24.3,18.7,12.6,2026,7286,7091,97.32
5103361,Conquista D'Oeste,resto_mt,Demais MT,FALSE,2023,3760,6842894.5115,1819.9,1928,2710094,185488.8165,1046618,2016599.824,463723.871,1713,418657,39.6,2.7,15.3,29.5,2026,1015,985,97.04
5103379,Cotriguaçu,resto_mt,Demais MT,FALSE,2023,11011,18752227.532,1703,6555,7179167.574,1072771.637,1987426.762,6626060.477,1237557.082,33909,615335,38.3,5.7,10.6,35.3,2026,4297,3076,71.58
5103403,Cuiabá,polo_metropolitano,Polo Metropolitano,FALSE,2023,650877,2270812091.62,3488.8,344479,1056001171,309690600.6,616475087.7,17123240.53,139121331.2,73379150.32,59021510.27,46.5,13.6,27.1,0.8,2026,165685,165480,99.88
5103437,Curvelândia,pantanal_norte,Pantanal-13,TRUE,2023,4903,10752636.0926,2193.1,3960,4049738,524658.0096,1216481,3818360.083,561938,116305,465156,37.7,4.9,11.3,35.5,2026,1513,1513,100
5103452,Denise,resto_mt,Demais MT,FALSE,2023,7014,10900853.4732,1554.2,3761,6143631.417,290872.768,1341853.194,1440519.82,725511.8232,314259.451,644205,56.4,2.7,12.3,13.2,2026,2584,2563,99.19
5103502,Diamantino,resto_mt,Demais MT,FALSE,2023,21941,100977030.892,4602.2,11581,23607720.62,22248553.53,14001055.33,33895160.74,3455955.25,1295510.255,2473075.167,23.4,22,13.9,33.6,2026,5887,5844,99.27
5103601,Dom Aquino,resto_mt,Demais MT,FALSE,2023,7872,18857014.9344,2395.5,4879,6032281.858,2524311.602,1516832.632,6970983.837,848683.76,530294.2454,433627,32,13.4,8,37,2026,2735,2714,99.23
5103700,Feliz Natal,resto_mt,Demais MT,FALSE,2023,10521,27799238.6059,2642.3,4607,9252970.4,2450427.664,6318740.387,7057271.606,1522001,152734.5489,1045093,33.3,8.8,22.7,25.4,2026,2940,2913,99.08
5103809,Figueirópolis D'Oeste,resto_mt,Demais MT,FALSE,2023,3187,7019341.4065,2202.5,2107,2578335,583551.2905,690851,1907446.916,544851.2,255098,459208,36.7,8.3,9.8,27.2,2026,1206,1200,99.5
5103858,Gaúcha do Norte,resto_mt,Demais MT,FALSE,2023,8642,22914830.858,2651.6,3960,7912151.417,117386,5204171.027,7794177.718,885235.696,141471,860238,34.5,0.5,22.7,34,2026,1517,1387,91.43
5103908,General Carneiro,resto_mt,Demais MT,FALSE,2023,6037,10480080.045,1736,2807,3280913,5659,788998,4873684.045,738841,231554,560431,31.3,0.1,7.5,46.5,2026,1422,1335,93.88
5103957,Glória D'Oeste,pantanal_norte,Pantanal-13,TRUE,2023,2905,7340200,2526.7,2166,3783953,10686,470713,2099709,472183,232182,270774,51.6,0.1,6.4,28.6,2026,1031,1029,99.81
5104104,Guarantã do Norte,resto_mt,Demais MT,FALSE,2023,31024,77116456.556,2485.7,17393,30532885.72,13013539,15641218.17,9618563.011,3345350.628,2268774.027,2696126,39.6,16.9,20.3,12.5,2026,9391,9216,98.14
5104203,Guiratinga,resto_mt,Demais MT,FALSE,2023,10966,17308919.9024,1578.4,6847,8171132.205,518539.4307,2138779.351,4141075.374,847234.9969,291242.5448,1200916,47.2,3,12.4,23.9,2026,4618,4506,97.57
5104500,Indiavaí,resto_mt,Demais MT,FALSE,2023,2213,5266435.3009,2379.8,1528,1761408.5,71323.355,440530.4167,2151884,393219.0292,217280,230790,33.4,1.4,8.4,40.9,2026,752,752,100
5104526,Ipiranga do Norte,resto_mt,Demais MT,FALSE,2023,7815,49549303.465100005,6340.3,3758,8138329,3117244.705,6977483.791,29615408.19,917564.7791,239688,543585,16.4,6.3,14.1,59.8,2026,1559,1554,99.68
5104542,Itanhangá,resto_mt,Demais MT,FALSE,2023,7539,20701020.9963,2745.9,4212,6366621.575,363390,3290435.933,8867580.405,807187.8333,161493.25,844312,30.8,1.8,15.9,42.8,2026,1570,1558,99.24
5104559,Itaúba,resto_mt,Demais MT,FALSE,2023,5020,17481650.454,3482.4,2632,5221728,5574990.358,2414134.175,1762258.09,1005298.831,469155,1034086,29.9,31.9,13.8,10.1,2026,1389,1376,99.06
5104609,Itiquira,pantanal_norte,Pantanal-13,TRUE,2023,12236,42648205.243,3485.5,6394,10406065.96,1369376.887,8012525.794,19760437.35,2293164.252,224582,582053,24.4,3.2,18.8,46.3,2026,3618,3573,98.76
5104807,Jaciara,resto_mt,Demais MT,FALSE,2023,28569,67369620.429,2358.1,14995,30416210.1,10436780.09,10939540.37,8705765.295,3067497.901,2272736.998,1531089.675,45.1,15.5,16.2,12.9,2026,8154,8111,99.47
5104906,Jangada,resto_mt,Demais MT,FALSE,2023,7426,11727696.0208,1579.3,4192,5718994.815,725232.8517,1668545.348,2183656.875,569832.4176,428069.7135,433364,48.8,6.2,14.2,18.6,2026,1978,1947,98.43
5105002,Jauru,resto_mt,Demais MT,FALSE,2023,8367,16835477.0421,2012.1,5646,7493084.441,121841,1937965.996,4983590.053,930159.6348,468918.9173,899917,44.5,0.7,11.5,29.6,2026,3213,3193,99.38
5105101,Juara,resto_mt,Demais MT,FALSE,2023,34906,82056441.752,2350.8,19236,33271930.85,9035783.748,16502796.11,14965427.34,3968959.804,1574050.9,2737493,40.5,11,20.1,18.2,2026,10010,9728,97.18
5105150,Juína,resto_mt,Demais MT,FALSE,2023,45869,98110696.934,2138.9,25821,44267645.55,7448463.997,21274102.09,13618145,6358053.624,1460723.673,3683563,45.1,7.6,21.7,13.9,2026,11930,11597,97.21
5105176,Juruena,resto_mt,Demais MT,FALSE,2023,10213,28329502.248,2773.9,5942,8414429.135,11281970.41,3196225.741,3282501.866,1134639.846,287235.25,732500,29.7,39.8,11.3,11.6,2026,3184,3099,97.33
5105200,Juscimeira,pantanal_norte,Pantanal-13,TRUE,2023,11480,20090422.362999998,1750,6748,8863554,1016836.062,2482649.76,4465724.688,1247862.853,341707,1672088,44.1,5.1,12.4,22.2,2026,3739,3705,99.09
5105234,Lambari D'Oeste,pantanal_norte,Pantanal-13,TRUE,2023,4790,12415036.5035,2591.9,3204,3647805.668,488568.4625,854503.7,6069181.673,777445,73842,503690,29.4,3.9,6.9,48.9,2026,1689,1676,99.23
5105259,Lucas do Rio Verde,resto_mt,Demais MT,FALSE,2023,83798,326901640.606,3901.1,36683,106164005.8,71626839.9,72674268.73,53698133.5,9295575.054,4585554.622,8857263,32.5,21.9,22.2,16.4,2026,13769,13756,99.91
5105309,Luciara,resto_mt,Demais MT,FALSE,2023,2509,3609456.9323,1438.6,1533,2105771,7336,308679,526380,468989,102590.9323,89711,58.3,0.2,8.6,14.6,2026,656,633,96.49
5105507,Vila Bela da Santíssima Trindade,resto_mt,Demais MT,FALSE,2023,16774,41394745.2483,2467.8,7936,9926602.947,8268416.912,2614839.852,17190266.33,1807394.624,195775.5833,1391449,24,20,6.3,41.5,2026,4010,3857,96.18
5105580,Marcelândia,resto_mt,Demais MT,FALSE,2023,11396,32636515.8137,2863.9,6859,10008597.88,1988334.865,4806849.406,12640513.67,1395883.291,738255.7017,1058081,30.7,6.1,14.7,38.7,2026,3738,3603,96.39
5105606,Matupá,resto_mt,Demais MT,FALSE,2023,20091,69950226.319,3481.7,10281,21193788.5,18165825.18,12902205.17,12139668.85,2541314.108,925886.511,2081538,30.3,26,18.4,17.4,2026,4262,4184,98.17
5105622,Mirassol D'Oeste,pantanal_norte,Pantanal-13,TRUE,2023,26785,77106175.571,2878.7,14638,29716075.32,21242166.3,13149945.73,6230968.549,2871635.16,1318428.512,2576956,38.5,27.5,17.1,8.1,2026,7916,7898,99.77
5105903,Nobres,resto_mt,Demais MT,FALSE,2023,15492,207353023.2778,13384.5,9462,20761307.94,172900283.5,5122085.352,3670197.75,1884345.531,427464.2048,2587339,10,83.4,2.5,1.8,2026,4478,4414,98.57
5106000,Nortelândia,resto_mt,Demais MT,FALSE,2023,5956,15318332.0334,2571.9,3649,6164355,916451.0738,1163667.183,5156619.219,914654.0067,291418.5509,711167,40.2,6,7.6,33.7,2026,2004,1987,99.15
5106109,Nossa Senhora do Livramento,pantanal_norte,Pantanal-13,TRUE,2023,12940,36704302.805,2836.5,7485,7785172.844,15737157.03,3447020.521,7678087.077,1003608.333,301030,752227,21.2,42.9,9.4,20.9,2026,3568,3437,96.33
5106158,Nova Bandeirantes,resto_mt,Demais MT,FALSE,2023,13635,29311533.242,2149.7,7305,10832884.43,2021235.229,4511041.841,9729378.628,1435342.114,56707,724944,37,6.9,15.4,33.2,2026,3445,2879,83.57
5106174,Nova Nazaré,resto_mt,Demais MT,FALSE,2023,4200,5501971.143999999,1310,1877,2006495.375,6592,443734,2352567.769,469585,57394,165603,36.5,0.1,8.1,42.8,2026,760,620,81.58
5106182,Nova Lacerda,resto_mt,Demais MT,FALSE,2023,6670,14162280.7736,2123.3,3520,5853546.417,246751.125,1608396.21,5329574.265,851901.7566,3581,268530,41.3,1.7,11.4,37.6,2026,1630,1529,93.8
5106190,Nova Santa Helena,resto_mt,Demais MT,FALSE,2023,4239,12439821.56,2934.6,2394,3585066,1091595.074,2813686.809,3435681.677,895525,36480,581787,28.8,8.8,22.6,27.6,2026,1112,1081,97.21
5106208,Nova Brasilândia,resto_mt,Demais MT,FALSE,2023,3932,9015858.599,2292.9,3008,3220818.75,14430.24,1201553.082,3440308.583,526455.444,128451.5,483841,35.7,0.2,13.3,38.2,2026,1450,1430,98.62
5106216,Nova Canaã do Norte,resto_mt,Demais MT,FALSE,2023,11707,35136656.388000004,3001.3,7819,9499966.817,5787535.637,3120161.515,14117244.23,1362232.907,304005.282,945510,27,16.5,8.9,40.2,2026,3891,3792,97.46
5106224,Nova Mutum,resto_mt,Demais MT,FALSE,2023,55839,324339359.252,5808.5,24248,67127571.47,131740047.7,47362716.76,66636682.8,5297046.791,1722437.731,4452856,20.7,40.6,14.6,20.5,2026,9429,9407,99.77
5106232,Nova Olímpia,resto_mt,Demais MT,FALSE,2023,16352,27825932.5594,1701.7,7979,14215467,4046778.816,3944055.493,2131622.78,1691583.552,538236.9184,1258188,51.1,14.5,14.2,7.7,2026,5102,5030,98.59
5106240,Nova Ubiratã,resto_mt,Demais MT,FALSE,2023,11530,63596357.667500004,5515.7,6475,10743536.64,946605.4445,10713336.51,37601424.74,1923694.333,126097,1541663,16.9,1.5,16.8,59.1,2026,2748,2728,99.27
5106257,Nova Xavantina,resto_mt,Demais MT,FALSE,2023,24345,85623421.3669,3517.1,12940,26749475.56,35955773.54,7516139.178,8201580.498,2494115.379,885624.2119,3820713,31.2,42,8.8,9.6,2026,6378,6274,98.37
5106265,Novo Mundo,resto_mt,Demais MT,FALSE,2023,6520,19145353.5666,2936.4,4557,4816104.2,35107,3234404.956,9496556.442,759266.9686,304717,499197,25.2,0.2,16.9,49.6,2026,2242,2154,96.07
5106273,Novo Horizonte do Norte,resto_mt,Demais MT,FALSE,2023,3349,7509711.769,2242.4,2128,3388715,115747.52,464634.35,2549243.399,580309,99776.5,311286,45.1,1.5,6.2,33.9,2026,1193,1179,98.83
5106281,Novo São Joaquim,resto_mt,Demais MT,FALSE,2023,6919,23194434.6764,3352.3,4665,5253899.066,76181,1326423.185,14373558.27,843912.0948,331291.0606,989170,22.7,0.3,5.7,62,2026,2063,2006,97.24
5106299,Paranaíta,resto_mt,Demais MT,FALSE,2023,11671,26018810.748,2229.4,6274,9658527.944,1858534.957,3353440.138,7740061.457,1985396.252,256249,1166601,37.1,7.1,12.9,29.7,2026,3214,3139,97.67
5106307,Paranatinga,resto_mt,Demais MT,FALSE,2023,26423,80732745.554,3055.4,12502,24090535,24680413.32,8954343.653,17145463.11,2186805.014,1362882.457,2312303,29.8,30.6,11.1,21.2,2026,5932,5630,94.91
5106315,Novo Santo Antônio,resto_mt,Demais MT,FALSE,2023,2015,3783987.2591,1877.9,1430,1971706.75,36006,188276,901120.5091,352230,15762,318886,52.1,1,5,23.8,2026,598,537,89.8
5106372,Pedra Preta,resto_mt,Demais MT,FALSE,2023,18066,81597130.055,4516.6,9814,17097601.18,23638433,4162224.348,30681439.92,1896223.833,1245588.774,2875619,21,29,5.1,37.6,2026,5106,5011,98.14
5106422,Peixoto de Azevedo,resto_mt,Demais MT,FALSE,2023,32714,75077577.763,2295,18594,31203690.99,13020365.93,9886944.177,12857768.14,3902855.813,1385239.713,2820713,41.6,17.3,13.2,17.1,2026,8695,8468,97.39
5106455,Planalto da Serra,resto_mt,Demais MT,FALSE,2023,3166,8313288.7755,2625.8,2019,2491379.5,1664696.275,581187.4167,2699344.686,440678.0645,168880.8333,267122,30,20,7,32.5,2026,863,835,96.76
5106505,Poconé,pantanal_norte,Pantanal-13,TRUE,2023,31217,112804420.569,3613.6,18266,31458888.64,51979286,15571126.52,6553203.076,2454731.726,1882177.607,2905007,27.9,46.1,13.8,5.8,2026,8885,8751,98.49
5106653,Pontal do Araguaia,resto_mt,Demais MT,FALSE,2023,6932,11873475.106999999,1712.8,3808,7470443.583,92597,725504,1953461.314,744926.21,255979,630564,62.9,0.8,6.1,16.5,2026,1745,1680,96.28
5106703,Ponte Branca,resto_mt,Demais MT,FALSE,2023,2008,3032272,1510.1,1366,1683453,46896,226583,404346,302326,103666,265002,55.5,1.5,7.5,13.3,2026,649,638,98.31
5106752,Pontes e Lacerda,resto_mt,Demais MT,FALSE,2023,52018,194005726.349,3729.6,27046,59838439.74,80392939.56,25079746.53,16155434.59,5342979.429,2641826.5,4554360,30.8,41.4,12.9,8.3,2026,12776,12679,99.24
5106778,Porto Alegre do Norte,resto_mt,Demais MT,FALSE,2023,12127,20474216.788,1688.3,5859,9513156.083,2114532.653,3302809.168,3134845.201,1226431.683,340924,841518,46.5,10.3,16.1,15.3,2026,3008,2871,95.45
5106802,Porto dos Gaúchos,resto_mt,Demais MT,FALSE,2023,5593,27942885.516,4996,3420,6638586,2588355.806,4054945.246,12802089.48,1017789.984,272849,568270,23.8,9.3,14.5,45.8,2026,1759,1708,97.1
5106828,Porto Esperidião,pantanal_norte,Pantanal-13,TRUE,2023,10204,21432876.1543,2100.4,6128,6856359.36,1054601.717,1899666.634,8579326.723,1936397.583,259970.1373,846554,32,4.9,8.9,40,2026,3193,3115,97.56
5106851,Porto Estrela,resto_mt,Demais MT,FALSE,2023,3224,5433842,1685.4,2191,1839890,31111,512057,1979731,579478,231302,260273,33.9,0.6,9.4,36.4,2026,1119,1032,92.23
5107008,Poxoréu,resto_mt,Demais MT,FALSE,2023,23283,43612689.843,1873.2,11561,14629548.25,1118138.483,2744007.203,21269225.12,1997702.731,524994.056,1329074,33.5,2.6,6.3,48.8,2026,5658,5420,95.79
5107040,Primavera do Leste,resto_mt,Demais MT,FALSE,2023,85146,316906103.869,3721.9,41853,102013950.3,38125452.47,72301260.31,82352795.64,7025904.73,4644615.389,10442125.03,32.2,12,22.8,26,2026,15771,15702,99.56
5107065,Querência,resto_mt,Demais MT,FALSE,2023,26769,96837663.9497,3617.5,12544,36916936.5,3197730.827,22006336.47,28179463.5,2864309.486,831243.1667,2841644,38.1,3.3,22.7,29.1,2026,3657,3505,95.84
5107107,São José dos Quatro Marcos,resto_mt,Demais MT,FALSE,2023,17849,40325332.529,2259.2,10308,21639198,4276506.806,5647484.709,4750657.199,1535722.744,1201988.071,1273775,53.7,10.6,14,11.8,2026,6108,6094,99.77
5107156,Reserva do Cabaçal,resto_mt,Demais MT,FALSE,2023,2122,4594251.3757,2165.1,1538,1459487.262,0,264059,1990651.447,369629,112779.6667,397645,31.8,0,5.7,43.3,2026,827,800,96.74
5107180,Ribeirão Cascalheira,resto_mt,Demais MT,FALSE,2023,10089,25126866.648,2490.5,5925,9007445.733,205144,3799464.813,9481468.935,1156060.167,371233,1106050,35.8,0.8,15.1,37.7,2026,2701,2591,95.93
5107198,Ribeirãozinho,resto_mt,Demais MT,FALSE,2023,2593,5065137.4,1953.4,1593,2234236,19275.479,704542,1246163.921,377388,165662,317870,44.1,0.4,13.9,24.6,2026,743,735,98.92
5107206,Rio Branco,resto_mt,Demais MT,FALSE,2023,4535,14954481.1724,3297.6,3405,5275887.667,368083.0392,2406599.486,5336308.295,738890.25,256263.4352,572449,35.3,2.5,16.1,35.7,2026,1687,1681,99.64
5107248,Santa Carmem,resto_mt,Demais MT,FALSE,2023,5374,19283843.3419,3588.4,2765,5206993.371,2303581.323,4815086.756,4658894.347,806128.3112,239727.2337,1253432,27,11.9,25,24.2,2026,1172,1164,99.32
5107263,Santo Afonso,resto_mt,Demais MT,FALSE,2023,2519,5713284.1678,2268.1,1869,2098586,6693.89,388686,2204686.564,568466.7138,199720,246445,36.7,0.1,6.8,38.6,2026,1010,995,98.51
5107297,São José do Povo,resto_mt,Demais MT,FALSE,2023,2875,4473827.186,1556.1,1860,1659792.183,2969,253717,1847806.253,395335,172143.75,142064,37.1,0.1,5.7,41.3,2026,1154,1148,99.48
5107305,São José do Rio Claro,resto_mt,Demais MT,FALSE,2023,14911,41845373.982,2806.3,8084,16743937.18,2087210.717,7598591.147,11545156.97,1856561.214,641898.754,1372018,40,5,18.2,27.6,2026,4926,4859,98.64
5107354,São José do Xingu,resto_mt,Demais MT,FALSE,2023,5964,21340689.3555,3578.3,3428,6019033,137927.4975,3085854.698,10317532.16,1146253,120369,513720,28.2,0.6,14.5,48.3,2026,1515,1462,96.5
5107404,São Pedro da Cipa,resto_mt,Demais MT,FALSE,2023,4191,4469220.3157,1066.4,2116,3090572.07,38661,308143,363582.1028,522453.1429,0,145809,69.2,0.9,6.9,8.1,2026,1294,1282,99.07
5107578,Rondolândia,resto_mt,Demais MT,FALSE,2023,3505,5288564.682,1508.9,2030,1668747,215169.682,436055,2080355,458604,85489,344145,31.6,4.1,8.2,39.3,2026,970,906,93.4
5107602,Rondonópolis,pantanal_norte,Pantanal-13,TRUE,2023,244911,956010108.36,3903.5,134463,327749724.5,333448447,183578930.9,29783699.42,27620044.78,27095853.59,26733408.17,34.3,34.9,19.2,3.1,2026,61398,61242,99.75
5107701,Rosário Oeste,resto_mt,Demais MT,FALSE,2023,15453,65548477.181200005,4241.8,9534,12351365.82,39198303.7,3182610.345,6812236.194,1664017.034,807444.0882,1532500,18.8,59.8,4.9,10.4,2026,5172,4945,95.61
5107743,Santa Cruz do Xingu,resto_mt,Demais MT,FALSE,2023,2661,6873589.801,2583.1,1518,2292166.133,15455,619316,3141567.668,532318,40632,232135,33.3,0.2,9,45.7,2026,605,590,97.52
5107750,Salto do Céu,resto_mt,Demais MT,FALSE,2023,3679,6229495,1693.3,2354,3521219,16220,373226,1302333,560918,141247,314332,56.5,0.3,6,20.9,2026,1282,1272,99.22
5107768,Santa Rita do Trivelato,resto_mt,Demais MT,FALSE,2023,3276,17105304.686,5221.4,1350,2306127.56,17617,4398292.083,9354712.043,686569,0,341987,13.5,0.1,25.7,54.7,2026,717,697,97.21
5107776,Santa Terezinha,resto_mt,Demais MT,FALSE,2023,7596,10426973.207,1372.7,3873,3961454.912,201245.7311,570191,4454011.043,635756.5209,226615,377699,38,1.9,5.5,42.7,2026,2039,1982,97.2
5107792,Santo Antônio do Leste,resto_mt,Demais MT,FALSE,2023,4099,14848803.919,3622.5,1564,2963272,161922.191,721044,9821639.488,480011.24,251638,449277,20,1.1,4.9,66.1,2026,1022,932,91.19
5107800,Santo Antônio do Leverger,pantanal_norte,Pantanal-13,TRUE,2023,15246,33414950.7924,2191.7,12491,15143084.95,1928637.448,2915283.324,8973347.47,2404358.655,596374.9454,1453864,45.3,5.8,8.7,26.9,2026,5573,5494,98.58
5107859,São Félix do Araguaia,resto_mt,Demais MT,FALSE,2023,13621,32567502.6448,2391,6514,9342286.396,188873,5875610.164,13350883.57,2182997.234,508094.2808,1118758,28.7,0.6,18,41,2026,3293,3174,96.39
5107875,Sapezal,resto_mt,Demais MT,FALSE,2023,28944,158031088.141,5459.9,11966,31886288.72,9240739.147,15648951.71,94116188.46,2866512.233,1018071.871,3254336,20.2,5.8,9.9,59.6,2026,5390,5381,99.83
5107883,Serra Nova Dourada,resto_mt,Demais MT,FALSE,2023,1800,2863506,1590.8,1133,1381704,21348,140819,928438,263246,12536,115415,48.3,0.7,4.9,32.4,2026,439,412,93.85
5107909,Sinop,resto_mt,Demais MT,FALSE,2023,196312,592069829.791,3016,103076,290069506.8,70676575.11,154334147.4,25597758.03,17416230.74,9274407.711,24701204,49,11.9,26.1,4.3,2026,34020,33983,99.89
5107925,Sorriso,resto_mt,Demais MT,FALSE,2023,110635,484800759.453,4382,54423,170252606.4,90779428.23,111104613.6,81431970.85,11547034.04,7126804.333,12558302,35.1,18.7,22.9,16.8,2026,19887,19847,99.8
5107941,Tabaporã,resto_mt,Demais MT,FALSE,2023,9818,32618072.748,3322.3,5950,9716675.87,1745375.6,6038137.298,12643190.98,1210731,293006,970956,29.8,5.4,18.5,38.8,2026,3083,3027,98.18
5107958,Tangará da Serra,resto_mt,Demais MT,FALSE,2023,106434,342569477.51100004,3218.6,52964,124684518.2,76326569.23,57096901.07,59618669.77,10233202.79,5600348.451,9009268,36.4,22.3,16.7,17.4,2026,25605,25383,99.13
5108006,Tapurah,resto_mt,Demais MT,FALSE,2023,14370,63294319.212000005,4404.6,6500,17780700.75,2313955.838,12546919.47,26340002.01,1876975.144,490731,1945035,28.1,3.7,19.8,41.6,2026,2607,2599,99.69
5108055,Terra Nova do Norte,resto_mt,Demais MT,FALSE,2023,10616,26743838.822,2519.2,6119,8916437.167,5094264.109,4045271.265,5592301.094,1769813.567,561403.62,764348,33.3,19,15.1,20.9,2026,3572,3538,99.05
5108105,Tesouro,resto_mt,Demais MT,FALSE,2023,3025,6725099.345,2223.2,1967,1946892,127105.248,639096.875,3239373.472,351433,34104.75,387094,28.9,1.9,9.5,48.2,2026,1123,1011,90.03
5108204,Torixoréu,resto_mt,Demais MT,FALSE,2023,4164,9146091.227,2196.5,2758,3178395,5809,838822.3622,3804397.72,481062,420929.1448,416676,34.8,0.1,9.2,41.6,2026,1450,1413,97.45
5108303,União do Sul,resto_mt,Demais MT,FALSE,2023,3838,9975686.1326,2599.2,2456,3215492.062,602514.8503,1863129.74,3325559.647,515125.8333,80458,373406,32.2,6,18.7,33.3,2026,1141,1042,91.32
5108352,Vale de São Domingos,resto_mt,Demais MT,FALSE,2023,2904,5102651,1757.1,1771,2009535,66274,443705,1584155,497998,144675,356309,39.4,1.3,8.7,31,2026,961,956,99.48
5108402,Várzea Grande,polo_metropolitano,Polo Metropolitano,FALSE,2023,300078,847612440.557,2824.6,144883,401509146.3,183550306.9,169121699.8,3647119.777,30092720.86,25940238.34,33751208.58,47.4,21.7,20,0.4,2026,74641,74540,99.86
5108501,Vera,resto_mt,Demais MT,FALSE,2023,12800,49687130.7768,3881.8,5180,10711501.32,4786281.427,4778741.58,26627158.54,1326856.707,378891.2028,1077700,21.6,9.6,9.6,53.6,2026,2965,2944,99.29
5108600,Vila Rica,resto_mt,Demais MT,FALSE,2023,19888,38487348.344399996,1935.2,10411,17481736,878155.6704,6432160.205,9335271.269,2439482.2,24991,1895552,45.4,2.3,16.7,24.3,2026,6076,5892,96.97
5108808,Nova Guarita,resto_mt,Demais MT,FALSE,2023,4590,10801612.6294,2353.3,3235,4099676.667,44289,1812596.934,3542476.817,525936.9614,228210.25,548426,38,0.4,16.8,32.8,2026,1505,1478,98.21
5108857,Nova Marilândia,resto_mt,Demais MT,FALSE,2023,3529,33128346.2378,9387.5,1905,2484328,25404265.86,628198,3302851.829,803967.5488,102731,402004,7.5,76.7,1.9,10,2026,922,906,98.26
5108907,Nova Maringá,resto_mt,Demais MT,FALSE,2023,5846,26374317.612,4511.5,3312,5428134.139,1070924.88,5288899.419,12375714.55,1251347.624,130681,828616,20.6,4.1,20.1,46.9,2026,1872,1781,95.14
5108956,Nova Monte Verde,resto_mt,Demais MT,FALSE,2023,8313,18678230.523000002,2246.9,5015,7561618.827,1413644.806,2857835.723,5109021.417,1010236.75,97645,628228,40.5,7.6,15.3,27.4,2026,2496,2438,97.68
