id_municipio,municipio,grupo,subgrupo,pantanal_norte,area_municipio_km2,populacao,km_total,km_pavimentado,perc_pavimentado,km_arterial,km_expressa,km_coletora,n_segmentos,densidade_km_por_100km2,densidade_km_por_1000hab
5100102,Acorizal,resto_mt,Demais MT,FALSE,1013.82825,5014,66.1,65.3,98.8,66.1,0,0,49,6.52,13.18
5100201,Água Boa,resto_mt,Demais MT,FALSE,7504.70975,29219,375.5,335.9,89.5,164.7,0,210.8,139,5,12.85
5100250,Alta Floresta,resto_mt,Demais MT,FALSE,9006.11428,58613,194.8,194.7,99.9,24.6,0,170.1,78,2.16,3.32
5100300,Alto Araguaia,resto_mt,Demais MT,FALSE,5504.45764,17193,242.9,138.7,57.1,89.4,0,153.6,76,4.41,14.13
5100359,Alto Boa Vista,resto_mt,Demais MT,FALSE,2242.55948,5715,320.9,1,0.3,74.2,0,246.8,43,14.31,56.15
5100409,Alto Garças,resto_mt,Demais MT,FALSE,3773.9521,13052,236.9,175.4,74,129.9,0,107,42,6.28,18.15
5100508,Alto Paraguai,resto_mt,Demais MT,FALSE,1851.0719,8009,55.1,55.1,100,55.1,0,0,9,2.98,6.88
5100607,Alto Taquari,resto_mt,Demais MT,FALSE,1436.42551,10904,84,66.9,79.6,67.3,0,16.6,72,5.85,7.7
5100805,Apiacás,resto_mt,Demais MT,FALSE,20364.58875,8590,77.1,0,0,0,0,77.1,55,0.38,8.98
5101001,Araguaiana,resto_mt,Demais MT,FALSE,6409.19522,3795,48.3,48.3,100,0,0,48.3,9,0.75,12.73
5101209,Araguainha,resto_mt,Demais MT,FALSE,687.88847,1010,16.8,16.8,100,0,0,16.8,8,2.44,16.63
5101258,Araputanga,resto_mt,Demais MT,FALSE,1594.55144,14786,88.5,88.5,100,0,0,88.5,50,5.55,5.99
5101308,Arenápolis,resto_mt,Demais MT,FALSE,413.06821,10576,67.6,60.5,89.5,37.9,0,29.7,42,16.37,6.39
5101407,Aripuanã,resto_mt,Demais MT,FALSE,25044.78932,24626,235,65.2,27.7,0,0,235,41,0.94,9.54
5101605,Barão de Melgaço,pantanal_norte,Pantanal-13,TRUE,11448.69456,7253,89.6,87,97.1,0,0,89.6,10,0.78,12.35
5101704,Barra do Bugres,resto_mt,Demais MT,FALSE,6049.81985,29403,615.4,287.8,46.8,145.2,0,470.2,84,10.17,20.93
5101803,Barra do Garças,resto_mt,Demais MT,FALSE,9125.18385,69210,281,280.5,99.8,216.7,0,64.3,195,3.08,4.06
5101852,Bom Jesus do Araguaia,resto_mt,Demais MT,FALSE,4263.7716199999995,7280,247.4,104.2,42.1,133.6,0,113.8,29,5.8,33.98
5101902,Brasnorte,resto_mt,Demais MT,FALSE,15985.28562,17004,503.3,477.5,94.9,478,0,25.3,54,3.15,29.6
5102504,Cáceres,pantanal_norte,Pantanal-13,TRUE,24324.64251,89681,641.5,608.9,94.9,445.6,0,195.9,134,2.64,7.15
5102603,Campinápolis,resto_mt,Demais MT,FALSE,5974.259840000001,15347,196,81.7,41.7,0,0,196,37,3.28,12.77
5102637,Campo Novo do Parecis,resto_mt,Demais MT,FALSE,9428.94014,45899,409.6,408.4,99.7,409.6,0,0,91,4.34,8.92
5102678,Campo Verde,resto_mt,Demais MT,FALSE,5421.22013,44585,712.5,708,99.4,324.4,101.2,287,180,13.14,15.98
5102686,Campos de Júlio,resto_mt,Demais MT,FALSE,6798.59104,8822,364.1,289.2,79.4,109.9,0,254.2,45,5.36,41.27
5102694,Canabrava do Norte,resto_mt,Demais MT,FALSE,3439.40107,4485,209.9,61.5,29.3,133.5,0,76.4,37,6.1,46.8
5102702,Canarana,resto_mt,Demais MT,FALSE,10870.96131,25858,748.2,338.7,45.3,230.4,0,517.8,89,6.88,28.93
5102793,Carlinda,resto_mt,Demais MT,FALSE,2387.48013,10332,136.7,87.3,63.9,82.6,0,54.1,29,5.73,13.23
5102850,Castanheira,resto_mt,Demais MT,FALSE,3889.56728,7506,124.7,35.5,28.5,0,0,124.7,48,3.21,16.61
5103007,Chapada dos Guimarães,resto_mt,Demais MT,FALSE,6388.20423,18990,213.5,189.8,88.9,96.1,0,117.4,99,3.34,11.24
5103056,Cláudia,resto_mt,Demais MT,FALSE,3850.6553,9593,188.8,188.7,99.9,59.5,0,129.4,48,4.9,19.68
5103106,Cocalinho,resto_mt,Demais MT,FALSE,16547.02174,6220,255.9,121.9,47.6,0,0,255.9,53,1.55,41.14
5103205,Colíder,resto_mt,Demais MT,FALSE,3032.59843,31370,115.2,91.6,79.5,92.4,0,22.8,50,3.8,3.67
5103254,Colniza,resto_mt,Demais MT,FALSE,27951.16004,25766,542.2,2.6,0.5,0,0,542.2,109,1.94,21.04
5103304,Comodoro,resto_mt,Demais MT,FALSE,21720.1608,18238,581.3,580.8,99.9,581.3,0,0,44,2.68,31.87
5103353,Confresa,resto_mt,Demais MT,FALSE,5794.01001,35075,325.4,235.5,72.4,149.4,0,176,64,5.62,9.28
5103361,Conquista D'Oeste,resto_mt,Demais MT,FALSE,2684.1417,3760,285.4,143.7,50.4,143.7,0,141.7,10,10.63,75.9
5103379,Cotriguaçu,resto_mt,Demais MT,FALSE,9483.19267,11011,79.9,30.8,38.5,0,0,79.9,24,0.84,7.26
5103403,Cuiabá,polo_metropolitano,Polo Metropolitano,FALSE,3270.03225,650877,923.2,863.6,93.5,399.3,208.6,315.3,1812,28.23,1.42
5103437,Curvelândia,pantanal_norte,Pantanal-13,TRUE,358.79068,4903,69.3,69.3,100,0,0,69.3,10,19.31,14.13
5103452,Denise,resto_mt,Demais MT,FALSE,1278.10289,7014,50.1,48.7,97.2,45.2,0,4.9,71,3.92,7.14
5103502,Diamantino,resto_mt,Demais MT,FALSE,8314.624,21941,952.1,917.3,96.3,847.5,0,104.6,218,11.45,43.39
5103601,Dom Aquino,resto_mt,Demais MT,FALSE,2195.90917,7872,234.3,234.2,100,234.3,0,0,23,10.67,29.76
5103700,Feliz Natal,resto_mt,Demais MT,FALSE,11450.58691,10521,164.9,71.7,43.5,0,0,164.9,31,1.44,15.67
5103809,Figueirópolis D'Oeste,resto_mt,Demais MT,FALSE,885.88088,3187,112.7,112.1,99.5,91.2,0,21.4,21,12.72,35.36
5103858,Gaúcha do Norte,resto_mt,Demais MT,FALSE,16898.69521,8642,203.8,10.7,5.3,0,0,203.8,36,1.21,23.58
5103908,General Carneiro,resto_mt,Demais MT,FALSE,3718.76064,6037,213.5,211.2,98.9,210.8,0,2.7,29,5.74,35.37
5103957,Glória D'Oeste,pantanal_norte,Pantanal-13,TRUE,852.08996,2905,58,58,100,58,0,0,19,6.81,19.97
5104104,Guarantã do Norte,resto_mt,Demais MT,FALSE,4740.38757,31024,140.1,133.9,95.6,117.2,0,23,55,2.96,4.52
5104203,Guiratinga,resto_mt,Demais MT,FALSE,5037.0386,10966,387.6,233.3,60.2,146.8,0,240.8,60,7.69,35.35
5104500,Indiavaí,resto_mt,Demais MT,FALSE,604.7893200000001,2213,23.1,23.1,100,0,0,23.1,9,3.82,10.44
5104526,Ipiranga do Norte,resto_mt,Demais MT,FALSE,3437.12846,7815,167.3,162.5,97.1,63.2,0,104.2,43,4.87,21.41
5104542,Itanhangá,resto_mt,Demais MT,FALSE,2938.7113,7539,268.9,174.2,64.8,120.3,0,148.7,37,9.15,35.67
5104559,Itaúba,resto_mt,Demais MT,FALSE,4632.0151,5020,107.2,107.2,100,107.2,0,0,5,2.31,21.35
5104609,Itiquira,pantanal_norte,Pantanal-13,TRUE,8704.20405,12236,485.2,380,78.3,0.8,133.7,350.7,137,5.57,39.65
5104807,Jaciara,resto_mt,Demais MT,FALSE,2408.09555,28569,170.6,168.5,98.8,23.5,147.1,0,79,7.08,5.97
5104906,Jangada,resto_mt,Demais MT,FALSE,1295.97242,7426,45.6,45.6,100,45.6,0,0,39,3.52,6.14
5105002,Jauru,resto_mt,Demais MT,FALSE,1309.04055,8367,117.4,93.7,79.8,57,0,60.4,31,8.97,14.03
5105101,Juara,resto_mt,Demais MT,FALSE,22750.78884,34906,370.2,274.6,74.2,171.5,0,198.7,101,1.63,10.61
5105150,Juína,resto_mt,Demais MT,FALSE,26196.43324,45869,456.6,159.5,34.9,134.2,0,322.5,73,1.74,9.95
5105176,Juruena,resto_mt,Demais MT,FALSE,2818.03539,10213,164.9,53,32.1,0,0,164.9,73,5.85,16.15
5105200,Juscimeira,pantanal_norte,Pantanal-13,TRUE,2695.00356,11480,288.4,205.1,71.1,52.5,69,167,83,10.7,25.12
5105234,Lambari D'Oeste,pantanal_norte,Pantanal-13,TRUE,1769.8909600000002,4790,168.8,41.3,24.5,0,0,168.8,41,9.54,35.24
5105259,Lucas do Rio Verde,resto_mt,Demais MT,FALSE,3655.63979,83798,243.9,234,95.9,187.3,0,56.5,340,6.67,2.91
5105309,Luciara,resto_mt,Demais MT,FALSE,4148.76082,2509,60.8,0.3,0.5,0,0,60.8,3,1.47,24.23
5105507,Vila Bela da Santíssima Trindade,resto_mt,Demais MT,FALSE,13481.36455,16774,338.1,195.7,57.9,0,0,338.1,85,2.51,20.16
5105580,Marcelândia,resto_mt,Demais MT,FALSE,12267.61848,11396,414,97.4,23.5,0,0,414,107,3.37,36.33
5105606,Matupá,resto_mt,Demais MT,FALSE,5160.38035,20091,132.6,131.9,99.5,54.4,0,78.2,22,2.57,6.6
5105622,Mirassol D'Oeste,pantanal_norte,Pantanal-13,TRUE,1076.41515,26785,124.3,122.4,98.5,85.8,0,38.5,61,11.55,4.64
5105903,Nobres,resto_mt,Demais MT,FALSE,3770.52642,15492,194,166.1,85.6,82.1,0,112,85,5.15,12.52
5106000,Nortelândia,resto_mt,Demais MT,FALSE,1352.83209,5956,106.8,106.6,99.8,83.7,0,23.1,26,7.89,17.93
5106109,Nossa Senhora do Livramento,pantanal_norte,Pantanal-13,TRUE,5430.49191,12940,393.1,381.6,97.1,393.1,0,0,45,7.24,30.38
5106158,Nova Bandeirantes,resto_mt,Demais MT,FALSE,9546.42875,13635,110.5,84.8,76.7,0,0,110.5,35,1.16,8.1
5106174,Nova Nazaré,resto_mt,Demais MT,FALSE,4027.82764,4200,255.7,255,99.7,105.6,0,150.1,16,6.35,60.88
5106182,Nova Lacerda,resto_mt,Demais MT,FALSE,4723.0552800000005,6670,337.8,188.4,55.8,183.1,0,154.7,23,7.15,50.64
5106190,Nova Santa Helena,resto_mt,Demais MT,FALSE,2337.52289,4239,184,184,100,92.1,0,91.9,34,7.87,43.41
5106208,Nova Brasilândia,resto_mt,Demais MT,FALSE,3290.52793,3932,162.9,76.3,46.8,0,0,162.9,60,4.95,41.43
5106216,Nova Canaã do Norte,resto_mt,Demais MT,FALSE,5960.61802,11707,228.7,70.2,30.7,51.4,0,177.3,53,3.84,19.54
5106224,Nova Mutum,resto_mt,Demais MT,FALSE,9549.24383,55839,536.4,406.8,75.8,291.8,0,244.6,185,5.62,9.61
5106232,Nova Olímpia,resto_mt,Demais MT,FALSE,1362.37565,16352,110,106.8,97.1,31.2,0,78.9,141,8.07,6.73
5106240,Nova Ubiratã,resto_mt,Demais MT,FALSE,12680.75001,11530,500.8,245.6,49,0,0,500.8,112,3.95,43.43
5106257,Nova Xavantina,resto_mt,Demais MT,FALSE,5521.2615,24345,224.4,146.6,65.3,51.2,0,173.2,70,4.06,9.22
5106265,Novo Mundo,resto_mt,Demais MT,FALSE,5783.74584,6520,76.9,19.8,25.7,0,0,76.9,38,1.33,11.79
5106273,Novo Horizonte do Norte,resto_mt,Demais MT,FALSE,890.44969,3349,37.7,37.7,100,37.7,0,0,11,4.23,11.26
5106281,Novo São Joaquim,resto_mt,Demais MT,FALSE,5023.52056,6919,220.9,51.8,23.4,0,0,220.9,22,4.4,31.93
5106299,Paranaíta,resto_mt,Demais MT,FALSE,4798.89,11671,215.8,175.9,81.5,0,0,215.8,54,4.5,18.49
5106307,Paranatinga,resto_mt,Demais MT,FALSE,24183.37302,26423,971.1,415,42.7,0,0,971.1,117,4.02,36.75
5106315,Novo Santo Antônio,resto_mt,Demais MT,FALSE,4373.07505,2015,0,0,0,0,0,0,0,0,0
5106372,Pedra Preta,resto_mt,Demais MT,FALSE,4009.85086,18066,209.5,197.5,94.3,175.6,0,33.9,71,5.22,11.6
5106422,Peixoto de Azevedo,resto_mt,Demais MT,FALSE,14411.64886,32714,363.4,198.8,54.7,47.1,0,316.2,34,2.52,11.11
5106455,Planalto da Serra,resto_mt,Demais MT,FALSE,2453.85718,3166,148.5,48.8,32.9,0,0,148.5,64,6.05,46.9
5106505,Poconé,pantanal_norte,Pantanal-13,TRUE,17211.92155,31217,350.4,346.1,98.8,342.5,0,7.9,49,2.04,11.22
5106653,Pontal do Araguaia,resto_mt,Demais MT,FALSE,2741.37953,6932,57,46.7,81.9,0.4,0,56.5,40,2.08,8.22
5106703,Ponte Branca,resto_mt,Demais MT,FALSE,694.63236,2008,34.8,31.2,89.7,0,0,34.8,21,5.01,17.33
5106752,Pontes e Lacerda,resto_mt,Demais MT,FALSE,8622.01458,52018,637.1,369.3,58,263.2,0,374,170,7.39,12.25
5106778,Porto Alegre do Norte,resto_mt,Demais MT,FALSE,3982.42614,12127,112.8,112.6,99.8,65.2,0,47.6,22,2.83,9.3
5106802,Porto dos Gaúchos,resto_mt,Demais MT,FALSE,6999.60524,5593,556.1,461.3,83,314,0,242.2,63,7.94,99.43
5106828,Porto Esperidião,pantanal_norte,Pantanal-13,TRUE,5804.50187,10204,377.4,141.4,37.5,141.6,0,235.9,55,6.5,36.99
5106851,Porto Estrela,resto_mt,Demais MT,FALSE,2060.8914,3224,190.4,190.4,100,0,0,190.4,16,9.24,59.06
5107008,Poxoréu,resto_mt,Demais MT,FALSE,6933.95278,23283,655.1,385.8,58.9,377.1,0,278,125,9.45,28.14
5107040,Primavera do Leste,resto_mt,Demais MT,FALSE,5464.72028,85146,421.5,420.7,99.8,156.4,0,265.2,158,7.71,4.95
5107065,Querência,resto_mt,Demais MT,FALSE,17816.0819,26769,213.5,28,13.1,16.7,0,196.8,29,1.2,7.98
5107107,São José dos Quatro Marcos,resto_mt,Demais MT,FALSE,1285.92494,17849,91.5,64.9,70.9,35,0,56.5,45,7.12,5.13
5107156,Reserva do Cabaçal,resto_mt,Demais MT,FALSE,1336.90689,2122,55.2,38.6,69.9,0,0,55.2,18,4.13,26.01
5107180,Ribeirão Cascalheira,resto_mt,Demais MT,FALSE,11356.84494,10089,311.2,311.2,100,311.2,0,0,26,2.74,30.85
5107198,Ribeirãozinho,resto_mt,Demais MT,FALSE,618.19219,2593,40.6,40.6,100,0,0,40.6,13,6.57,15.66
5107206,Rio Branco,resto_mt,Demais MT,FALSE,532.17225,4535,79.2,28.5,36,0,0,79.2,24,14.88,17.46
5107248,Santa Carmem,resto_mt,Demais MT,FALSE,3828.71477,5374,245.8,228.5,93,0,0,245.8,43,6.42,45.74
5107263,Santo Afonso,resto_mt,Demais MT,FALSE,1169.43767,2519,94.6,94.4,99.8,0,0,94.6,9,8.09,37.55
5107297,São José do Povo,resto_mt,Demais MT,FALSE,440.9974,2875,64.4,49.7,77.2,33.5,0,30.8,21,14.6,22.4
5107305,São José do Rio Claro,resto_mt,Demais MT,FALSE,4563.67268,14911,495.1,483.7,97.7,339.5,0,155.6,66,10.85,33.2
5107354,São José do Xingu,resto_mt,Demais MT,FALSE,7461.71293,5964,303.3,100.4,33.1,0,0,303.3,40,4.06,50.86
5107404,São Pedro da Cipa,resto_mt,Demais MT,FALSE,344.17919,4191,45.4,8.6,18.9,0,9.1,36.2,16,13.19,10.83
5107578,Rondolândia,resto_mt,Demais MT,FALSE,12669.67156,3505,34.7,0,0,0,0,34.7,11,0.27,9.9
5107602,Rondonópolis,pantanal_norte,Pantanal-13,TRUE,4711.25792,244911,741.3,567,76.5,207.3,291.4,242.7,710,15.73,3.03
5107701,Rosário Oeste,resto_mt,Demais MT,FALSE,7179.03578,15453,319.6,216,67.6,157.8,0,161.8,99,4.45,20.68
5107743,Santa Cruz do Xingu,resto_mt,Demais MT,FALSE,5619.89249,2661,98.1,50.1,51.1,0,0,98.1,18,1.75,36.87
5107750,Salto do Céu,resto_mt,Demais MT,FALSE,1777.58606,3679,125.3,34.3,27.4,0,0,125.3,23,7.05,34.06
5107768,Santa Rita do Trivelato,resto_mt,Demais MT,FALSE,4745.72261,3276,403.9,178,44.1,0,0,403.9,67,8.51,123.29
5107776,Santa Terezinha,resto_mt,Demais MT,FALSE,6448.1717100000005,7596,123,85.1,69.2,0,0,123,19,1.91,16.19
5107792,Santo Antônio do Leste,resto_mt,Demais MT,FALSE,3606.82669,4099,208.4,124,59.5,0,0,208.4,17,5.78,50.84
5107800,Santo Antônio do Leverger,pantanal_norte,Pantanal-13,TRUE,9422.50319,15246,523.2,513.5,98.1,0,133.1,390.1,105,5.55,34.32
5107859,São Félix do Araguaia,resto_mt,Demais MT,FALSE,16853.134299999998,13621,609.3,5.8,1,56,0,553.3,56,3.62,44.73
5107875,Sapezal,resto_mt,Demais MT,FALSE,13625.03177,28944,417.1,414.6,99.4,417.1,0,0,58,3.06,14.41
5107883,Serra Nova Dourada,resto_mt,Demais MT,FALSE,1495.2963,1800,44,9.2,20.9,0,0,44,18,2.94,24.44
5107909,Sinop,resto_mt,Demais MT,FALSE,3954.62188,196312,395.7,322.9,81.6,126.3,0,269.4,323,10.01,2.02
5107925,Sorriso,resto_mt,Demais MT,FALSE,9357.31355,110635,648.7,525.4,81,200.9,0,447.8,423,6.93,5.86
5107941,Tabaporã,resto_mt,Demais MT,FALSE,8211.51813,9818,388.7,131.5,33.8,0,0,388.7,88,4.73,39.59
5107958,Tangará da Serra,resto_mt,Demais MT,FALSE,11526.2533,106434,758.2,449.6,59.3,249.1,0,509.1,261,6.58,7.12
5108006,Tapurah,resto_mt,Demais MT,FALSE,4487.5046999999995,14370,432.7,345.2,79.8,227.1,0,205.6,87,9.64,30.11
5108055,Terra Nova do Norte,resto_mt,Demais MT,FALSE,2566.46432,10616,155.5,153.2,98.5,99.3,0,56.2,29,6.06,14.65
5108105,Tesouro,resto_mt,Demais MT,FALSE,4257.36166,3025,250.2,192,76.7,191.7,0,58.4,39,5.88,82.71
5108204,Torixoréu,resto_mt,Demais MT,FALSE,2399.77922,4164,162.4,69.1,42.5,0,0,162.4,32,6.77,39
5108303,União do Sul,resto_mt,Demais MT,FALSE,4586.31652,3838,156.6,80.6,51.5,0,0,156.6,27,3.41,40.8
5108352,Vale de São Domingos,resto_mt,Demais MT,FALSE,1901.60416,2904,327.6,91.7,28,57,0,270.6,36,17.23,112.81
5108402,Várzea Grande,polo_metropolitano,Polo Metropolitano,FALSE,942.88829,300078,209.5,203.7,97.2,129.2,0,80.3,491,22.22,0.7
5108501,Vera,resto_mt,Demais MT,FALSE,2954.5132,12800,312.5,172.2,55.1,19.3,0,293.2,77,10.58,24.41
5108600,Vila Rica,resto_mt,Demais MT,FALSE,7453.68615,19888,409.5,74.1,18.1,75.2,0,334.3,43,5.49,20.59
5108808,Nova Guarita,resto_mt,Demais MT,FALSE,1073.57631,4590,57.6,27.2,47.2,0,0,57.6,14,5.37,12.55
5108857,Nova Marilândia,resto_mt,Demais MT,FALSE,1941.89259,3529,236.7,236.7,100,143.6,0,93.1,28,12.19,67.07
5108907,Nova Maringá,resto_mt,Demais MT,FALSE,11552.6838,5846,592.3,108.6,18.3,21.2,0,571,62,5.13,101.32
5108956,Nova Monte Verde,resto_mt,Demais MT,FALSE,5248.0563,8313,143.9,107.9,75,0,0,143.9,57,2.74,17.31
