item_id,dimensao,ordem,proposicao,expressao_original,citacao_principal,fonte_principal,local_principal,lastro_estudos,abrangencia_detalhe,municipios_citados,confianca,convergencia,verificavel_campo,ressalva,como_verificar,ancoragem,n_citacoes
FOR-01,Forças,1,"No Pantanal Norte, os rios Cuiabá e Paraguai têm cheias sazonais bem definidas que conectam canal, baías e planície.",Pulso de inundação sazonal e conectividade rio-planície nos rios Cuiabá e Paraguai,"The long-term record shows that in almost all years, the highest water level reached by the Cuiabá River was sufficient for the floodplain transect to be fully submerged, and thus annual inundation is highly predictable at this location.",FANTIN-CRUZ et al. (2011),p. 7,14,"intermunicipal (8), municipal (4), bioma (3); UF: MT (11), UF não informada (4)",Barão de Melgaço; Cáceres,alta,3/3,Sim,"Previsibilidade comprovada num só transecto (RPPN Sesc, Barão de Melgaço, série 1969–2009) e não reavaliada após as secas recentes (AME-03); estudo de 2020 em Cáceres registra mais dias sem chuva e menos água na seca.",Levantar no HidroWeb/ANA as cotas do rio Paraguai em Cáceres e do Cuiabá perto de Barão de Melgaço e perguntar a pescadores se baías como Chacororé e Quati ainda se ligam ao rio a cada cheia.,Mato Grosso,5
FOR-02,Forças,2,"RPPN Sesc Pantanal e ESEC Taiamã (sítios Ramsar), PARNA Pantanal Matogrossense e PE Encontro das Águas formam rede de UCs.","Rede de UCs e sítios Ramsar do Pantanal Norte (RPPN Sesc Pantanal, ESEC Taiamã, PARNA)","The Encontro das Águas State Park (EASP), renowned as the world’s largest refuge for Jaguars (Panthera onca), is located within the Brazilian portion of the Pantanal biome, and it covers a vast area of approximately 1,080 square kilometers.",PARRA et al. (2023),resumo,19,"intermunicipal (15), municipal (5), bioma (1); UF: MT (18), UF não informada (2), MT e MS (1)",Barão de Melgaço; Cáceres,alta,3/3,Sim,"Afirma existência, não efetividade: NDVI favorável (dados até 2015) é anterior ao fogo de 2020, que atingiu 84% do PE e 91% da RPPN. RPPN em Barão de Melgaço, ESEC em Cáceres; PARNA e PE sem município nas fontes.","Consultar o CNUC/MMA e a lista de sítios Ramsar para confirmar categoria, área e município de cada UC, e entrevistar gestores do ICMBio, do Sesc Pantanal e da SEMA-MT sobre a situação atual.",Mato Grosso,5
FOR-03,Forças,3,"A vegetação nativa cobre a maior parte do Pantanal (cerca de 80%), com indícios locais de conservação no Pantanal Norte.","Vegetação nativa amplamente conservada no bioma, com indícios locais de conservação no Pantanal Norte","O Pantanal que apresentou menor variação de cobertura de solo foi o Poconé, onde a classe arbustivo-arbórea diminuiu somente 3,72% entre 2003 e 2010. O único Pantanal que não sofreu a diminuição da classe arbóreo-arbustiva foi o Pantanal de Barão do Melgaço, já que a porcentagem dessa classe passou de 55 para 58%.",PARANHOS FILHO et al. (2014),p. 7,10,"municipal (4), intermunicipal (3), bioma (3); UF: MT (7), MT e MS (2), UF não informada (1)",Barão de Melgaço; Cáceres; Poconé,alta,3/3,Sim,"Indícios locais mistos, de sub-regiões (não municípios) e anteriores a 2020: arbustivo-arbórea caiu 3,7 p.p. em Poconé, subiu de 55% para 58% em Barão de Melgaço e caiu de 59,4% para 47,5% em Cáceres (2003–2010).","Extrair do MapBiomas a proporção e a tendência da vegetação nativa em Poconé, Barão de Melgaço e Cáceres e comparar com o bioma; checar em campo o estado das matas ciliares e de galeria.",Mato Grosso,5
FOR-04,Forças,4,"O Pantanal Norte tem ictiofauna rica, que usa baías marginais e bancos de macrófitas para alimentação, refúgio e reprodução.","Ictiofauna rica no Pantanal Norte, com baías marginais e macrófitas como habitats de alimentação, refúgio e reprodução","Determinou-se que 12 espécies utilizam os sistemas em duas épocas bem definidas: vazante e enchente, para os comportamentos alimentares (época da “lufada”) e para o comportamento reprodutivo (época da “piracema”), respectivamente.",MOURA; VAL (2019),resumo,13,"intermunicipal (13), municipal (4); UF: MT (15), MT e MS (1), UF não informada (1)",Barão de Melgaço; Cáceres,alta,3/3,Sim,'Rica' sem limiar (130 espécies no gradiente do rio Paraguai; 182 no PARNA). Reprodução documentada só no sistema corixo Manoel Isaac–baía de Chacororé; papel das macrófitas vem de coleta única e de 17 pescadores de Cáceres.,"Consultar inventários ictiológicos recentes (UNEMAT, UFMT, ESEC de Taiamã) e entrevistar pescadores profissionais e isqueiros de Cáceres e Barão de Melgaço sobre o uso de baías e camalotes pelos peixes.",Mato Grosso,5
FOR-05,Forças,5,"O Pantanal Norte é reduto da onça-pintada na região da ESEC Taiamã e, por reputação, no PE Encontro das Águas.","Pantanal Norte como reduto da onça-pintada (região da ESEC de Taiamã e do PE Encontro das Águas, este por reputação)","The Encontro das Águas State Park (EASP), renowned as the world’s largest refuge for Jaguars (Panthera onca), is located within the Brazilian portion of the Pantanal biome, and it covers a vast area of approximately 1,080 square kilometers.",PARRA et al. (2023),resumo,4,"intermunicipal (6); UF: MT (5), UF não informada (1)","",média,3/3,Sim,"Confiança média (4 estudos): as maiores densidades no centro-norte são menção, sem estimativa própria; o maior habitat contínuo modelado fica no interflúvio Corixo Grande–Cuiabá; nenhum município citado.","Levantar estimativas de densidade por armadilha fotográfica com ICMBio (ESEC Taiamã), SEMA-MT (PE) e pesquisadores, e registros de avistamento do turismo de observação de onças em Porto Jofre (Poconé).",Mato Grosso,5
FOR-06,Forças,6,"Inventários locais do Pirizal (Poconé), da ESEC Taiamã e de Cáceres registram riqueza de aves, anfíbios e outros vertebrados.","Riqueza de aves, anfíbios e outros vertebrados em inventários locais do Pantanal Norte","In total, 3,983 individuals from 34 anuran species distributed in five families were recorded: Hylidae (14 species), Leptodactylidae (8), Leiuperidae (6), Microhylidae (4), and Bufonidae (2). Local richness represents 77.3% of the anuran diversity already recorded for the Brazilian Pantanal.",PANSONATO et al. (2011),resumo,11,"intermunicipal (7), municipal (6); UF: MT (10), UF não informada (3)",Cáceres; Poconé,alta,3/3,Sim,"'Riqueza' sem limiar; por local: 343 aves no Pirizal, 278 na ESEC Taiamã e entorno, 34 anuros (77,3% do Pantanal) em Cáceres; eDNA de 2024 na ESEC e no PARNA. Demais inventários de 1999–2018, anteriores ao fogo de 2020.","Comparar listas recentes (eBird, WikiAves, relatórios do ICMBio da ESEC Taiamã) com os inventários de referência e consultar pesquisadores da UFMT e da UNEMAT sobre levantamentos pós-2020.",Mato Grosso,5
FOR-07,Forças,7,"Corpos d'água amostrados no Pantanal mato-grossense, como o córrego Jacobina (Cáceres) e o rio Jauru, apresentam boa qualidade da água.",Boa qualidade da água em corpos d'água amostrados do Pantanal de MT,"Os resultados demonstraram que em geral, a qualidade da água do córrego Jacobina é 'Ótima' de acordo com os valores obtidos pelo cálculo do IQA e pela apresentação das variáveis que estiveram dentro do que preconiza a legislação vigente do CONAMA 357/05 e 430/11 e MS 2914/11.",BÜHLER et al. (2020),resumo,6,"municipal (2), intermunicipal (2), bioma (2); UF: MT (4), MT e MS (2)",Cáceres; Poconé,alta,3/3,Sim,"Evidência pontual, não generalizável ao recorte: Jauru com dados de 1990–2013; baías do BMWP não localizadas; mercúrio não analisado; Ni acima do limite CONAMA nos sedimentos do rio Bento Gomes (Poconé) na chuva.","Levantar laudos da SEMA-MT e da ANA (IQA, CONAMA 357/2005) para o córrego Jacobina e o rio Jauru e de sedimentos (CONAMA 454/2012) no rio Bento Gomes, ou coletar amostras nos mesmos pontos.",Mato Grosso,5
FOR-08,Forças,8,"Vegetação e fauna de áreas estudadas do Pantanal Norte mostraram recuperação, ao menos parcial, em até quatro anos após incêndios.","Recuperação pós-fogo de vegetação e fauna em áreas estudadas do Pantanal Norte (evidência local, de curto e médio prazo)","By 2021, partial recovery was observed in all habitats due to the regeneration of different vegetation types and species. The Campina and Mata Seca macrohabitats showed the most stable values across the years, with Campina in particular demonstrating a spectral curve similar to the pre-fire period, indicating effective environmental recovery.",NUNES et al. (2025),p. 117,7,"intermunicipal (5), municipal (3); UF: MT (7), UF não informada (1)",Cáceres; Poconé,alta,3/3,Sim,"Evidência local (RPPN Sesc, ESEC Taiamã, Poconé), de até quatro anos: a mata seca da RPPN teve queda contínua de refletância; na Baía das Pedras o fogo foi controlado (refúgio, não recuperação). Não generalizar ao recorte.","Comparar NDVI/NBR e cicatrizes do MapBiomas Fogo antes e depois de 2020 na RPPN Sesc Pantanal, na ESEC Taiamã e em Poconé e entrevistar gestores e brigadistas sobre rebrota e retorno da fauna.",Mato Grosso,5
FOR-09,Forças,9,"Florestas e solos do Pantanal Norte estocam carbono, e as florestas podem atuar como sumidouros apreciáveis de carbono.",Florestas e solos do Pantanal Norte com estoque e potencial de sequestro de carbono,"O estoque de carbono do solo está condicionado por fatores sazonais e igualmente dependentes da fitofisionomia local que ocorreram nas fitofisionomias que apresentaram maior nível de fertilidade natural, ou seja, respectivamente o Cambarazal e o Espinheiral.",MELLO et al. (2015),resumo,6,"intermunicipal (5), municipal (2); UF: MT (5), UF não informada (2)",Barão de Melgaço; Cáceres; Poconé,alta,3/3,Não,"Sumidouro só sugerido pelos autores, a partir da produtividade primária líquida, sem balanço medido; a serrapilheira acumulada caiu nas duas florestas, possível resposta a distúrbio. Confirmar exige medir biomassa e fluxos.","Sem medição própria, levantar carbono do solo (MapBiomas Solo) e produtividade primária (MODIS) em Poconé, Barão de Melgaço e Cáceres e consultar pesquisadores com parcelas permanentes nas florestas alagáveis.",Mato Grosso,5
FOR-10,Forças,10,A planície pantaneira retém água do planalto na cheia e regulariza a vazão do rio Paraguai por até cinco meses.,Regulação hídrica da planície (efeito esponja) que regulariza a vazão do rio Paraguai,"onde o período de inundação e o alto lençol freático (Sanches et al., 2011) resultam em níveis significativos de umidade do solo. Esta condição persiste mesmo durante os períodos sem a presença de água superficial, como evidenciado pelos valores elevados de umidade do solo e umidade relativa do ar, mesmo durante as estações secas.",SANTOS et al. (2024),p. 4,16,"bioma (15), intermunicipal (2), municipal (1); UF: MT e MS (10), UF não informada (4), MS (2), MT (2)","",alta,3/3,Sim,Evidência em escala de bioma (parcialmente MT); o efeito não é demonstrado para os municípios do recorte; o único dado local é a umidade do solo num sítio da RPPN Sesc Pantanal.,Comparar no HidroWeb/ANA as datas de pico de vazão do rio Paraguai em Cáceres (entrada) e em Porto Murtinho (saída) e medir a defasagem entre elas em anos recentes.,Mato Grosso (parcial),5
OPO-01,Oportunidades,1,"Em Porto Jofre, o turismo de onça-pintada rende muito mais que o prejuízo pecuário estimado; turistas aceitariam financiar compensações.","Ecoturismo de observação da onça-pintada em Porto Jofre, MT","In this study we demonstrated for seven tour operators in a typical region of the Brazilian Pantanal, that jaguars represents an annual revenue 56 times higher than the annual hypothetical damage caused within cattle ranches with an area equivalent to that required to support a jaguar population under conditions of frequent human contact.",TORTATO et al. (2017),p. 7,5,"intermunicipal (4), bioma (2); UF: UF não informada (3), MT (2), MT e MS (1)",Barão de Melgaço; Poconé,alta,3/3,Sim,"Receita de 2015 (sete operadoras) frente a prejuízo hipotético, não medido; disposição a pagar declarada por 80% de 137 turistas. Correlação habitat-ecoturismo e convívio com a onça têm escala de bioma.","Levantar com operadoras e pousadas de Porto Jofre o número de turistas e a receita anual do turismo de onça e, com pecuaristas do entorno, as perdas de gado por onça; perguntar se há esquema de compensação ou disposição a contribuir.",Mato Grosso (parcial),5
OPO-02,Oportunidades,2,"Lei 14.944/2024, Plano MIF do Pantanal, brigadas e capacitação comunitária favorecem o Manejo Integrado do Fogo no Pantanal mato-grossense.","Manejo Integrado do Fogo: Política Nacional (Lei 14.944/2024), Plano MIF e brigadas","Accordingly, joint efforts were made with the collaboration of community leaders, scientists, the Military Fire Department and other civil society organisations (SOS Pantanal, Mupan, and Funatura) to build capacity in the surrounding communities, instal modern fire monitoring equipment to detect ignition sources, recover fire sensitive forests that were burned in 2020",SILVA et al. (2024),p. 9,19,"bioma (15), intermunicipal (6), municipal (1); UF: UF não informada (11), MT e MS (6), MS (4), MT (1)",Barão de Melgaço; Cáceres; Poconé,alta,3/3,Sim,"Redução de 80% na frequência do fogo e de 53% na área queimada vem da TI Kadiwéu (MS), fora do recorte; em MT, a evidência é a capacitação no entorno da RPPN Sesc Pantanal (Barão de Melgaço).","Levantar com PREVFOGO/IBAMA, Bombeiros-MT, Sema-MT, Sesc Pantanal e prefeituras se há brigadas ativas, plano de MIF, queima prescrita autorizada e capacitação comunitária nos 13 municípios.",Mato Grosso,5
OPO-03,Oportunidades,3,Sensoriamento remoto pode detectar focos de calor e mapear áreas queimadas no Pantanal mato-grossense e subsidiar planos municipais contra incêndios.,Sensoriamento remoto no monitoramento de focos de calor e de áreas queimadas no Pantanal e em MT,"O monitoramento de focos de calor por satélite é uma ferramenta importante e eficaz para o controle de focos no Pantanal, o qual dará subsídios ao Comitê Municipal de Risco de Incêndio na elaboração do plano de prevenção e combate a incêndios florestais.",SORIANO et al. (2019),resumo,34,"bioma (28), intermunicipal (4), estadual (3), municipal (1); UF: MT e MS (14), UF não informada (14), MS (4), MT (4)",Barão de Melgaço; Poconé,alta,3/3,Sim,"Potencial técnico: o campo afere a adoção, não o desempenho dos sensores. Parte da evidência é do bioma inteiro; o drone só avaliou danos pós-fogo; o comitê municipal do estudo de 2019 não é identificado.","Perguntar a Defesa Civil, secretarias de meio ambiente, Bombeiros-MT e brigadas dos 13 municípios se usam focos do INPE, imagens de satélite ou drones e se há plano municipal de prevenção e combate que os incorpore.",Mato Grosso (parcial),5
OPO-04,Oportunidades,4,PSA e ICMS Ecológico de MT revisado poderiam financiar conservação do Pantanal; pagamento por carbono evitado poderia também reduzir queimadas.,"Pagamento por serviços ambientais, ICMS Ecológico de MT e pagamento por carbono evitado","As examples of the inclusion of ecosystem services in the Pantanal policy agenda, we can cite the recent policy legislations, such as payments for ecosystem services at a national and regional scale (Federal Law #14.119/2021 and Law #5235/2018 from Mato Grosso do Sul state)",GUERRA et al. (2025),p. 10,9,"bioma (8), estadual (3), municipal (1), intermunicipal (1); UF: MT e MS (5), UF não informada (4), MS (2), MT (2)",Cáceres,alta,3/3,Sim,"São propostas ('poderiam'); o campo afere existência, repasses e adesão, não o efeito. A revisão do ICMS Ecológico pondera por emergia; a lei estadual de PSA citada é de MS; carbono estimado numa TI não identificada.","Levantar na Sefaz-MT os repasses de ICMS Ecológico aos 13 municípios e propostas de revisão; na Sema-MT e prefeituras, programas de PSA ou carbono; perguntar a gestores e produtores se financiam conservação ou prevenção do fogo.",Mato Grosso (parcial),5
OPO-05,Oportunidades,5,"Implantar Mosaico de UCs do Pantanal Norte, ampliar ESEC Taiamã e expandir áreas protegidas favoreceriam onça-pintada, aves, anfíbios e conectividade.","Mosaico de UCs do Pantanal Norte, ampliação da ESEC de Taiamã e expansão de áreas protegidas","Os mosaicos de RPPN nos entornos do Parque Nacional do Pantanal e Parque Estadual Pantanal do Rio Negro são exemplos que devem ser expandidos para a construção de corredores de biodiversidade, bem como servir de modelo para ampliação da conectividade estrutural e funcional entre os biomas Pantanal e Cerrado",SONODA et al. (2021),p. 28,14,"bioma (9), intermunicipal (4), municipal (1); UF: MT e MS (9), MT (2), UF não informada (2), MS (1)","",alta,3/3,Sim,Ganhos para fauna e conectividade são projeções; o campo afere a situação das propostas e a receptividade. Os mosaicos de RPPN citados incluem o PE Pantanal do Rio Negro (MS); a expansão no planalto abrange toda a BAP.,Levantar com Sema-MT e ICMBio se o Mosaico de UCs do Pantanal Norte foi implantado e se a ampliação da ESEC de Taiamã avançou; mapear RPPNs e UCs propostas nos 13 municípios e ouvir proprietários sobre adesão.,Mato Grosso,5
OPO-06,Oportunidades,6,"Cabaçal, Sepotuba e Cuiabá seguem sem barragens no curso principal, mantendo o pulso de inundação; estudo da ANA desaconselha barrá-los.","Manutenção de rios sem barragens e do pulso de inundação (Cabaçal, Sepotuba, Cuiabá)",(i) Consider the Paraguay River Basin a management unity; (ii) Establish rules that follow the concept of restricted use approach; (iii) Ensure the ecologically sustainable use of the Pantanal; (iv) Maintain the environmental heterogeneity and functionality in the Pantanal landscapes; (v) Maintain the hydrological integrity and connectivity;,TOMAS et al. (2025),resumo,12,"bioma (8), intermunicipal (4); UF: MT e MS (7), UF não informada (3), MS (1), MT (1)",Itiquira,alta,3/3,Sim,"Ausência de barragens registrada em 2020, no curso principal no planalto; as fontes não informam a vigência da suspensão da ANA depois disso. O estudo desaconselha hidrelétricas; Taquari/Coxim fora do recorte.","Consultar ANEEL (SIGEL), ANA e Sema-MT sobre hidrelétricas em operação, licenciamento ou inventário no curso principal do Cabaçal, Sepotuba e Cuiabá e sobre a situação atual da suspensão de autorizações na bacia do Paraguai.",Mato Grosso,5
OPO-07,Oportunidades,7,"Ramsar, LPVN e PL 750/2011 abrem oportunidades de proteção das áreas úmidas do Pantanal, parte delas exigindo harmonização MT-MS.","Marco legal das áreas úmidas: Convenção Ramsar, LPVN e PL federal 750/2011","A federal law (no. 750/2011) is currently being crafted that will regulate policies regarding the management and protection of the Pantanal. Scientists participating in those discussions are seeking to include in the legislation macrohabitats to be granted total or partial protection, restricted use, or restoration (Nunes da Cunha et al., 2017; Irigaray et al., 2017).",JUNK et al. (2018),p. 7,4,"bioma (3), estadual (1); UF: MT e MS (2), UF não informada (2)","",média,3/3,Não,"Item normativo, verificável só em documentos; o PL 750/2011 estava em elaboração em 2018 e sua situação atual não consta das fontes. Evidência predominante de MS/outros; confiança média.","Só documental: situação do PL 750/2011 no Congresso, déficits de APP e Reserva Legal no CAR/SICAR dos 13 municípios e divergências entre normas de MT e MS sobre as áreas úmidas do Pantanal.",Pantanal Sul (MS) e outros,5
OPO-08,Oportunidades,8,"Meta do PLANAVEG, potencial de regeneração natural pós-fogo e interesse de pequenos produtores favorecem restaurar matas ciliares e áreas degradadas.",Restauração de matas ciliares e áreas degradadas: meta do PLANAVEG e regeneração natural,"According to the PLANAVEG, each phytogeographic domain has different area-based restoration goals: >4.5 million ha for the Amazon, 4.5 million ha for the Atlantic Forest, 2.1 million ha for the Cerrado, 500,000 ha for the Caatinga, 300,000 ha for the Pampa, and 50,000 ha for the Pantanal (MMA, 2017).",LIÉVANO-LATORRE et al. (2025),p. 5,15,"bioma (10), municipal (4), intermunicipal (4), estadual (1); UF: MT (6), MT e MS (5), UF não informada (5), MS (3)",Barão de Melgaço,alta,3/3,Sim,"Regeneração estimada em escala de bioma (93% de mais de 3.120 km² com potencial alto ou médio) e interesse dos produtores em escala estadual, não nos 13 municípios; casos locais pontuais (Cabaçal, rio Piraim).","Observar rebrota em áreas queimadas ou cercadas nos 13 municípios (visitas e MapBiomas), levantar na Sema-MT projetos de restauração de matas ciliares e perguntar a pequenos produtores se adeririam a reflorestamento.",Mato Grosso,5
OPO-09,Oportunidades,9,"Satélites e modelagem hidrológica podem apoiar balanço hídrico, monitoramento de cheias e secas e gestão hídrica no Pantanal mato-grossense.","Produtos orbitais e modelagem hidrológica para gestão da água, cheias e secas no Pantanal e em MT","The linear relations between precipitation with SST of very specific oceanic regions and even from specific oceanic indexes obtained in the present study significantly improve the forecasting capacity, mainly from a resulting reduction to two months of the lead-time between SST warming to concomitant precipitation impacts",THIELEN et al. (2020),resumo,35,"bioma (29), intermunicipal (4), estadual (2), municipal (1); UF: UF não informada (17), MT e MS (12), MT (5), MS (2)",Barão de Melgaço; Cáceres; Poconé,alta,3/3,Sim,"Potencial técnico; o campo verifica o uso pelos gestores, não a acurácia. CHIRPS validado só para totais mensais, em escala estadual; uso na hidrovia Paraguai-Paraná vem de um único estudo.","Perguntar à Sema-MT, Defesa Civil, comitês de bacia e prefeituras se usam CHIRPS, MODIS, radar, modelos hidrológicos ou previsões no balanço hídrico e em alertas de cheia e seca; ouvir a Marinha sobre a hidrovia.",Mato Grosso,5
FRA-01,Fraquezas,1,"O rio Paraguai e afluentes no Pantanal de Cáceres apresentam assoreamento, e as margens do Paraguai sofrem erosão.",Assoreamento do rio Paraguai e de afluentes e erosão marginal do rio Paraguai no Pantanal de Cáceres (MT),"Os processos erosivos ocorrem com maior intensidade em áreas desmatadas e sob processo de arenização. As erosões potencializam o transporte de sedimento e MO aos vales e leito dos rios. Foram observados assoreamentos em córregos e também no rio Cabaçal, tanto no leito, tornando a águas turvas, e presença de bancos de areias nas margens.",NOGUEIRA et al. (2019),p. 13,13,"municipal (9), intermunicipal (6), bioma (1); UF: MT (15), MT e MS (1)",Cáceres; Itiquira,alta,3/3,Sim,"Atesta o fenômeno, não a causa: parte é dinâmica natural, acelerada por usos da terra. Cabeceiras (Cabaçal, rio Branco) são tratadas em AME-08; a bacia do Itiquira também aporta sedimentos ao Paraguai.","Na estiagem, percorrer o rio Paraguai em Cáceres registrando bancos de areia, baías desconectadas do canal e margens solapadas, e cruzar com séries sedimentométricas da ANA e relatos de pescadores e práticos.",Mato Grosso,5
FRA-02,Fraquezas,2,APPs de cursos d'água da bacia do Paraguai em MT apresentam mata ciliar suprimida e uso da terra conflitante.,Supressão de mata ciliar e conflito de uso em APPs de cursos d'água da bacia do Paraguai em MT (estudos de 2012 a 2022),"Na área de estudo as APP’s do rio Paraguai deveriam variar de 50 a 100 metros conforme a largura do canal. Entretanto, essa não é a realidade que foi encontrada durante a realização da atividade de campo. Em vários locais visitados foram encontrados canaviais e pastagens localizadas a menos de 30 metros do rio.",PESSOA et al. (2014),p. 6,8,"municipal (6), intermunicipal (3); UF: MT (9)",Cáceres; Poconé,alta,3/3,Sim,"Estudos de 2012 a 2022, com dados de 1991 a 2019; evidência municipal só de Cáceres (até 2015) e Poconé (estudo de 2016); Barra do Bugres é fora do recorte. Confirmar o quadro atual.","Cruzar CAR/SICAR e MapBiomas com vistoria de margens do rio Paraguai em Cáceres e do córrego Tereza Botas em Poconé, medindo a faixa de vegetação nativa e o uso (pasto, lavoura) frente à largura de APP exigida.",Mato Grosso,5
FRA-03,Fraquezas,3,Esgoto sem tratamento (Poconé) e lixo urbano (Cáceres) poluem córregos e rios da bacia do Paraguai em MT.,Esgoto sem tratamento e lixo urbano na poluição de córregos e rios da bacia do Paraguai em MT (estudos de 2014 a 2025),"a ocorrência e concentração de metais nos rios CBA e SL mostram contribuição de origem natural, reflexo do tipo de solo associado ao regime pluviométrico da região, bem como contribuição antrópica devido às atividades agropecuárias e ao lançamento de efluentes urbanos não tratados.",MAGALHÃES et al. (2016),resumo,8,"municipal (4), intermunicipal (4), bioma (2); UF: MT (7), MT e MS (2), UF não informada (1)",Cáceres; Poconé,alta,3/3,Sim,"Parênteses indicam a evidência local: Cáceres, lixo e eutrofização; Poconé, esgoto in natura e E. coli. Rios Cuiabá e São Lourenço, Cuiabá e Várzea Grande são pressão externa. Estudos locais de 2014 e 2016.","Coletar água nos córregos Tereza Botas (Poconé) e Sangradouro (Cáceres) para E. coli e nutrientes, consultar o SNIS/SINISA sobre esgoto e resíduos e mapear lançamentos e lixo nas margens.",Mato Grosso,5
FRA-04,Fraquezas,4,"Falta programa de manejo integrado do fogo para todo o Pantanal, e prevenção e combate a incêndios são ineficazes.",Ausência de manejo integrado do fogo e prevenção ineficaz contra incêndios no Pantanal,"as medidas governamentais não apenas podem estar sendo insuficientes para evitar novas ocorrências de incêndios florestais, como também podem colocar em risco a biodiversidade dos ecossistemas atingidos, pois partem do pressuposto duvidoso em relação à causa do problema (acúmulo de biomassa), negligenciando a provável causa antrópica dos incêndios",GONZAGA et al. (2022),resumo,9,"bioma (8), municipal (1), estadual (1); UF: MT e MS (4), UF não informada (4), MT (2)",Barão de Melgaço,alta,3/3,Sim,"Fontes sobre MIF (2021, 2023) antecedem a Lei 14.944/2024 (OPO-02); 'ineficazes' vem dos incêndios de 2019-2020 e exige critério (área queimada, resposta). Programa do bioma é de outras esferas.","Perguntar a Prevfogo/IBAMA, ICMBio, SEMA-MT, Bombeiros e brigadas municipais se há plano de MIF vigente no recorte, com brigadas, queima prescrita e aceiros, e cruzar com a área queimada anual (INPE, MapBiomas Fogo).",Mato Grosso,5
FRA-05,Fraquezas,5,"A fiscalização ambiental no Pantanal é frágil, e as autuações em Mato Grosso caíram 52% de 2019 para 2020.",Fiscalização ambiental frágil no Pantanal e queda das autuações em Mato Grosso de 2019 para 2020,"Most of the Brazilian portion of the Pantanal biome (approximately 65%) lies in the territory of Mato Grosso do Sul. The rest (about 35%) is in the neighboring state of Mato Grosso. There, the drop in fines was even more remarkable: in 2020, there were 173 recorded offences, compared with 361 in 2019 – a reduction of 52 %.",LEAL FILHO et al. (2021),p. 3,10,"bioma (6), estadual (3), municipal (1); UF: MT (4), MT e MS (3), UF não informada (3)",Barão de Melgaço; Cáceres; Poconé,alta,3/3,Sim,"Queda de 52% (361 para 173) é dado pontual de 2019-2020, e a fonte não esclarece se é do estado todo ou da porção pantaneira de MT; parte da evidência é nacional; 'frágil' exige indicador.","Obter do IBAMA (autos de infração) e da SEMA-MT séries anuais nos 13 municípios, conferir a que recorte se referem 361 e 173, e verificar fiscais e postos ativos, como o da Transpantaneira, ouvindo pousadeiros.",Mato Grosso,5
FRA-06,Fraquezas,6,UCs cobrem pequena fração do Pantanal; ESEC Taiamã e PE Encontro das Águas não tinham plano de manejo em 2017.,Baixa cobertura do Pantanal por unidades de conservação e falta de plano de manejo em UCs do Pantanal Norte em 2017,"In addition to private areas, jaguar-tourism also occurs in two protected areas in the state of Mato Grosso: the Taiamã Ecological Station in the Municipality of Cáceres and the Encontro das Águas State Park in the municipalities of Barão de Melgaço and Poconé. These protected areas do not have management plans to regulate their public use.",TORTATO; IZZO (2017),p. 2,13,"bioma (14), intermunicipal (4); UF: MT e MS (11), UF não informada (4), MT (2), MS (1)",Barão de Melgaço; Cáceres; Poconé,alta,3/3,Sim,"Cerca de 5% na maioria das fontes (5% a 11%, conforme a inclusão de uso sustentável), do bioma todo, inclusive MS, não do recorte; os planos podem ter sido aprovados após 2017.","Calcular no CNUC/MMA a área de UCs no bioma e nos 13 municípios, e verificar com ICMBio e SEMA-MT se e quando os planos de manejo da ESEC Taiamã e do PE Encontro das Águas foram aprovados.",Mato Grosso,5
FRA-07,Fraquezas,7,Leis estaduais de MT e federais são permissivas ou lacunares na proteção da Reserva Legal e das áreas úmidas pantaneiras.,Legislação estadual e federal permissiva ou lacunar na proteção da Reserva Legal e das áreas úmidas do Pantanal,"A total of 9 045 065 ha could have their LRA requirement reduced from 80% to 35% under Mato Grosso’s legislation, potentially authorizing deforestation in the Amazon, Cerrado and Pantanal, in apparent contradiction to federal law.",ROQUETTE et al. (2025),resumo,8,"bioma (7), estadual (2); UF: MT e MS (4), UF não informada (3), MT (2)","",alta,3/3,Sim,Fator externo (normas de outras esferas); abrangência predominante MS/outros; a parcela pantaneira dos ~9 milhões de ha com RL reduzível de 80% para 35% não é discriminada; verificação documental.,"Analisar com SEMA-MT e MPE-MT a lei estadual de RL, a Lei estadual 8.830/2008 e o Código Florestal, verificando percentuais de RL aplicáveis no recorte e dispositivos específicos para áreas úmidas.",Pantanal Sul (MS) e outros,5
FRA-08,Fraquezas,8,"Em MT e na bacia do Alto Paraguai, pluviômetros são escassos e mal distribuídos, e água e sedimentos, pouco amostrados.",Rede de monitoramento hidrometeorológico e de qualidade da água insuficiente em MT e na bacia do Alto Paraguai,"Parte da baixa densidade de estações deve-se à dificuldade de acesso a certas localidades ou a problemas operacionais para o funcionamento dos equipamentos em áreas de vegetação densa, como unidades de conservação, terras indígenas e áreas sujeitas a alagamentos naturais nos biomas de Mato Grosso.",ULIANA et al. (2024),p. 5,16,"bioma (12), intermunicipal (3), estadual (3); UF: MT e MS (9), UF não informada (4), MT (3), MS (2)",Barão de Melgaço,alta,3/3,Sim,Evidências de 2011 a 2024; a base da ANA analisada é de 2014 e a rede pode ter mudado. 'Água' é qualidade da água; 'escassos' e 'pouco amostrados' exigem critério prévio (ex.: OMM).,"Levantar no HidroWeb/ANA, INMET e SEMA-MT as estações pluviométricas, sedimentométricas e de qualidade da água ativas nos 13 municípios, com frequência de coleta, e comparar com densidades mínimas da OMM.",Mato Grosso,5
AME-01,Ameaças,1,"Entre 2003 e 2020, queimadas e incêndios extensos e recorrentes atingiram o Pantanal Norte e suas unidades de conservação.",Queimadas e incêndios extensos e recorrentes no Pantanal Norte e em suas unidades de conservação (2003–2020),"Entre 2003 e 2013 foi queimado 6.927 km² no município, o que pode ser atribuído aos fatores climáticos, considerando que as queimadas ocorreram no período seco, onde foram identificadas as maiores temperaturas, baixos índices de precipitação e umidade relativa.",MIRANDA et al. (2018),resumo,78,"bioma (80), intermunicipal (13), municipal (7), estadual (3); UF: MT e MS (60), UF não informada (26), MT (16), MS (1)",Cáceres; Poconé,alta,3/3,Sim,"Evento passado, confirmável por séries secundárias; área queimada diverge entre estudos e métodos (RPPN Sesc 65% ou 91%; PE Encontro das Águas 42% dNBR, 52–55% SAR); os 70% de Poconé não têm ano declarado.","Levantar área queimada anual 2003–2020 (MapBiomas Fogo, INPE/BDQueimadas) em Cáceres, Poconé e Barão de Melgaço e ouvir gestores da ESEC Taiamã, RPPN Sesc Pantanal, PE Encontro das Águas e o Corpo de Bombeiros-MT.",Mato Grosso,5
AME-02,Ameaças,2,"Os incêndios desde 2020 causaram mortalidade e perda de diversidade da fauna silvestre no Pantanal, inclusive no Pantanal Norte.","Mortalidade e perda de diversidade da fauna silvestre nos incêndios desde 2020, no bioma e no Pantanal Norte","Os anfíbios de grande porte com hábitos terrestres ou semifossoriais, assim como as serpentes aquáticas e semiaquáticas, foram os grupos com maior número de carcaças registradas após os incêndios.",VALENCIA-ZULETA et al. (2024),resumo,19,"bioma (17), intermunicipal (8), municipal (1); UF: MT e MS (12), MT (8), UF não informada (5), MS (1)",Barão de Melgaço; Poconé,alta,3/3,Sim,"Evidência centrada nos megaincêndios de 2020, verificável só por registros já feitos; os 17 milhões de vertebrados são estimativa do bioma; perda de diversidade medida em aves, com declínio de onça, anta e tatu-canastra.","Consultar gestores e pesquisadores do PARNA Pantanal Mato-grossense, RPPN Sesc Pantanal, ESEC Taiamã, UFMT e Embrapa Pantanal sobre registros de carcaças, armadilhas fotográficas e censos de fauna antes e depois de 2020.",Mato Grosso,5
AME-03,Ameaças,3,"Entre os anos 1960 e 2024, o Pantanal Norte e o bioma tiveram redução das chuvas, aquecimento e secas prolongadas.","Secas prolongadas, redução das chuvas e aquecimento no Pantanal Norte e no bioma, dos anos 1960 a 2024","Average temperatures and wind speeds were found to be steadily rising (at a rate of 0.76 ºC and 0.18 km/h per decade; Figs. 6a and 6d), while relative humidity and precipitation showed decreasing trends (lowering 2.74 % and 33.1 mm per decade, respectively; Figs. 6b and 6c).",SILVA et al. (2024),p. 6,45,"bioma (53), intermunicipal (12), municipal (4), estadual (1); UF: MT e MS (39), UF não informada (17), MT (13), MS (1)",Barão de Melgaço; Cáceres; Poconé,alta,3/3,Sim,"Séries distintas (1971–2011, 1980–2021, 1981–2018, 1980–2024); a comparação com os anos 1960 vem de um só estudo de Cáceres; a seca extrema de 2024 é medida no bioma; relato local não substitui série instrumental.","Analisar séries do INMET e da ANA (Hidroweb) em Cáceres, Cuiabá, Poconé e Barão de Melgaço: dias sem chuva, precipitação, temperaturas e cotas do rio Paraguai; ouvir ribeirinhos e produtores sobre secas recentes.",Mato Grosso,5
AME-04,Ameaças,4,"A vegetação nativa do Pantanal e do planalto vem sendo suprimida por pastagens exóticas, soja e desmatamento químico com herbicidas.","Supressão da vegetação nativa no Pantanal e no planalto por pastagens exóticas, soja e desmatamento químico","Another threat is unsustainable agricultural and cattle ranching practices, which convert the natural vegetation into pastures and plantation crops such as soybean, especially on the surrounding plateaus where the river springs are located.",ALHO; SABINO (2012),resumo,42,"bioma (32), intermunicipal (9), municipal (8), estadual (2); UF: MT e MS (20), MT (18), UF não informada (12), MS (1)",Barão de Melgaço; Cáceres,alta,3/3,Sim,"Item misto: em Cáceres o vetor é a pecuária, não a soja; desmatamento químico identificado por imagem Sentinel-2 só em Barão de Melgaço (2021–2023); o efeito do Decreto 774/2024 é projeção, norma de outra esfera.","Cruzar perda de vegetação nativa, pastagem e soja por município no MapBiomas (1985–2023) com autos de infração da SEMA-MT e do Ibama por pulverização aérea de herbicidas e ouvir as secretarias municipais de meio ambiente.",Mato Grosso,5
AME-05,Ameaças,5,O mercúrio do garimpo de ouro contamina ecossistema aquático e biota no rio Bento Gomes e no norte do Pantanal.,Contaminação por mercúrio do garimpo de ouro no rio Bento Gomes e no norte do Pantanal,"Our data clearly indicate a higher content of Hg in crocodilians captured in the area influenced by ASGM (e.g. Bento Gomes River) compared to the area with no gold mining activity (e.g. Paraguay River). Gold extraction activity in the former was intense during the 1980s and 90s, involving the use of Hg for gold amalgamation and its direct release into rivers or to the atmosphere",LÁZARO et al. (2015),p. 4,8,"bioma (7), intermunicipal (6); UF: MT (7), MT e MS (6)","",alta,3/3,Sim,"Atividade atual das minas incerta; nos peixes do Bento Gomes o Hg não diferiu do rio Paraguai nem superou o limite FAO/OMS (2016); jacarés e ariranhas têm teores maiores; garimpo em Poconé, interno ao recorte.","Levantar análises de Hg em água, sedimento, peixes e jacarés do rio Bento Gomes (SEMA-MT, UFMT), a situação das lavras de ouro de Poconé na ANM e relatos de pescadores e moradores sobre garimpo ativo.",Mato Grosso (parcial),5
AME-06,Ameaças,6,"Hidrelétricas e PCHs do planalto, como a UHE Manso, alteram o pulso de inundação de rios formadores do Pantanal.",Hidrelétricas e PCHs no planalto (UHE Manso e outras) alterando o pulso de inundação,"Há riscos elevados de que o mesmo fenômeno ocorra em outros rios formadores do Pantanal, onde há a previsão de construção de 3 UHEs e/ou de sequências de PCHs que totalizam os 124 empreendimentos ainda previstos, o que afetará o pulso de inundação de cada rio barrado, individualmente, e com elevada possibilidade de potencializar os efeitos sinérgicos de todos do conjunto de 169 barramentos",CALHEIROS et al. (2018),p. 7,24,"bioma (21), intermunicipal (15), municipal (1); UF: UF não informada (14), MT e MS (13), MT (10)",Barão de Melgaço; Itiquira,alta,3/3,Sim,"O efeito da UHE Manso vem sobretudo de modelagem (2003–2015); alteração registrada nos rios Cuiabá, Casca, São Lourenço, Itiquira e Correntes; os 124 empreendimentos previstos são risco projetado, não efeito observado.","Comparar cotas e vazões da ANA no rio Cuiabá antes e depois de 2001 e nos rios São Lourenço e Itiquira, levantar usinas no SIGEL/ANEEL e ouvir colônias de pescadores sobre cheias, vazantes e piracema.",Mato Grosso,5
AME-07,Ameaças,7,"Sedimentos e águas das bacias dos rios Cuiabá e São Lourenço, em Mato Grosso, contêm resíduos de agrotóxicos.","Resíduos de agrotóxicos em sedimentos e águas das bacias dos rios Cuiabá e São Lourenço, em Mato Grosso","Resíduos de pesticidas foram identificados em amostras coletadas em agosto e setembro de 2011 e janeiro, fevereiro, abril e julho de 2012, em concentrações variando de 5,7 a 79,3 µg kg-1. Embora a frequência de detecção tenha sido baixa, esses resultados indicam que há potencial de transporte de pesticidas usados na bacia do rio Cuiabá e seus tributários atingindo o Pantanal.",POSSAVATZ et al. (2014),resumo,5,"intermunicipal (5), bioma (3); UF: MT (6), UF não informada (2)",Poconé,alta,3/3,Sim,"Lastro curto (5 estudos); em sedimentos a detecção foi pouco frequente (2011–2012), inclusive na planície; na água, só três microbacias do São Lourenço, com picos no período chuvoso; temor dos pescadores é percepção.","Solicitar à SEMA-MT, ANA e UFMT laudos de agrotóxicos em água e sedimento dos rios Cuiabá e São Lourenço, de preferência no período chuvoso, consultar o Vigiagua dos municípios ribeirinhos ou coletar amostras.",Mato Grosso,5
AME-08,Ameaças,8,"O uso agropecuário intensifica erosão, assoreamento e aporte de sedimentos ao rio Paraguai e aos rios que abastecem o Pantanal.","Erosão, assoreamento e aporte de sedimentos pelo uso agropecuário ao rio Paraguai e aos rios que abastecem o Pantanal","O uso inadequado da terra potencializa os processos erosivos e desencadeia o processo de arenização, cujos sedimentos são transportados em grande quantidade para os vales e leito dos rios, assoreando-os e comprometendo a quantidade e a qualidade das águas, que se destinam ao Pantanal Mato-grossense.",NOGUEIRA et al. (2019),p. 14,15,"bioma (7), intermunicipal (6), municipal (2); UF: MT e MS (7), MT (6), MS (2)",Cáceres,alta,3/3,Sim,Item misto: pisoteio do gado nas margens em Cáceres é pressão local; sedimentos do planalto são fator externo; assoreamento documentado fora do recorte (Reserva do Cabaçal) e no bioma; estudo de 2019 diz 'pode alterar'.,"Observar margens erodidas, pisoteio de gado e bancos de areia no rio Paraguai em Cáceres, levantar dados sedimentométricos da ANA e ouvir pescadores, piloteiros e a Secretaria de Meio Ambiente sobre perda de profundidade.",Mato Grosso,5
AME-09,Ameaças,9,"Espécies exóticas invasoras, como tracajá, tucunaré e tilápia, ocorrem na bacia do Alto Paraguai e no Pantanal Norte.",Espécies exóticas invasoras na bacia do Alto Paraguai e no Pantanal Norte,"On the other hand, C. kelberi exhibits a more pronounced rate of change (IAS Range Change of 56.7%), with suitable habitats expanding primarily around the sub-basin of introduction to the northwest of the basin (Jaurú-Sepotuba) and extending to the southeast of the Pantanal (Table 2 & 3, Fig. 1b).",MARTÍNEZ-GONZÁLEZ et al. (2025),p. 6,17,"bioma (11), intermunicipal (9), municipal (2), estadual (2); UF: UF não informada (8), MT e MS (7), MT (6), MS (3)",Cáceres,alta,3/3,Sim,"Só o tracajá, introduzido perto de Cáceres, tem população estabelecida comprovada; tucunaré introduzido no Jauru-Sepotuba tem expansão projetada para 2050; tilápia vem de observação pessoal; Caiman latirostris aguarda confirmação.","Entrevistar colônias de pescadores de Cáceres sobre capturas de tucunaré e tilápia, consultar a ESEC Taiamã sobre ninhos de tracajá e o registro de jacaré-do-papo-amarelo e levantar na SEMA-MT pisciculturas e escapes.",Mato Grosso,5
AME-10,Ameaças,10,"Fumaça e aerossóis de queimadas poluem o ar do Pantanal, elevando as concentrações de PM2,5 e black carbon.","Poluição do ar por fumaça e aerossóis de queimadas no Pantanal (PM2,5 e black carbon)","Notably, the average concentration of Pb, which was the most significant constituent in the enrichment analysis, exhibited values 200 greater than those typically observed under clear atmospheric conditions. We also emphasized the enrichment factor values for Br and Cu. These compounds indicate a strong anthropogenic contribution, primarily emitted by biomass burning and gold mining.",RAMOS et al. (2024),p. 11,9,"bioma (11), intermunicipal (8), municipal (1); UF: MT (14), MT e MS (6)",Poconé,média,2/3,Sim,"Confiança média (convergência 2/3); medições concentradas na estação seca (ago–out); parte da fumaça vem de outras regiões (Amazônia, Sudeste); o enriquecimento de chumbo, bromo e cobre também se atribui ao garimpo.","Levantar PM2,5 e black carbon de estações e sensores em Poconé e Cuiabá (UFMT, SEMA-MT) e de satélite (CAMS, MERRA-2) na estação seca, cruzando com focos do INPE e atendimentos respiratórios nas secretarias de saúde.",Mato Grosso,5
