area,chave,autores,autor_ano,ano,titulo,periodico,doi,url,tipo,idioma,recorte_geografico,municipios
Setor Público,lourival2011what,"Lourival, R.; Watts, M.; Pressey, R. L.; Mourão, G. M.; Padovani, C. R.; Silva, M. P.",Lourival et al. (2011),2011,What is Missing in Biosphere Reserves Accountability?,Natureza & Conservação,10.4322/natcon.2011.022,https://doi.org/10.4322/natcon.2011.022,article,English,Pantanal Sul (MS),""
Setor Público,paulo2015politicas,"Paulo, C. M.; Mello-Théry, N. A.",Paulo e Mello-Théry (2015),2015,Políticas públicas e experiências locais de turismo de paisagens : o exemplo do Pantanal,Via Tourism Review,10.4000/viatourism.610,https://doi.org/10.4000/viatourism.610,article,pt,Pantanal genérico ou indefinido,""
Setor Público,siqueira2018areas,"Siqueira, A. L.; Silva, A.; Silva, B. L. P.",Siqueira et al. (2018),2018,ÁREAS PROTEGIDAS E POPULAÇÕES TRADICIONAIS NA FRONTEIRA BRASIL/BOLIVIA,RA'E GA: o Espaço Geográfico em Análise,10.5380/raega.v45i1.50559,https://doi.org/10.5380/raega.v45i1.50559,article,"",Pantanal Sul (MS),""
Setor Público,eufemia2020mechanisms,"Eufemia, L.; Bonatti, M.; Sieber, S.; Schröter, B.; Lana, M. A.",Eufemia et al. (2020),2020,Mechanisms of weak governance in grasslands and wetlands of South America,Sustainability (Switzerland),10.3390/su12177214,https://doi.org/10.3390/su12177214,article,English,Fora do Brasil,""
Setor Público,moreira2022pantanal,"Moreira, G. V.",Moreira (2022),2022,PANTANAL TRANSFRONTEIRIÇO: BREVES CONSIDERAÇÕES PARA O DESENVOLVIMENTO SUSTENTÁVEL,Revista GeoPantanal,10.55028/geop.v17i33.17570,https://doi.org/10.55028/geop.v17i33.17570,article,"",Pantanal Sul (MS),""
Setor Público,rossetto2022pantanal,"Rossetto, O. C.; Nora, G. D.; Durante, L. C.; Lima, D. M. D. F.",Rossetto et al. (2022),2022,PANTANAL BRASILEIRO: INDICADORES DE DESENVOLVIMENTO ECONÔMICO E SOCIOAMBIENTAL DOS ASSENTAMENTOS DA REFORMA AGRÁRIA,Revista da Casa da Geografia de Sobral (RCGS),10.35701/rcgs.v24.859,https://doi.org/10.35701/rcgs.v24.859,article,"",Cita município do recorte (MT),Cáceres
Setor Público,dittmar2023crimes,"Dittmar, H.",Dittmar (2023),2023,CRIMES AMBIENTAIS NA CADEIA PRODUTIVA DO CARVÃO VEGETAL NATIVO BRASILEIRO,RECIMA21 - Revista Científica Multidisciplinar,10.47820/recima21.v4i12.4684,https://doi.org/10.47820/recima21.v4i12.4684,article,"",Pantanal genérico ou indefinido,""
Setor Público,garcia2023zona,"Garcia, Y. F.; Bampi, A. C.; Silva, C. A. F.; Kohler, M. R.; Arantes, A.",Garcia et al. (2023),2023,"ZONA DE PROCESSAMENTO DE EXPORTAÇÃO DE CÁCERES, MATO GROSSO: VOZES E INTERESSES DISSONANTES",PEGADA - A Revista da Geografia do Trabalho,10.33026/peg.v24i1.9304,https://doi.org/10.33026/peg.v24i1.9304,article,"",Cita município do recorte (MT),Cáceres
Setor Público,pompeu2023who,"Pompeu, N.; Vilpoux, O. F.",Pompeu e Vilpoux (2023),2023,Who wants to pay for Pantanal? Experiences of payment for environmental services in the preservation of a single biome,Environmental Development,10.1016/j.envdev.2023.100903,https://doi.org/10.1016/j.envdev.2023.100903,article,English,Cita município do recorte (MT),Cáceres; Nossa Senhora do Livramento; Poconé; Santo Antônio do Leverger
Setor Público,brunet2024interfaces,"Brunet, A. F. D. S.; Santos, F. C.; Anunciação, V. S.",Brunet et al. (2024),2024,AS INTERFACES DO PROGRAMA SAÚDE NA ESCOLA NAS UNIDADES DE ENSINO PÚBLICO NO PANTANAL DE AQUIDAUANA-MS,OKARA: Geografia em debate,10.22478/ufpb.1982-3878.2024v18n2.71587,https://doi.org/10.22478/ufpb.1982-3878.2024v18n2.71587,article,"",Pantanal Sul (MS),""
Setor Público,martinez2024pagamento,"Martinez, M. M.; Nusdeo, A. M. O.; Lima, C. A.",Martinez et al. (2024),2024,Pagamento por serviços ambientais e a proteção do Pantanal: promessa ou dívida?,JURIS - Revista da Faculdade de Direito,10.14295/juris.v34i2.17419,https://doi.org/10.14295/juris.v34i2.17419,article,"",Pantanal Sul (MS),""
Setor Público,pacheco2024governanca,"Pacheco, A. P. C.; Campello, L. G. B.",Pacheco e Campello (2024),2024,GOVERNANÇA DOS COMUNS E O DIREITO AMBIENTAL: REFLEXÕES À LUZ DO PANTANAL SUL-MATO-GROSSENSE,Revista Direitos Culturais,10.31512/rdc.v19i49.1797,https://doi.org/10.31512/rdc.v19i49.1797,article,"",Pantanal Sul (MS),""
Setor Público,lima2025analysis,"Lima, B. S.; Arruda, R. F.; Neves, S. M. A. S.; Costa, E. A.; Massavi, J. H. S.; Ferreira, J. A.",Lima et al. (2025),2025,"Analysis of Public Tourism Policies in the Border Zone of Mato Grosso, Brazil",RA'E GA: o Espaço Geográfico em Análise,10.5380/raega.v63i2.100030,https://doi.org/10.5380/raega.v63i2.100030,article,English,Cita município do recorte (MT),Nossa Senhora do Livramento
Setor Público,pereira2025catastrophic,"Pereira, A. M. M.; Damasceno-Junior, G. A.; Libonati, R.; Anderson, L. O.; Souza, A. H. A.; Ferreira, B. H. S.",Pereira et al. (2025),2025,Catastrophic wildfires in the Pantanal wetlands as catalysts for transformative change,Environmental Science and Policy,10.1016/j.envsci.2025.104273,https://doi.org/10.1016/j.envsci.2025.104273,article,English,Pantanal Sul (MS),""
Setor Público,taveira2025ecological,"Taveira, E. R.; Ribas, L. M.; Paranhos Filho, A. C.",Taveira et al. (2025),2025,ECOLOGICAL MODERNIZATION THEORY IN THE PANTANAL: ENVIRONMENTAL EXTRA-TAXATION MECHANISMS FOR SUSTAINABLE DEVELOPMENT,Revista de Direito,10.32361/2025170121214,https://doi.org/10.32361/2025170121214,article,Portuguese,Pantanal Sul (MS),""
Setor Público,tavella2025ashes,"Tavella, R. A.; Moura, F. R.; Silva Júnior, F. M. R.",Tavella et al. (2025),2025,Ashes of governance: Brazil’s 2024 wildfire crisis and its implications,Regional Environmental Change,10.1007/s10113-025-02469-8,https://doi.org/10.1007/s10113-025-02469-8,article,English,Pantanal genérico ou indefinido,""
Setor Público,dantas2026bridging,"Dantas, C. V.; Costa Neto, E. M.; Koch, E. B. A.; Roque, F. O.",Dantas et al. (2026),2026,Bridging knowledges through fire: a systematic review of indigenous fire management practices in Brazil,Journal of Ethnobiology and Ethnomedicine,10.1186/s13002-026-00884-7,https://doi.org/10.1186/s13002-026-00884-7,article,English,Pantanal genérico ou indefinido,""
