id_municipio,municipio,grupo,posicao_bioma,slug
5101605,Barão de Melgaço,Dependência de transferências e IFDM baixo,Planície pantaneira,barao-de-melgaco
5103437,Curvelândia,Dependência de transferências e IFDM baixo,Planalto / entorno,curvelandia
5102504,Cáceres,Autonomia fiscal intermediária,Planície pantaneira,caceres
5103957,Glória D'Oeste,Receita per capita elevada em município pequeno,Planalto / entorno,gloria-d-oeste
5104609,Itiquira,Receita per capita elevada em município pequeno,Borda / transição,itiquira
5105200,Juscimeira,Autonomia fiscal intermediária,Planalto / entorno,juscimeira
5105234,Lambari D'Oeste,Receita per capita elevada em município pequeno,Planalto / entorno,lambari-d-oeste
5105622,Mirassol D'Oeste,Autonomia fiscal intermediária,Planalto / entorno,mirassol-d-oeste
5106109,Nossa Senhora do Livramento,Dependência de transferências e IFDM baixo,Borda / transição,nossa-senhora-do-livramento
5106505,Poconé,Dependência de transferências e IFDM baixo,Planície pantaneira,pocone
5106828,Porto Esperidião,Dependência de transferências e IFDM baixo,Borda / transição,porto-esperidiao
5107602,Rondonópolis,Polo regional de maior autonomia fiscal,Planalto / entorno,rondonopolis
5107800,Santo Antônio do Leverger,Dependência de transferências e IFDM baixo,Planície pantaneira,santo-antonio-do-leverger
