codigo,rodada,dimensao,proposicao,corresponde_a,lacuna_tematica,fontes_obs_independentes,documentos,abrangencia,confianca,convergencia,auditoria,municipios_nomeados,clausula_insuficiencia
C01,1,Forças,"TCE-MT deu parecer prévio favorável sem ressalvas às contas 2024 de Barão de Melgaço, Cáceres, Juscimeira, Livramento e Poconé.",Item novo,"",2,5,Municipal,média,2/3,Com ressalva,Barão de Melgaço; Cáceres; Juscimeira; Nossa Senhora do Livramento; Poconé,O teor 'sem ressalvas' consta do título dos documentos; os trechos dispositivos exibidos vêm truncados antes do veredito. As passagens não permitem afirmar que não houve recomendações (Livramento recebeu recomendações contábeis e fiscais) nem avaliar a qualidade do gasto.
C02,1,Forças,"Prefeituras de Rondonópolis, Juscimeira e Curvelândia alcançaram nível Prata no Programa Nacional de Transparência Pública (2023–2024).",Item novo,"",2,4,Municipal,média,3/3,Com ressalva,Rondonópolis; Juscimeira; Curvelândia,"Para Curvelândia só há o resultado de 2023 (78,16%); o de 2024 não aparece nas passagens. Rondonópolis tem 77,10% Prata em 2024; o nível de 2023 (79,88%) vem truncado. As passagens não permitem afirmar a manutenção do nível em 2025 nem a qualidade da informação publicada."
C03,1,Forças,"Barão de Melgaço, Livramento e Juscimeira têm ouvidoria criada por ato formal e responsável designado (TCE-MT, contas 2024).",Item novo,"",1,4,Municipal,baixa,3/3,Com ressalva,Barão de Melgaço; Nossa Senhora do Livramento; Juscimeira; Santo Antônio de Leverger,"As passagens mostram a existência formal, não o funcionamento: não há número de manifestações nem prazos de resposta. Em Santo Antônio do Leverger falta ato que designe o responsável pela ouvidoria."
C04,1,Forças,Nove municípios do recorte instituíram ou publicaram o Plano Plurianual 2026–2029.,Item novo,"",10,9,Municipal,alta,2/3,Com ressalva,Rondonópolis; Curvelândia; Cáceres; Itiquira; Glória D'Oeste; Lambari D'Oeste; Poconé; Porto Esperidião; Barão de Melgaço,"Não há passagem sobre o PPA 2026–2029 de Juscimeira, Mirassol D'Oeste e Livramento; para Santo Antônio do Leverger só há menção ao projeto de lei. Para Barão há só a publicação no portal, sem número de lei. As passagens não avaliam o conteúdo, os indicadores nem a execução dos planos; o de Rondonópolis já foi alterado pela Lei 14.947/2026."
C05,1,Forças,"TCE-MT atestou audiências públicas da LDO e da LOA em Barão de Melgaço, Cáceres, Glória D'Oeste e Poconé (contas 2023).",Item novo,"",5,5,Municipal,alta,3/3,Com ressalva,Barão de Melgaço; Cáceres; Glória D'Oeste; Poconé; Itiquira,O TCE-MT atesta apenas que as audiências da LDO/LOA foram realizadas e publicadas; as fontes não informam número de participantes nem se houve alteração das peças; em Itiquira a audiência do PPA por transmissão on-line foi remarcada por queda de internet.
C06,1,Forças,"Porto Esperidião instituiu por lei (Lei 973/2025) plano de amortização do déficit atuarial de R$ 56,26 milhões.",Item novo,"",3,2,Municipal,média,2/3,Sustentada,Porto Esperidião,As passagens não informam o prazo nem as alíquotas do plano e não dizem se os aportes de amortização estão sendo pagos em dia. Por isso não permitem afirmar que o plano seja viável.
C07,1,Forças,"Dez municípios do recorte integram consórcios intermunicipais, como CIDESAT, CISOMT, Nascentes do Pantanal e Vale do Rio Cuiabá.",Item novo,"",4,4,Municipal,alta,3/3,Com ressalva,Curvelândia; Glória D'Oeste; Lambari D'Oeste; Mirassol D'Oeste; Porto Esperidião; Barão de Melgaço; Nossa Senhora do Livramento; Poconé; Santo Antônio de Leverger; Itiquira,"Valores só aparecem para Glória (R$ 1,83 mi em cotas de CIDESAT, CISOMT e AGER) e Itiquira (R$ 2,19 mi para consórcio de saúde na LOA 2025). Fora o aterro regional de Mirassol D'Oeste (2019), as passagens não mostram resultados dos consórcios nem a adesão de Cáceres, Rondonópolis e Juscimeira."
V08,1,Forças,"Cáceres, Poconé e Livramento participam da IGR Pantanal Mato-grossense; Cáceres e Poconé instituíram COMTUR.",FOR-02,"",7,2,Municipal,média,3/3,Com ressalva,Cáceres; Poconé; Nossa Senhora do Livramento,"As duas fontes são versões do mesmo plano UFMS (2023a e 2023b), com diagnósticos de 2022. O COMTUR de Poconé é descrito como pouco atuante e a IGR como enfraquecida. Não há dado sobre o dinheiro dos fundos."
V09,1,Forças,"Cáceres, Livramento, Barão de Melgaço e Santo Antônio de Leverger recebem ICMS Ecológico por unidades de conservação.",FOR-01,"",4,3,Municipal,média,3/3,Com ressalva,Cáceres; Nossa Senhora do Livramento; Barão de Melgaço; Santo Antônio de Leverger,"As participações citadas (1,5% do ICMS em Cáceres; 5,75% em Livramento) referem-se a 2002-2009; não há valores atuais nem destinação dos recursos; a base do IBGE situa a EE Taiamã em Poconé e a do Estado em Cáceres, o que pode afetar o rateio."
C08,1,Forças,"Déficit atuarial do RPPS de Cáceres caiu de R$ 465,2 milhões (DRAA 2024) para R$ 28,9 milhões (DRAA 2025).",Item novo,"",1,1,Municipal,baixa,2/3,Sustentada,Cáceres,"A fonte é única e não explica a queda de 93,79%. Não permite distinguir entre aportes, segregação de massas e revisão de premissas atuariais, nem afirmar que o equilíbrio será sustentável."
C09,1,Forças,"Livramento, Barão de Melgaço, Cáceres e Lambari D'Oeste adimpliram contribuições patronais e dos segurados ao RPPS (2023–2024).",Item novo,"",4,5,Municipal,alta,2/3,Sustentada,Nossa Senhora do Livramento; Barão de Melgaço; Cáceres; Lambari D'Oeste,Os exercícios variam (2023 em Barão e Lambari; 2023 e 2024 em Livramento; 2024 em Cáceres). Adimplência não significa equilíbrio atuarial: Barão e Cáceres têm déficit. As passagens nada dizem sobre os demais municípios com RPPS.
C10,1,Forças,Cáceres publicou Plano Anual de Auditoria Interna 2025 e Itiquira mantém dotação própria para Controladoria Interna na LOA.,Item novo,"",3,3,Municipal,alta,2/3,Com ressalva,Cáceres; Itiquira,"As passagens provam a existência do plano e da dotação, não a execução das auditorias nem seus achados. O valor da Controladoria de Itiquira na LOA 2026 vem de OCR ilegível e não deve ser citado."
C11,1,Forças,"Prefeituras de Cáceres, Curvelândia e Lambari D'Oeste têm assento nos comitês de bacia dos rios Jauru e Cabaçal.",Item novo,"",5,2,Municipal,baixa,2/3,Com ressalva,Cáceres; Curvelândia; Lambari D'Oeste; Porto Esperidião,Os próprios membros descrevem os comitês Jauru e Cabaçal como embrionários e com baixa participação social; as fontes não informam frequência das prefeituras nem deliberações adotadas.
C12,1,Fraquezas,TCE-MT emitiu parecer prévio favorável com ressalvas às contas 2024 de oito municípios do recorte.,Item novo,"",6,8,Municipal,alta,3/3,Com ressalva,Curvelândia; Glória D'Oeste; Itiquira; Lambari D'Oeste; Mirassol D'Oeste; Porto Esperidião; Rondonópolis; Santo Antônio de Leverger,"Só os trechos de Glória D'Oeste, Itiquira e Mirassol D'Oeste trazem o veredito 'com ressalvas' no dispositivo; para os outros cinco, o veredito vem do título do documento. As passagens não especificam quais irregularidades originaram cada ressalva nem a gravidade delas. Em Itiquira o parecer contrariou os pareceres do Ministério Público de Contas."
C13,1,Fraquezas,"Prefeituras de Livramento, Glória D'Oeste, Mirassol D'Oeste e Barão de Melgaço ficaram no nível Básico de transparência do PNTP.",Item novo,"",4,4,Municipal,alta,3/3,Com ressalva,Nossa Senhora do Livramento; Glória D'Oeste; Mirassol D'Oeste; Barão de Melgaço,"Os exercícios diferem: 2024 para Livramento (37,99%) e Glória (40,38%), 2025 para Mirassol (41,91%) e 2023 para Barão (45,45%). Por isso não se pode afirmar que os quatro estejam no nível Básico no mesmo ano, nem que a situação persista. As passagens não detalham quais critérios do PNTP deixaram de ser atendidos."
C14,1,Fraquezas,"TCE-MT apontou déficit atuarial no RPPS de Barão de Melgaço, Cáceres, Curvelândia, Glória D'Oeste, Mirassol D'Oeste e Porto Esperidião.",Item novo,"",2,7,Municipal,média,3/3,Com ressalva,Barão de Melgaço; Cáceres; Curvelândia; Glória D'Oeste; Mirassol D'Oeste; Porto Esperidião,"Só Cáceres (R$ 28,9 mi no DRAA 2025) e Porto Esperidião (R$ 56,26 mi) têm o déficit quantificado; nos demais o tamanho é desconhecido. O ISP é B em Curvelândia, Barão e Mirassol e C em Glória. As passagens nada dizem sobre o RPPS de Itiquira além do ISP B; Poconé não tem RPPS."
C15,1,Fraquezas,"Glória D'Oeste, Mirassol D'Oeste e Poconé não alocaram na LOA 2024 recursos para prevenção da violência contra a mulher.",Item novo,"",2,3,Municipal,média,3/3,Com ressalva,Glória D'Oeste; Mirassol D'Oeste; Poconé,Trata-se da verificação da Lei 14.164/2021 nas contas de 2024; as passagens não dizem se a falha foi corrigida nas LOAs de 2025 ou 2026. Curvelândia cumpriu a alocação; a situação dos demais municípios não é informada.
C16,1,Fraquezas,Pareceres 2024 do TCE-MT registram descumprimento de direitos de ACS e ACE (RGA ou insalubridade) em municípios do recorte.,Item novo,"",1,6,Municipal,baixa,3/3,Com ressalva,Curvelândia; Poconé; Porto Esperidião; Lambari D'Oeste; Itiquira; Cáceres,"Não comprovar não é o mesmo que não conceder: as passagens não informam os percentuais de reajuste nem a diferença em relação às demais carreiras. Cáceres teve atendimento parcial, e Curvelândia também não previu a aposentadoria especial dos ACS/ACE no cálculo atuarial."
C17,1,Fraquezas,"Repasse ao Legislativo atingiu o teto constitucional de 7% da receita base em Itiquira, Lambari D'Oeste e Porto Esperidião (2024).",Item novo,"",3,4,Municipal,alta,2/3,Com ressalva,Itiquira; Lambari D'Oeste; Porto Esperidião; Curvelândia,O TCE-MT classifica os repasses como regulares; ler o repasse no teto como rigidez orçamentária é inferência analítica; as fontes não informam a execução nem a devolução de duodécimos pelas Câmaras.
C18,1,Fraquezas,TCE-MT manteve irregularidade gravíssima em Mirassol D'Oeste (2025) e previu Tomada de Contas Especial em Santo Antônio de Leverger (2023).,Item novo,"",3,2,Municipal,baixa,3/3,Com ressalva,Mirassol D'Oeste; Santo Antônio de Leverger,"A passagem diz que 'será instaurada' a Tomada de Contas Especial para apurar dano ao erário, mas não informa o objeto das irregularidades DA05/DA07, o valor envolvido nem se a TCE foi de fato instaurada ou concluída. O mesmo parecer registra superávits, mínimos constitucionais cumpridos e dívida consolidada líquida inexistente."
C19,1,Fraquezas,"LDOs de Juscimeira e Santo Antônio de Leverger subestimaram a receita de 2024 em 44,3% e 26,5%, respectivamente.",Item novo,"",1,2,Municipal,baixa,2/3,Com ressalva,Juscimeira; Santo Antônio de Leverger,"A comparação é entre a meta e o realizado nos anexos de metas fiscais. As fontes não explicam a causa (transferências extraordinárias ou convênios, por exemplo) nem mostram se o desvio se repete em outros anos."
C20,1,Fraquezas,"Notas explicativas de 2025 de Curvelândia citam o exercício de 2022, e as de Itiquira contêm instrução de revisão pré-publicação.",Item novo,"",4,3,Municipal,média,3/3,Com ressalva,Curvelândia; Itiquira,As passagens mostram inconsistência textual (ano errado; nota com instrução de revisão e recomendação de completar a natureza dos contratos). Não permitem afirmar que os saldos contábeis estejam errados nem que o TCE-MT tenha apontado a falha.
C21,1,Fraquezas,"PPA 2026–2029 de Curvelândia mantém programa de enfrentamento à Covid-19 (R$ 701,8 mil) e indicadores com metas zeradas.",Item novo,"",4,2,Municipal,baixa,3/3,Com ressalva,Curvelândia,"As fontes não mostram efeito material das inconsistências; as notas citam população de 3.224 habitantes, divergente dos 4.903 do perfil quantitativo da Fase I, e a divergência não é resolvida pelo acervo."
C22,1,Fraquezas,TCE-MT determinou a Barão de Melgaço e Poconé estruturar o controle social do saneamento básico (acórdãos 7/2021 e 265/2022).,Item novo,"",4,1,Municipal,baixa,3/3,Com ressalva,Barão de Melgaço; Poconé,Os Acórdãos 7/2021 (Barão) e 265/2022 (Poconé) chegam apenas pela transcrição no Plano de Bacia do Alto Cuiabá. As passagens não informam se os conselhos de saneamento foram ativados ou implantados nem se as determinações foram cumpridas.
V25,1,Fraquezas,Barão de Melgaço e Livramento não tinham Fundo Municipal de Turismo; COMTUR de Poconé operava sem regimento interno (2023).,FRA-01,"",3,2,Municipal,média,3/3,Com ressalva,Barão de Melgaço; Nossa Senhora do Livramento; Poconé,"São diagnósticos de duas versões do mesmo plano UFMS e não mostram a situação depois de 2023. Livramento aparece sem legislação de turismo, mas outro trecho cita conselhos de turismo e cultura existentes. Poconé também aparece sem Plano Diretor."
V26,1,Fraquezas,Diagnósticos de turismo de Poconé e Livramento associam a descontinuidade de ações públicas à troca de gestores municipais.,FRA-10,"",5,2,Municipal,baixa,3/3,Com ressalva,Poconé; Nossa Senhora do Livramento; Cáceres,Fonte única e perceptiva (o plano classifica como ameaça); o item validado FRA-10 refere-se ao PSE em Aquidauana-MS; não há medida de rotatividade de pessoal nem de programas interrompidos.
V27,1,Fraquezas,"Unidades de conservação do Pantanal mato-grossense carecem de brigada permanente: Encontro das Águas sem brigada, Taiamã sem alojamento.",FRA-07,"",4,4,Pantanal-MT,alta,3/3,Com ressalva,Poconé; Cáceres,"Os planos da UFMS acrescentam a ausência de núcleos permanentes do Prevfogo na fronteira, sem quantificar. As passagens não trazem tempo de resposta, área queimada atribuível à falta de estrutura nem a situação após 2024; Taiamã contrata sete brigadistas por ano, em contratos de seis meses."
C23,1,Fraquezas,"Comitês das bacias dos rios Jauru e Cabaçal são embrionários, com baixa participação social e fora das decisões sobre hidrelétricas.",Item novo,"",3,1,Municipal,baixa,2/3,Com ressalva,Cáceres,"A fonte é um único estudo de percepção, sem dados de frequência às reuniões nem de deliberações. Ele também relata que os comitês ficam de fora dos processos sobre empreendimentos hidrelétricos, sem documentar casos específicos."
C24,1,Fraquezas,TCE-MT recomendou a Livramento e Itiquira metas de resultado primário na LDO.,Item novo,"",3,2,Municipal,média,2/3,Com ressalva,Nossa Senhora do Livramento; Itiquira,"São recomendações, não condenações. As passagens não informam quanto o resultado primário ficou abaixo da meta nem se as rotinas contábeis foram corrigidas em 2025."
C25,1,Oportunidades,"TCE-MT passou a monitorar indicadores de educação, saúde e meio ambiente nas contas anuais de governo municipais.",Item novo,"",3,4,Municipal,alta,3/3,Com ressalva,Curvelândia; Itiquira; Barão de Melgaço; Porto Esperidião,O saneamento só aparece no escopo das contas de 2025. As passagens não mostram se os indicadores afetam o parecer nem se geram determinações vinculantes aos municípios.
C26,1,Oportunidades,"Lei estadual 11.088/2020 tornou deliberativos os comitês de bacia hidrográfica de Mato Grosso, antes apenas consultivos.",Item novo,"",2,2,Mato Grosso,média,2/3,Com ressalva,—,"As passagens tratam da mudança legal, não do seu efeito. Não informam quantas deliberações os comitês do recorte já tomaram nem se os recursos à CEHIDRO alteraram decisões."
V32,1,Oportunidades,Planos de recursos hídricos propõem incluir critérios de conservação hídrica no rateio do ICMS Ecológico de Mato Grosso.,OPO-06,"",4,3,Mato Grosso,média,2/3,Com ressalva,—,"É meta de plano (D.2.6), não norma vigente. Dois dos três documentos são volumes do mesmo PRH-Paraguai, por isso a confiança foi rebaixada. As passagens não indicam tramitação legislativa nem prazo."
V33,1,Oportunidades,"ZPE de Cáceres (247 ha, criada em 1990) foi concluída em 2023, com estimativa de 18 mil empregos.",OPO-04,"",5,5,Municipal,média,3/3,Com ressalva,Cáceres,"Os 18 mil empregos são estimativa; as fontes não medem efeito fiscal sobre o orçamento municipal; a navegação exige dragagem com licenciamento em atraso, e 'finalizada em 2023' (UFMS 2024) não esclarece se a ZPE opera."
V34,1,Oportunidades,"Hidrovia Cáceres–Corumbá tem elevado potencial segundo o PRH Paraguai, condicionado a dragagem e obras no leito.",OPO-04,"",3,3,Municipal,média,2/3,Com ressalva,Cáceres,"A condicionalidade às obras vem só do PRH; os planos de manejo apenas registram a aspiração de Cáceres a porto fluvial. As passagens não informam custo, licenciamento nem impacto ambiental. Há registro de atraso na renovação do licenciamento de dragagem e de impactos das embarcações."
V35,1,Oportunidades,"Planos de manejo preveem manejo integrado do fogo articulando Bombeiros, SEMA-MT, Prevfogo e prefeituras, inclusive na Transpantaneira.",OPO-01,"",5,3,Pantanal-MT,média,2/3,Com ressalva,Poconé; Cáceres,As fontes não informam recursos aplicados nem área efetivamente protegida; a articulação descrita é de 2023-2024 e não há evidência de participação da prefeitura de Poconé como ente.
C27,1,Oportunidades,Estatuto do Pantanal (Lei 15.228/2025) prevê convênios da União com estados e municípios para pagamento por serviços ambientais.,Item novo,"",1,1,Bioma,baixa,2/3,Com ressalva,—,"A lei é de 30/09/2025 e as fontes não mostram regulamentação. O art. 19 foi vetado, o art. 21 impõe vedações e não há fonte de recursos definida. Nenhum convênio com municípios do recorte aparece nas fontes."
C28,1,Oportunidades,"Emendas parlamentares cobriram R$ 13,55 milhões dos R$ 16,27 milhões de cinco projetos de obras de Juscimeira (2025).",Item novo,"",2,1,Municipal,baixa,3/3,Com ressalva,Juscimeira,"A fonte é o relatório de gestão da própria prefeitura. Não identifica os parlamentares, a esfera (federal ou estadual) nem se os recursos foram efetivamente repassados e executados. Lista ainda R$ 8,65 mi em outros projetos com emendas, sem status."
C29,1,Oportunidades,"Convênios com o Governo de MT, inclusive SINFRA, financiam habitação em Curvelândia e pavimentação em Santo Antônio de Leverger.",Item novo,"",3,3,Municipal,média,2/3,Com ressalva,Curvelândia; Santo Antônio de Leverger; Cáceres,"As fontes não trazem taxas de execução; em Cáceres não se identifica qual coluna (R$ 11,86 mi ou R$ 8,70 mi) corresponde a cada exercício; o balanço de Cáceres registra também redução de repasses de convênios em 2025."
C30,1,Ameaças,"ANA liberou pedidos de outorga de novas hidrelétricas na bacia do rio Correntes, a montante do AHE Aquarius (Itiquira).",Item novo,"",3,3,Municipal,alta,2/3,Com ressalva,Itiquira,"A liberação abrange o trecho a montante do AHE Aquarius, onde a nota técnica identifica 10 aproveitamentos (44.130 kW), sete em bacias de menor importância pesqueira. As passagens não informam quantas outorgas foram concedidas nem quais usinas foram licenciadas ou construídas."
V40,1,Ameaças,Acordo Brasil–Bolívia–Paraguai de 2018 para proteção do Pantanal foi descartado pelos três governos em outubro de 2022.,AME-07,"",2,1,Bioma,baixa,2/3,Com ressalva,—,A fonte é única (artigo da Revista GeoPantanal) e se apoia em notícia. Não confirma ato oficial de abandono do acordo nem informa cooperação posterior.
V41,1,Ameaças,"Fiscalização é insuficiente sobre a pesca em Cáceres e na Estrada Parque Transpantaneira, segundo diagnósticos e planos de manejo.",AME-04,"",4,3,Pantanal-MT,média,3/3,Com ressalva,Cáceres,"Não há número de autos de infração nem efetivo de fiscais. A EE Taiamã relata duas a três operações por mês, o que não basta para medir a cobertura. A passagem sobre a Transpantaneira não nomeia o município."
C31,1,Ameaças,"Rondonópolis registrou a quarta queda consecutiva do Índice de Participação dos Municípios no ICMS, segundo relatório preliminar da SEFAZ-MT.",Item novo,"",1,1,Municipal,baixa,3/3,Com ressalva,Rondonópolis,"A fonte é única: a própria peça orçamentária municipal, citando relatório preliminar da SEFAZ-MT. Não informa os valores do IPM, os anos das quedas nem o impacto em reais; a previsão de que a tendência continua é do próprio município."
C32,1,Ameaças,Nota explicativa do balanço 2025 de Cáceres registra diminuição da arrecadação e redução de repasses de convênios estaduais e federais.,Item novo,"",1,1,Municipal,baixa,2/3,Com ressalva,Cáceres,"A passagem vem truncada e não quantifica a queda nem identifica os convênios afetados. O mesmo balanço registra restituição de R$ 1,28 mi em saldos de convênios, sem explicar o motivo."
C33,2,Forças,"Pareceres do TCE-MT (contas 2023-2024) registram despesas correntes entre 82,8% e 92,7% das receitas correntes, abaixo do teto de 95%.",Item novo,"Indicadores fiscais dos pareceres prévios do TCE-MT: limites da LRF, art. 167-A, mínimos constitucionais, resultado e dívida",5,10,Municipal,alta,3/3,Com ressalva,Itiquira; Lambari D'Oeste,"Os trechos, na maioria, não identificam o município de cada parecer, e o PP 68/2024 (contas de 2023) pode ser do mesmo município de um dos pareceres de 2025; por isso contam-se 9, não 10. Também não se sabe se todos os 13 municípios do recorte estão representados. O indicador mede só a relação corrente e não informa a liquidez nem os restos a pagar."
C34,2,Forças,Pareceres do TCE-MT (contas 2023-2025) registram operações de crédito nulas na maioria e dívida consolidada líquida nula em dois.,Item novo,"Indicadores fiscais dos pareceres prévios do TCE-MT: limites da LRF, art. 167-A, mínimos constitucionais, resultado e dívida",7,12,Municipal,média,3/3,Com ressalva,Santo Antônio de Leverger; Itiquira; Lambari D'Oeste,"Santo Antônio de Leverger aparece nomeado no texto do parecer, embora o campo de municípios atribuíveis esteja vazio. O PP 14/2026 não identifica o município no trecho. As fontes não informam se a dívida nula reflete solidez fiscal ou falta de acesso a crédito, nem o estoque de restos a pagar."
C35,2,Forças,Pareceres do TCE-MT sobre contas de 2024 registram adimplência das contribuições dos segurados aos RPPS municipais ou CRP regular.,Item novo,"Indicadores fiscais dos pareceres prévios do TCE-MT: limites da LRF, art. 167-A, mínimos constitucionais, resultado e dívida",4,9,Municipal,alta,3/3,Com ressalva,Itiquira; Lambari D'Oeste,"Os trechos não informam o equilíbrio atuarial dos RPPS nem o déficit acumulado. Em alguns trechos a frase sobre as contribuições patronais foi cortada, de modo que a adimplência patronal não se confirma em todos. A maioria dos pareceres não identifica o município."
C36,2,Forças,"Em 2025, Cáceres arrecadou R$ 20,6 milhões de ITR, acima do IPVA (R$ 16,3 milhões).",Item novo,"Receita própria, transferências e compensações financeiras: composição, dependência e desempenho da arrecadação",2,1,Municipal,baixa,2/3,Com ressalva,Cáceres,"A fonte não diz se o valor do ITR decorre de convênio de fiscalização com a Receita Federal (repasse integral) nem informa a série de anos anteriores. O município foi identificado pelo cabeçalho, porque o campo de municípios atribuíveis está vazio."
C37,2,Forças,O PPA 2026–2029 de Rondonópolis (Lei 14.602/2025) organiza metas em quatro eixos com indicadores e foi alterado em 2026.,Item novo,"Rondonópolis: planejamento, orçamento e finanças do polo regional (PPA 2026–2029, LDOs, LOA 2025, contas 2024–2025)",6,3,Municipal,baixa,3/3,Com ressalva,Rondonópolis,"As passagens descrevem o desenho do plano em considerandos e na lei de alteração. Não informam os indicadores, as metas quantificadas nem execução alguma. Rondonópolis está nomeado no texto, mas o campo de municípios atribuíveis está vazio."
C38,2,Forças,"Pareceres do TCE-MT avaliam a transparência de Rondonópolis em 79,88% (nível Elevado) em 2023 e 77,10% (Prata) em 2024.",Item novo,"Rondonópolis: planejamento, orçamento e finanças do polo regional (PPA 2026–2029, LDOs, LOA 2025, contas 2024–2025)",5,2,Municipal,média,3/3,Com ressalva,Rondonópolis,"A atribuição a Rondonópolis do parecer 130/2025 vem de outra passagem do mesmo parecer; o parecer 137/2024 não tem passagem atribuída. O índice mede a disponibilidade de informação, não a qualidade do gasto, e as fontes não explicam a queda de 2,8 pontos."
C39,2,Forças,"Anexo de Metas Fiscais da LDO 2026 de Rondonópolis projeta margem de R$ 244,8 milhões para novas despesas obrigatórias continuadas.",Item novo,"Rondonópolis: planejamento, orçamento e finanças do polo regional (PPA 2026–2029, LDOs, LOA 2025, contas 2024–2025)",3,1,Municipal,baixa,2/3,Com ressalva,Rondonópolis,"É uma projeção do Executivo, sem verificação de que a receita se realizou. Ela convive com a queda do IPM declarada no mesmo documento. A fonte não separa quanto vem da revisão da planta genérica. O texto nomeia Rondonópolis, mas o campo está vazio."
C40,2,Forças,"Leis orçamentárias municipais, como a LDO 2025 de Poconé, preveem reserva de contingência para riscos fiscais e imprevistos.",Item novo,"Metas, riscos e encargos fiscais declarados nas LDOs: anexos de metas e de riscos, reserva de contingência e custeio de outros entes",5,4,Municipal,média,2/3,Com ressalva,Poconé; Santo Antônio de Leverger,"São dispositivos exigidos pela LRF e repetidos de um exercício para outro. As fontes não informam o valor da reserva de contingência, se ela foi usada, nem os riscos fiscais listados nos anexos. A Lei 659/2025 não tem município atribuível."
C41,2,Forças,"Rondonópolis (SANEAR, IMPRO) e Cáceres (Águas do Pantanal, Previ Cáceres) mantêm autarquias próprias de saneamento e previdência, com orçamentos próprios.",Item novo,"Conteúdo programático e alocação por função nos PPAs e LOAs: gestão ambiental, turismo, agricultura, saneamento e defesa civil",3,2,Municipal,média,3/3,Com ressalva,Rondonópolis; Cáceres,"As fontes informam dotações e competências, não a execução nem a cobertura dos serviços. Os municípios foram identificados pelo nome das entidades no texto, porque o campo de municípios atribuíveis está vazio."
C42,2,Forças,"Cáceres (2022), Poconé (2023) e Itiquira (2025) registram Conselho e Fundo Municipal de Turismo instituídos.",Item novo,"Conteúdo programático e alocação por função nos PPAs e LOAs: gestão ambiental, turismo, agricultura, saneamento e defesa civil",5,3,Municipal,baixa,3/3,Com ressalva,Itiquira; Cáceres; Poconé,"As fontes registram a existência dos instrumentos, não o funcionamento: o mesmo plano diz que o COMTUR de Poconé é pouco atuante e não tem regimento interno. Não há valores arrecadados nem aplicados pelos fundos."
C43,2,Forças,"Em 2025, Santo Antônio de Leverger contratou, por dispensa, consultoria para revisar estrutura organizacional e quadro de cargos e carreiras.",Item novo,"Capacidade administrativa municipal: quadro de pessoal, carreiras, concursos, estrutura organizacional e equipes técnicas",1,1,Municipal,baixa,3/3,Com ressalva,Santo Antônio de Leverger,"O trecho registra a contratação, não o resultado. Não se sabe se a nova estrutura ou o plano de carreiras foram aprovados em lei, nem o valor do contrato. O município está nomeado no texto, mas o campo de municípios atribuíveis está vazio."
C44,2,Forças,"Planos de manejo de 2025: prevenção de incêndios na Transpantaneira (Poconé) reúne Bombeiros, SEMA, Defesa Civil, ONGs e proprietários.",Item novo,"Cooperação federativa: convênios, termos de cooperação e atuação conjunta de prefeituras com órgãos estaduais e federais, inclusive no fogo e na defesa civil",3,3,Municipal,baixa,3/3,Com ressalva,Poconé,"Os dois planos de 2025 repetem o texto sobre os aceiros, o que conta como uma observação; a outra é o convênio de 2006, cuja vigência atual não se conhece. As fontes não informam a participação da Prefeitura de Poconé, que é distinta da Defesa Civil genérica, nem resultados em área queimada."
C45,2,Forças,Santo Antônio de Leverger firmou termo de cooperação com SEMA-MT (2005) para gestão ambiental e convênio com SINFRA-MT para pavimentação.,Item novo,"Cooperação federativa: convênios, termos de cooperação e atuação conjunta de prefeituras com órgãos estaduais e federais, inclusive no fogo e na defesa civil",3,2,Municipal,baixa,3/3,Com ressalva,Santo Antônio de Leverger,"As fontes não informam se o termo de 2005 segue vigente, nem o valor e a data do convênio com a SINFRA-MT. Em, o município foi identificado pelo documento e pela signatária, porque o campo de municípios atribuíveis está vazio."
C46,2,Fraquezas,"Pareceres do TCE-MT registram repasses às Câmaras, nas contas de 2024, no teto de 7% em ao menos três municípios.",Item novo,"Indicadores fiscais dos pareceres prévios do TCE-MT: limites da LRF, art. 167-A, mínimos constitucionais, resultado e dívida",5,7,Municipal,média,3/3,Com ressalva,Itiquira; Lambari D'Oeste,"O TCE-MT classifica os quatro repasses como regulares. Ler o repasse no teto como fraqueza é inferência sobre a rigidez do orçamento do Executivo, e as fontes não medem esse efeito. Dois dos quatro pareceres não trazem no trecho o nome do município; Itiquira e Lambari D'Oeste foram identificados pelo número do parecer e pelo texto, não pelo campo de municípios atribuíveis."
C47,2,Fraquezas,Parecer do TCE-MT sobre contas de 2023 de Santo Antônio de Leverger aponta irregularidades e prevê Tomada de Contas Especial.,Item novo,"Indicadores fiscais dos pareceres prévios do TCE-MT: limites da LRF, art. 167-A, mínimos constitucionais, resultado e dívida",1,1,Municipal,baixa,3/3,Com ressalva,Santo Antônio de Leverger,"O trecho não informa o objeto nem o valor das irregularidades DA05 e DA07, nem se a Tomada de Contas Especial foi de fato instaurada ou concluída. O mesmo parecer registra superávits e cumprimento dos limites. O município foi identificado pelo texto, porque o campo de municípios atribuíveis está vazio."
C48,2,Fraquezas,"Em 2024, tributos próprios somaram cerca de 17% das receitas correntes em Juscimeira e 11–12% em Santo Antônio de Leverger.",Item novo,"Receita própria, transferências e compensações financeiras: composição, dependência e desempenho da arrecadação",4,3,Municipal,média,3/3,Com ressalva,Santo Antônio de Leverger; Juscimeira; Glória D'Oeste,"Os percentuais foram calculados pelo compilador a partir de tabelas de OCR, e não são declarados pelas fontes. No caso de Glória D'Oeste, a VPA (regime de competência) e a receita orçamentária têm bases diferentes, e a razão não é exata. Os municípios foram identificados pelo cabeçalho das tabelas, porque o campo de municípios atribuíveis está vazio. Não há dado para os demais municípios."
C49,2,Fraquezas,"Receita realizada superou a prevista em 44% (Juscimeira, 2024), 26% (Santo Antônio de Leverger, 2024) e 13% (Glória D'Oeste, 2025).",Item novo,"Metas, riscos e encargos fiscais declarados nas LDOs: anexos de metas e de riscos, reserva de contingência e custeio de outros entes",2,3,Municipal,média,3/3,Com ressalva,Santo Antônio de Leverger; Juscimeira; Glória D'Oeste,"Os desvios mostram previsão de receita abaixo do realizado. As fontes não informam se a causa foi método de estimativa, receitas extraordinárias ou convênios não previstos. O percentual de Glória D'Oeste foi calculado pelo compilador. Os municípios foram identificados pelo cabeçalho, porque o campo de municípios atribuíveis está vazio."
C50,2,Fraquezas,Pareceres do TCE-MT (contas 2024) recomendam metas de resultado primário realistas em Itiquira e medidas para atingi-las noutro município.,Item novo,"Metas, riscos e encargos fiscais declarados nas LDOs: anexos de metas e de riscos, reserva de contingência e custeio de outros entes",3,2,Municipal,média,2/3,Com ressalva,Itiquira,São recomendações dentro de pareceres favoráveis. As fontes não informam o resultado primário apurado nem o tamanho do desvio em relação à meta. O segundo parecer não tem município atribuível.
C51,2,Fraquezas,O PPA 2026–2029 de Curvelândia (Lei 652/2025) declara o município deficitário em esgotamento sanitário e drenagem pluvial.,Item novo,"Conteúdo programático e alocação por função nos PPAs e LOAs: gestão ambiental, turismo, agricultura, saneamento e defesa civil",1,1,Municipal,baixa,3/3,Com ressalva,Curvelândia,"É autodeclaração do município num PPA de 2025. O trecho não traz cobertura percentual nem o valor programado para esgoto e drenagem. O município foi identificado pelo cabeçalho, porque o campo de municípios atribuíveis está vazio."
C52,2,Fraquezas,"O PPA 2026–2029 de Curvelândia atribui a uma única secretaria turismo, meio ambiente, cultura, esporte e lazer.",Item novo,"Conteúdo programático e alocação por função nos PPAs e LOAs: gestão ambiental, turismo, agricultura, saneamento e defesa civil",1,1,Municipal,baixa,2/3,Com ressalva,Curvelândia,"O trecho não informa o quadro de pessoal da secretaria nem o orçamento das funções ambiental e de turismo. Concentrar várias funções numa secretaria não prova, por si, baixa capacidade. A meta zero pode ser só registro formal."
C53,2,Fraquezas,"Diagnóstico de turismo de 2023 aponta em Poconé COMTUR pouco atuante, sem regimento, falta de Plano Diretor e equipe reduzida.",Item novo,"Capacidade administrativa municipal: quadro de pessoal, carreiras, concursos, estrutura organizacional e equipes técnicas",2,1,Municipal,baixa,3/3,Com ressalva,Poconé,"É diagnóstico participativo de 2023, e o mesmo documento traz avaliações contraditórias sobre o corpo técnico. Não há número de servidores nem orçamento da secretaria. A falta de Plano Diretor não foi conferida em fonte legislativa."
C54,2,Fraquezas,"LOA 2025 de Rondonópolis: R$ 174,1 milhões em terceirização, R$ 37,4 milhões em temporários; Santo Antônio de Leverger prorrogou seletivo.",Item novo,"Capacidade administrativa municipal: quadro de pessoal, carreiras, concursos, estrutura organizacional e equipes técnicas",3,2,Municipal,baixa,3/3,Com ressalva,Santo Antônio de Leverger; Rondonópolis,"Os valores de Rondonópolis são dotações fixadas, não executadas. As fontes não informam quantos servidores efetivos, temporários e terceirizados há, nem as áreas atendidas. O recurso a vínculos não efetivos como fraqueza de capacidade é inferência."
C55,2,Fraquezas,Planos de manejo de 2025 apontam falta de estrutura antifogo no PE Encontro das Águas e fiscalização insuficiente na Transpantaneira.,Item novo,"Cooperação federativa: convênios, termos de cooperação e atuação conjunta de prefeituras com órgãos estaduais e federais, inclusive no fogo e na defesa civil",2,2,Municipal,baixa,3/3,Com ressalva,Poconé,"A fraqueza é do órgão estadual na unidade de conservação, não da prefeitura. O trecho não informa o efetivo nem o orçamento de combate ao fogo, nem a situação de outras UCs estaduais do recorte."
C56,2,Oportunidades,"Cáceres recebia ICMS Ecológico por unidades de conservação, em média 1,5% do ICMS municipal em 2002–2009, segundo a SEMA-MT.",Item novo,"Receita própria, transferências e compensações financeiras: composição, dependência e desempenho da arrecadação",2,2,Municipal,baixa,2/3,Com ressalva,Cáceres,"Os dois planos repetem o mesmo dado da SEMA-MT de 2013, o que conta como uma observação. Não há valor posterior a 2009, e as fontes não informam a participação atual do ICMS Ecológico na receita de Cáceres nem a de outros municípios do recorte."
C57,2,Oportunidades,"Plano da faixa de fronteira (UFMS, 2023-2024) propõe concurso para turismólogos nas secretarias municipais de turismo.",Item novo,"Capacidade administrativa municipal: quadro de pessoal, carreiras, concursos, estrutura organizacional e equipes técnicas",1,2,Intermunicipal,baixa,2/3,Com ressalva,Nossa Senhora do Livramento,"As edições de 2023 e 2024 repetem a mesma matriz, o que conta como uma observação. A ação é proposta para todos os municípios da faixa, sem prazo de execução nem financiamento. A menção a Nossa Senhora do Livramento refere-se a outra linha (crédito turístico) e não sustenta afirmação sobre o município."
C58,2,Oportunidades,"Planos de manejo (2016, 2025) atribuem às prefeituras de Cáceres e Santo Antônio de Leverger papel de parceiras em UCs.",Item novo,"Cooperação federativa: convênios, termos de cooperação e atuação conjunta de prefeituras com órgãos estaduais e federais, inclusive no fogo e na defesa civil",3,2,Municipal,média,2/3,Com ressalva,Cáceres; Santo Antônio de Leverger,"São atribuições propostas em planos de manejo, não compromissos assinados pelas prefeituras. As metas da ESEC venciam em 2020 e não há registro de cumprimento. As fontes não informam recursos municipais alocados."
C59,2,Ameaças,Nota do balanço 2025 de Cáceres atribui o resultado à menor arrecadação e à redução de convênios estaduais e federais.,Item novo,"Receita própria, transferências e compensações financeiras: composição, dependência e desempenho da arrecadação",3,1,Municipal,baixa,3/3,Com ressalva,Cáceres,O trecho cortado não informa qual resultado foi afetado nem o tamanho da queda da arrecadação ou dos convênios. Não há série histórica que mostre tendência.
C60,2,Ameaças,"Peças orçamentárias de Rondonópolis registram a quarta queda consecutiva do índice de participação no ICMS, segundo relatório preliminar da SEFAZ-MT.",Item novo,"Rondonópolis: planejamento, orçamento e finanças do polo regional (PPA 2026–2029, LDOs, LOA 2025, contas 2024–2025)",1,1,Municipal,baixa,3/3,Com ressalva,Rondonópolis,"Quem afirma é a própria prefeitura, citando relatório preliminar da SEFAZ-MT. A fonte não informa a magnitude da queda do IPM nem o efeito em reais na cota-parte. O texto nomeia Rondonópolis, mas sem atribuição formal."
