id_municipio,ano,fonte,instrumento,proponente_executor,ideia_sintese,tema,eixo,situacao,celebrado,valor_global
5101605,2008,Convênio/Fomento,Proposta 683/2008,Pantanal Do Mimoso Sociedade Ambientalista,"OBJETIVOProdução de material fotográfico e cinematográfico tendo como tema as principais baías perenes do Pantanal de Mato Grosso, enfocando seus aspectos geográficos, suas (...)",Ambiental — Conservação e Restauração,Ambiental e Sustentabilidade,Proposta/Plano de Trabalho Cadastrados,Não,1445855
5107800,2008,Convênio/Fomento,Proposta 22959/2008,Instituto Do Itaicy,"APOIO À CRIAÇÃO DA RPPN USINA DO ITAICY NO PANTANAL MATO-GROSSENSE, INCLUINDO OS SEGUINTES TRABALHOS: 1. TOPOGRAFIA PLANIALTIMETRICA CADASTRAL DA ÁREA. 2.GEORREFERENCIAMENTO. 3. (...)",Ambiental — Unidades de Conservação,Ambiental e Sustentabilidade,Proposta Aprovada e Plano de Trabalho em Complementação,Não,315000
5107800,2009,Convênio/Fomento,Proposta 7125/2009,Instituto Do Itaicy,APOIO À CRIAÇÃO DA RPPN USINA DO ITAICY NO PANTANAL MATO-GROSSENSE,Ambiental — Unidades de Conservação,Ambiental e Sustentabilidade,Proposta/Plano de Trabalho Cadastrados,Não,315000
5107800,2009,Convênio/Fomento,Proposta 96356/2009,Instituto Do Itaicy,Implantação de um viveiro para mudas nativas no Pantanal norte e reflorestamento das A.P.P.s degradadas do Rio Cuiabá-MT,Ambiental — Conservação e Restauração,Ambiental e Sustentabilidade,Proposta/Plano de Trabalho Cadastrados,Não,120000
5106109,2023,Convênio/Fomento,Proposta 9632/2023,Municipio De Nossa Senhora Do Livramento,Recuperação de estradas vicinais na região do baixo Pantanal de Nossa Senhora do Livramento/MT,Infraestrutura Rural,Desenvolvimento Regional,Proposta/Plano de Trabalho Rejeitados,Não,3e+06
5102504,2025,Convênio/Fomento,984799,Fundacao Universidade Do Estado De Mato Grosso,Diagnóstico de ordenamento territorial e desenvolvimento regional sustentável do Pantanal Norte-MT (DSIP-MT / UNEMAT-SUDECO),Desenvolvimento Regional e Territorial,Desenvolvimento Regional,Proposta/Plano de Trabalho Aprovados,Sim,612000
5106505,2008,Convênio/Fomento,Proposta 10541/2008,Municipio De Pocone,REVEILLON NO PORTAL DO PANTANAL,Turismo — Eventos e Promoção,Economia,Proposta/Plano de Trabalho em Análise,Não,315750
5106505,2009,Convênio/Fomento,Proposta 76556/2009,Municipio De Pocone,Projeto de Divulgação do Turismo do Pantanal de Poconé-MT,Turismo e Ecoturismo,Economia,Proposta/Plano de Trabalho Rejeitados,Não,102500
5106505,2010,Convênio/Fomento,Proposta 93390/2010,Municipio De Pocone,Realização do Reveillon no Portal do Pantanal no Município de Pocone-MT,Turismo — Eventos e Promoção,Economia,Proposta/Plano de Trabalho Rejeitados,Não,187500
5106505,2010,Convênio/Fomento,Proposta 11706/2010,Municipio De Pocone,Infra-estrutura turistica com sinalização dos Pontos Turisticos do Pantanal em Poconé-MT,Turismo e Ecoturismo,Economia,Proposta/Plano de Trabalho em Análise,Não,102500
5106505,2011,Convênio/Fomento,Proposta 39146/2011,Municipio De Pocone,"Infra-estrutura turistica Pavimentação e Drenagem ,Calçamento ,Iluminação e Sinalização dos Pontos Turisticos do Pantanal em Poconé-MT",Turismo e Ecoturismo,Economia,Proposta/Plano de Trabalho Enviado para Análise,Não,12850000
5106505,2011,Convênio/Fomento,Proposta 39181/2011,Municipio De Pocone,"Infra-estrutura turistica Pavimentação e Drenagem ,Calçamento ,Iluminação e Sinalização dos Pontos Turisticos do Pantanal em Poconé-MT",Turismo e Ecoturismo,Economia,Proposta/Plano de Trabalho Enviado para Análise,Não,10450000
5102504,2011,Convênio/Fomento,Proposta 79434/2011,Municipio De Caceres,"Programa com ações que potencializem o uso das atividades de cultura, arte e patrimônio cultural do Pantanal de MT, com vistas a fomentar e implementar o turismo cultural e (...)",Turismo e Ecoturismo,Economia,Proposta/Plano de Trabalho Enviado para Análise,Não,745000
5102504,2011,Convênio/Fomento,Proposta 79247/2011,Municipio De Caceres,"Ações de promoção e marketing para a comercialização do produto integrado como diferencial de Cáceres e região do pantanal do Estado de Mato Grosso, incluindo a elaboração de (...)",Turismo e Ecoturismo,Economia,Proposta/Plano de Trabalho Enviado para Análise,Não,662000
5106505,2012,Convênio/Fomento,Proposta 8494/2012,Municipio De Pocone,"Infra-estrutura turística Pavimentação e Drenagem, Calçamento ,Iluminação e Sinalização dos Pontos Turísticos do Pantanal em Poconé – MT",Turismo e Ecoturismo,Economia,Proposta/Plano de Trabalho Enviado para Análise,Não,12850000
5102504,2014,Convênio/Fomento,Proposta 50954/2014,Municipio De Caceres,"Será a realização do I Festival do Peixe do Pantanal de Cáceres, é um evento que será realizado em parceria com Colônia de Pescadores e Aquicultores Z - 02 de Cáceres, que tem por (...)",Turismo — Eventos e Promoção,Economia,Proposta/Plano de Trabalho Rejeitados,Não,200400
5102504,2021,Convênio/Fomento,924992,Fundacao Universidade Do Estado De Mato Grosso,"Apoio ao projeto PELD Pantanal - Dinâmicas do pulso de inundação no sistema ecológico sócio cultural do Rio Paraguai Pantanal, no contexto da Reserva da Biosfera do Pantanal - (...)",CT&I e Educação Superior,Economia,Proposta/Plano de Trabalho Aprovados,Sim,210000
5107800,2009,Convênio/Fomento,Proposta 53556/2009,Instituto Do Itaicy,Implantar ecofossas com biodigestores em 10 comunidades ribeirinhas dos municípios de Santo Antônio de Leverger e Barão de Melgaço no pantanal Norte,Social — Saúde e Saneamento,Transversal/Social,Proposta/Plano de Trabalho Rejeitados,Não,3e+05
