arquivo,cubo,linhas,url,coleta,fonte_original
anatel_ibc.csv,ANATEL_IBC_MUN,564,"https://apiv2-observatorio.sebrae.com.br/tesseract/data.jsonrecords?cube=ANATEL_IBC_MUN&drilldowns=Municipality,Year&measures=IBC,Cobertura+Popula%C3%A7%C3%A3o+4G%2F5G,Densidade+SMP,HHI+SMP,Densidade+SCM,HHI+SCM,Adensamento+Esta%C3%A7%C3%B5es,Fibra,Cobertura+%C3%81rea+Agricult%C3%A1vel&include=State:51&limit=200000",2026-09-30,Agência Nacional de Telecomunicações
cadastur_total.csv,MTUR_CadasTur,1051,"https://apiv2-observatorio.sebrae.com.br/tesseract/data.jsonrecords?cube=MTUR_CadasTur&drilldowns=Municipality,Year&measures=N%C3%BAmero+de+Empresas,Unidades+Habitacionais,Leitos&include=State:51&limit=200000",2026-09-30,Ministério do Turismo
cadastur_tipo.csv,MTUR_CadasTur,3475,"https://apiv2-observatorio.sebrae.com.br/tesseract/data.jsonrecords?cube=MTUR_CadasTur&drilldowns=Municipality,Year,Activity+Type&measures=N%C3%BAmero+de+Empresas&include=State:51&limit=200000",2026-09-30,Ministério do Turismo
mapa_turismo.csv,MTUR_Mapa_Turismo,423,"https://apiv2-observatorio.sebrae.com.br/tesseract/data.jsonrecords?cube=MTUR_Mapa_Turismo&drilldowns=Municipality,Year,MTUR+Turistic+Region,Cluster&measures=Quantidade+de+Empregos,Quantidade+de+Estabelecimentos,Quantidade+Estimada+de+Visitas+Nacionais,Quantidade+Estimada+de+Visitas+Internacionais,Arrecadacao&include=State:51&limit=200000",2026-09-30,Ministério do Turismo
mapa_categoria.csv,MTUR_Mapa_Categorizacao,590,"https://apiv2-observatorio.sebrae.com.br/tesseract/data.jsonrecords?cube=MTUR_Mapa_Categorizacao&drilldowns=Municipality,Category,Index&measures=Value&include=State:51&limit=200000",2026-09-30,Ministério do Turismo
rf_ativas_porte.csv,RF,563,"https://apiv2-observatorio.sebrae.com.br/tesseract/data.jsonrecords?cube=RF&drilldowns=Municipality,Company+Size+Sebrae&measures=Establishments&include=State:51;Registration+Status:2&limit=200000",2026-09-30,Receita Federal
rf_ativas_setor.csv,RF,735,"https://apiv2-observatorio.sebrae.com.br/tesseract/data.jsonrecords?cube=RF&drilldowns=Municipality,Grande+Sector&measures=Establishments&include=State:51;Registration+Status:2&limit=200000",2026-09-30,Receita Federal
rf_aberturas.csv,RF,20164,"https://apiv2-observatorio.sebrae.com.br/tesseract/data.jsonrecords?cube=RF&drilldowns=Municipality,Open+Activity+Year,Company+Size+Sebrae&measures=Establishments&include=State:51&limit=200000",2026-09-30,Receita Federal
,MDA_CAF,0,https://apiv2-observatorio.sebrae.com.br/tesseract/data.jsonrecords?cube=MDA_CAF,2026-09-30,MDA — FALHA: HTTP Error 500: Internal Server Error
pncp_porte.csv,ComprasPublicas_PNCP,148,"https://apiv2-observatorio.sebrae.com.br/tesseract/data.jsonrecords?cube=ComprasPublicas_PNCP&drilldowns=Municipality,Year,Porte+Fornecedor&measures=Valor+Homologado&include=State:51&limit=200000",2026-09-30,Compras Públicas Nacionais
pncp_uf_fornecedor.csv,ComprasPublicas_PNCP,331,"https://apiv2-observatorio.sebrae.com.br/tesseract/data.jsonrecords?cube=ComprasPublicas_PNCP&drilldowns=Municipality,Year,State+Fornecedor&measures=Valor+Homologado&include=State:51&limit=200000",2026-09-30,Compras Públicas Nacionais
bcb_agencias.csv,BCB_AGENCIAS_POSTOS,8319,"https://apiv2-observatorio.sebrae.com.br/tesseract/data.jsonrecords?cube=BCB_AGENCIAS_POSTOS&drilldowns=Municipality,Time&measures=Total+Agencies,Total+Stations&include=State:51&limit=200000",2026-09-30,Banco Central do Brasil
homicidios.csv,MJSP_Sinesp_Homicidios,705,"https://apiv2-observatorio.sebrae.com.br/tesseract/data.jsonrecords?cube=MJSP_Sinesp_Homicidios&drilldowns=Municipality,Year&measures=Homicides&include=State:51&limit=200000",2026-09-30,Ministério da Justiça e Segurança Pública
censo_ocupacao.csv,IBGE_Censo_Pop_Ocup,141,"https://apiv2-observatorio.sebrae.com.br/tesseract/data.jsonrecords?cube=IBGE_Censo_Pop_Ocup&drilldowns=Municipality,Year&measures=Employed,Unemployed,Not+in+Labor+Force&include=State:51&limit=200000",2026-09-30,Instituto Brasileiro de Geografia e Estatística - Censo Demográfico
isdel.csv,ISDEL,5922,"https://apiv2-observatorio.sebrae.com.br/tesseract/data.jsonrecords?cube=ISDEL&drilldowns=Municipality,Year,Dimension&measures=Indice&include=State:51&limit=200000",2026-09-30,Índices Municipais por Dimensão e Subdimensão
