id_municipio,ano_mapa,regiao_turistica,cluster_mtur,categoria_turistica
5100102,2019,Associação De Turismo Da Região Circuito Das Águas - Aturcira,D,
5100201,2019,Sem Região Turística,Uninformed,Município com Oferta Turística Complementar
5100250,2019,Região Turística Amazônia Mato-Grossense,C,Município com Oferta Turística Complementar
5100300,2019,Região Turística Domo De Araguainha,D,
5100359,2019,Sem Região Turística,Uninformed,
5100409,2019,Região Turística Domo De Araguainha,D,
5100508,2019,Sem Região Turística,Uninformed,Município de Apoio ao Turismo
5100607,2019,Região Turística Domo De Araguainha,D,
5100805,2019,Região Turística Amazônia Mato-Grossense,D,Município com Oferta Turística Complementar
5101001,2019,Sem Região Turística,Uninformed,Município com Oferta Turística Complementar
5101209,2019,Sem Região Turística,Uninformed,
5101258,2019,Sem Região Turística,Uninformed,
5101308,2019,Associação De Turismo Da Região Circuito Das Águas - Aturcira,D,
5101407,2019,Região Turística Vale Do Juruena,D,Município com Oferta Turística Complementar
5101605,2019,Região Turística Pantanal Mato-Grossense,C,Município de Apoio ao Turismo
5101704,2019,Região Turística Das Nascentes,D,Município com Oferta Turística Complementar
5101803,2019,Região Turística Portal Do Araguaia,B,Município Turístico
5101852,2019,Sem Região Turística,Uninformed,
5101902,2019,Sem Região Turística,Uninformed,Município com Oferta Turística Complementar
5102504,2019,Região Turística Pantanal Mato-Grossense,B,Município com Oferta Turística Complementar
5102603,2019,Região Turística Portal Do Araguaia,D,
5102637,2019,Região Turística Das Nascentes,C,Município Turístico
5102678,2019,Região Turística Vale Do São Lourenço,C,Município com Oferta Turística Complementar
5102686,2019,Região Turística Das Nascentes,C,Município com Oferta Turística Complementar
5102694,2019,Região Turística Norte Araguaia,D,
5102702,2019,Região Turística Portal Do Araguaia,C,
5102793,2019,Sem Região Turística,Uninformed,Município de Apoio ao Turismo
5102850,2019,Sem Região Turística,Uninformed,
5103007,2019,Associação De Turismo Da Região Circuito Das Águas - Aturcira,B,
5103056,2019,Região Turística Portal Do Agronegócio,D,Município com Oferta Turística Complementar
5103106,2019,Região Turística Portal Do Araguaia,D,Município com Oferta Turística Complementar
5103205,2019,Região Turística Portal Da Amazônia,C,
5103254,2019,Sem Região Turística,Uninformed,
5103304,2019,Sem Região Turística,Uninformed,Município de Apoio ao Turismo
5103353,2019,Região Turística Norte Araguaia,C,
5103361,2019,Sem Região Turística,Uninformed,
5103379,2019,Sem Região Turística,Uninformed,Município de Apoio ao Turismo
5103403,2019,Região Turística Metropolitana,A,
5103437,2019,Sem Região Turística,Uninformed,Município de Apoio ao Turismo
5103452,2019,Associação De Turismo Da Região Circuito Das Águas - Aturcira,D,
5103502,2019,Associação De Turismo Da Região Circuito Das Águas - Aturcira,C,Município com Oferta Turística Complementar
5103601,2019,Sem Região Turística,Uninformed,
5103700,2019,Sem Região Turística,Uninformed,
5103809,2019,Sem Região Turística,Uninformed,
5103858,2019,Sem Região Turística,Uninformed,
5103908,2019,Sem Região Turística,Uninformed,
5103957,2019,Sem Região Turística,Uninformed,
5104104,2019,Região Turística Portal Da Amazônia,C,Município com Oferta Turística Complementar
5104203,2019,Região Turística Domo De Araguainha,D,
5104500,2019,Sem Região Turística,Uninformed,
5104526,2019,Sem Região Turística,Uninformed,
5104542,2019,Sem Região Turística,Uninformed,
5104559,2019,Região Turística Portal Da Amazônia,D,Município com Oferta Turística Complementar
5104609,2019,Região Turística Rota Dos Ipês E Das Águas,D,
5104807,2019,Região Turística Vale Do São Lourenço,C,
5104906,2019,Associação De Turismo Da Região Circuito Das Águas - Aturcira,D,
5105002,2019,Sem Região Turística,Uninformed,
5105101,2019,Sem Região Turística,Uninformed,Município com Oferta Turística Complementar
5105150,2019,Região Turística Vale Do Juruena,C,Município com Oferta Turística Complementar
5105176,2019,Região Turística Vale Do Juruena,D,Município com Oferta Turística Complementar
5105200,2019,Região Turística Vale Do São Lourenço,D,
5105234,2019,Região Turística Vale Do Cabaçal,D,
5105259,2019,Região Turística Portal Do Agronegócio,C,Município Turístico
5105309,2019,Região Turística Norte Araguaia,E,Município com Oferta Turística Complementar
5105507,2019,Região Turística Pantanal Mato-Grossense,D,Município com Oferta Turística Complementar
5105580,2019,Sem Região Turística,Uninformed,Município com Oferta Turística Complementar
5105606,2019,Região Turística Portal Da Amazônia,D,
5105622,2019,Região Turística Vale Do Cabaçal,D,Município Turístico
5105903,2019,Associação De Turismo Da Região Circuito Das Águas - Aturcira,C,Município Turístico
5106000,2019,Associação De Turismo Da Região Circuito Das Águas - Aturcira,D,
5106109,2019,Região Turística Pantanal Mato-Grossense,E,Município com Oferta Turística Complementar
5106158,2019,Região Turística Amazônia Mato-Grossense,C,Município de Apoio ao Turismo
5106174,2019,Sem Região Turística,Uninformed,
5106182,2019,Sem Região Turística,Uninformed,
5106190,2019,Sem Região Turística,Uninformed,Município com Oferta Turística Complementar
5106208,2019,Associação De Turismo Da Região Circuito Das Águas - Aturcira,D,Município de Apoio ao Turismo
5106216,2019,Sem Região Turística,Uninformed,
5106224,2019,Região Turística Portal Do Agronegócio,C,Município Turístico
5106232,2019,Região Turística Das Nascentes,D,
5106240,2019,Região Turística Portal Do Agronegócio,D,
5106257,2019,Região Turística Portal Do Araguaia,D,Município com Oferta Turística Complementar
5106265,2019,Região Turística Portal Da Amazônia,D,Município de Apoio ao Turismo
5106273,2019,Região Turística Portal Do Agronegócio,E,
5106281,2019,Sem Região Turística,Uninformed,Município de Apoio ao Turismo
5106299,2019,Sem Região Turística,Uninformed,
5106307,2019,Região Turística Rota Dos Ipês E Das Águas,D,
5106315,2019,Sem Região Turística,Uninformed,Município de Apoio ao Turismo
5106372,2019,Região Turística Rota Dos Ipês E Das Águas,D,
5106422,2019,Região Turística Portal Da Amazônia,C,
5106455,2019,Sem Região Turística,Uninformed,
5106505,2019,Região Turística Pantanal Mato-Grossense,B,Município Turístico
5106653,2019,Sem Região Turística,Uninformed,
5106703,2019,Região Turística Domo De Araguainha,D,Município com Oferta Turística Complementar
5106752,2019,Sem Região Turística,Uninformed,
5106778,2019,Região Turística Norte Araguaia,D,Município com Oferta Turística Complementar
5106802,2019,Região Turística Portal Do Agronegócio,D,Município com Oferta Turística Complementar
5106828,2019,Região Turística Pantanal Mato-Grossense,D,Município com Oferta Turística Complementar
5106851,2019,Sem Região Turística,Uninformed,
5107008,2019,Região Turística Rota Dos Ipês E Das Águas,D,Município com Oferta Turística Complementar
5107040,2019,Região Turística Rota Dos Ipês E Das Águas,B,Município Turístico
5107065,2019,Região Turística Portal Do Araguaia,C,
5107107,2019,Região Turística Vale Do Cabaçal,D,
5107156,2019,Sem Região Turística,Uninformed,Município de Apoio ao Turismo
5107180,2019,Região Turística Portal Do Araguaia,D,
5107198,2019,Sem Região Turística,Uninformed,
5107206,2019,Região Turística Vale Do Cabaçal,D,
5107248,2019,Região Turística Portal Do Agronegócio,D,Município com Oferta Turística Complementar
5107263,2019,Sem Região Turística,Uninformed,
5107297,2019,Sem Região Turística,Uninformed,
5107305,2019,Associação De Turismo Da Região Circuito Das Águas - Aturcira,D,Município com Oferta Turística Complementar
5107354,2019,Sem Região Turística,Uninformed,
5107404,2019,Região Turística Vale Do São Lourenço,E,
5107578,2019,Sem Região Turística,Uninformed,
5107602,2019,Sem Região Turística,Uninformed,
5107701,2019,Associação De Turismo Da Região Circuito Das Águas - Aturcira,D,
5107743,2019,Sem Região Turística,Uninformed,
5107750,2019,Região Turística Vale Do Cabaçal,D,
5107768,2019,Sem Região Turística,Uninformed,
5107776,2019,Região Turística Norte Araguaia,D,Município de Apoio ao Turismo
5107792,2019,Sem Região Turística,Uninformed,
5107800,2019,Região Turística Pantanal Mato-Grossense,D,
5107859,2019,Região Turística Norte Araguaia,D,Município de Apoio ao Turismo
5107875,2019,Região Turística Das Nascentes,C,Município Turístico
5107883,2019,Sem Região Turística,Uninformed,
5107909,2019,Região Turística Portal Do Agronegócio,B,Município Turístico
5107925,2019,Região Turística Portal Do Agronegócio,B,Município Turístico
5107941,2019,Sem Região Turística,Uninformed,
5107958,2019,Região Turística Das Nascentes,B,
5108006,2019,Região Turística Portal Do Agronegócio,D,
5108055,2019,Região Turística Portal Da Amazônia,D,
5108105,2019,Região Turística Domo De Araguainha,D,Município com Oferta Turística Complementar
5108204,2019,Região Turística Domo De Araguainha,D,
5108303,2019,Sem Região Turística,Uninformed,
5108352,2019,Sem Região Turística,Uninformed,
5108402,2019,Região Turística Metropolitana,B,Município Turístico
5108501,2019,Sem Região Turística,Uninformed,
5108600,2019,Sem Região Turística,Uninformed,Município de Apoio ao Turismo
5108808,2019,Sem Região Turística,Uninformed,
5108857,2019,Associação De Turismo Da Região Circuito Das Águas - Aturcira,D,
5108907,2019,Sem Região Turística,Uninformed,
5108956,2019,Região Turística Amazônia Mato-Grossense,D,
