id_municipio,municipio,grupo_economico,posicao_bioma,slug
5101605,Barão de Melgaço,"Pantaneiro rarefeito, dependente de transferências",Planície pantaneira,barao-de-melgaco
5103437,Curvelândia,Agropecuário de pequeno porte,Planalto / entorno,curvelandia
5102504,Cáceres,Centro pantaneiro de serviços e turismo,Planície pantaneira,caceres
5103957,Glória D'Oeste,Agropecuário de pequeno porte,Planalto / entorno,gloria-d-oeste
5104609,Itiquira,Agroexportador de planalto,Borda / transição,itiquira
5105200,Juscimeira,Agropecuário de pequeno porte,Planalto / entorno,juscimeira
5105234,Lambari D'Oeste,Agropecuário de pequeno porte,Planalto / entorno,lambari-d-oeste
5105622,Mirassol D'Oeste,Polo urbano-terciário de planalto,Planalto / entorno,mirassol-d-oeste
5106109,Nossa Senhora do Livramento,Agropecuário de pequeno porte,Borda / transição,nossa-senhora-do-livramento
5106505,Poconé,Centro pantaneiro de serviços e turismo,Planície pantaneira,pocone
5106828,Porto Esperidião,Agropecuário de pequeno porte,Borda / transição,porto-esperidiao
5107602,Rondonópolis,Polo urbano-terciário de planalto,Planalto / entorno,rondonopolis
5107800,Santo Antônio do Leverger,Agropecuário de pequeno porte,Planície pantaneira,santo-antonio-do-leverger
